entry,name,signature,status,chunk
"63741000","FUN_63741000","undefined FUN_63741000(void)","OK","libfftw3f-3.dll.decompiled.part-0001.c"
"63741010","_CRT_INIT","undefined _CRT_INIT(void)","OK","libfftw3f-3.dll.decompiled.part-0001.c"
"63741200","__DllMainCRTStartup","undefined __DllMainCRTStartup(void)","OK","libfftw3f-3.dll.decompiled.part-0001.c"
"63741330","DllMainCRTStartup","undefined DllMainCRTStartup(void)","OK","libfftw3f-3.dll.decompiled.part-0001.c"
"63741380","atexit","int __cdecl atexit(_func_5014 * param_1)","OK","libfftw3f-3.dll.decompiled.part-0001.c"
"63741390","__gcc_register_frame","undefined __gcc_register_frame(void)","OK","libfftw3f-3.dll.decompiled.part-0001.c"
"637413a0","__gcc_deregister_frame","undefined __gcc_deregister_frame(void)","OK","libfftw3f-3.dll.decompiled.part-0001.c"
"637413b0","fftwf_ialignment_of","undefined fftwf_ialignment_of(void)","OK","libfftw3f-3.dll.decompiled.part-0001.c"
"637413c0","fftwf_malloc_plain","undefined fftwf_malloc_plain(void)","OK","libfftw3f-3.dll.decompiled.part-0001.c"
"63741410","fftwf_ifree","undefined fftwf_ifree(void)","OK","libfftw3f-3.dll.decompiled.part-0001.c"
"63741420","fftwf_ifree0","undefined fftwf_ifree0(void)","OK","libfftw3f-3.dll.decompiled.part-0001.c"
"63741440","fftwf_assertion_failed","undefined fftwf_assertion_failed(void)","OK","libfftw3f-3.dll.decompiled.part-0001.c"
"63741490","fftwf_null_awake","undefined fftwf_null_awake(void)","OK","libfftw3f-3.dll.decompiled.part-0001.c"
"637414a0","fftwf_nbuf","undefined fftwf_nbuf(void)","OK","libfftw3f-3.dll.decompiled.part-0001.c"
"63741550","fftwf_bufdist","undefined fftwf_bufdist(void)","OK","libfftw3f-3.dll.decompiled.part-0001.c"
"63741580","fftwf_toobig","undefined fftwf_toobig(void)","OK","libfftw3f-3.dll.decompiled.part-0001.c"
"63741590","fftwf_nbuf_redundant","undefined fftwf_nbuf_redundant(void)","OK","libfftw3f-3.dll.decompiled.part-0001.c"
"63741710","fftwf_cpy1d","undefined fftwf_cpy1d(void)","OK","libfftw3f-3.dll.decompiled.part-0001.c"
"63741ae0","fftwf_cpy2d_pair","undefined fftwf_cpy2d_pair(void)","OK","libfftw3f-3.dll.decompiled.part-0001.c"
"63741bb0","fftwf_zero1d_pair","undefined fftwf_zero1d_pair(void)","OK","libfftw3f-3.dll.decompiled.part-0001.c"
"63741be0","fftwf_cpy2d_pair_ci","undefined fftwf_cpy2d_pair_ci(void)","OK","libfftw3f-3.dll.decompiled.part-0001.c"
"63741d70","fftwf_cpy2d_pair_co","undefined fftwf_cpy2d_pair_co(void)","OK","libfftw3f-3.dll.decompiled.part-0001.c"
"63741f00","dotile","undefined dotile(void)","OK","libfftw3f-3.dll.decompiled.part-0001.c"
"637424f0","fftwf_cpy2d","undefined fftwf_cpy2d(void)","OK","libfftw3f-3.dll.decompiled.part-0001.c"
"63742a90","dotile_buf","undefined dotile_buf(void)","OK","libfftw3f-3.dll.decompiled.part-0001.c"
"63742c10","fftwf_cpy2d_ci","undefined fftwf_cpy2d_ci(void)","OK","libfftw3f-3.dll.decompiled.part-0001.c"
"63742c70","fftwf_cpy2d_co","undefined fftwf_cpy2d_co(void)","OK","libfftw3f-3.dll.decompiled.part-0001.c"
"63742cd0","fftwf_cpy2d_tiled","undefined fftwf_cpy2d_tiled(void)","OK","libfftw3f-3.dll.decompiled.part-0001.c"
"63742d80","fftwf_cpy2d_tiledbuf","undefined fftwf_cpy2d_tiledbuf(void)","OK","libfftw3f-3.dll.decompiled.part-0001.c"
"63742e40","fftwf_ct_uglyp","undefined fftwf_ct_uglyp(void)","OK","libfftw3f-3.dll.decompiled.part-0001.c"
"63742e80",".text","undefined .text(void)","OK","libfftw3f-3.dll.decompiled.part-0001.c"
"63742ea0","fftwf_hash","undefined fftwf_hash(void)","OK","libfftw3f-3.dll.decompiled.part-0001.c"
"63742ec0","fftwf_iabs","undefined fftwf_iabs(void)","OK","libfftw3f-3.dll.decompiled.part-0001.c"
"63742ee0","fftwf_kernel_malloc","undefined fftwf_kernel_malloc(void)","OK","libfftw3f-3.dll.decompiled.part-0001.c"
"63742f20","fftwf_kernel_free","undefined fftwf_kernel_free(void)","OK","libfftw3f-3.dll.decompiled.part-0001.c"
"63742f40","fftwf_md5putb","undefined fftwf_md5putb(void)","OK","libfftw3f-3.dll.decompiled.part-0001.c"
"63742f80","fftwf_md5puts","undefined fftwf_md5puts(void)","OK","libfftw3f-3.dll.decompiled.part-0001.c"
"63742fb0","fftwf_md5int","undefined fftwf_md5int(void)","OK","libfftw3f-3.dll.decompiled.part-0001.c"
"63743000","fftwf_md5INT","undefined fftwf_md5INT(void)","OK","libfftw3f-3.dll.decompiled.part-0001.c"
"63743040","fftwf_md5unsigned","undefined fftwf_md5unsigned(void)","OK","libfftw3f-3.dll.decompiled.part-0001.c"
"63743090","doblock","undefined doblock(void)","OK","libfftw3f-3.dll.decompiled.part-0001.c"
"637431b0","fftwf_md5begin","undefined fftwf_md5begin(void)","OK","libfftw3f-3.dll.decompiled.part-0001.c"
"637431e0","fftwf_md5putc","undefined fftwf_md5putc(void)","OK","libfftw3f-3.dll.decompiled.part-0001.c"
"63743320","fftwf_md5end","undefined fftwf_md5end(void)","OK","libfftw3f-3.dll.decompiled.part-0001.c"
"63743610","fftwf_imax","undefined fftwf_imax(void)","OK","libfftw3f-3.dll.decompiled.part-0001.c"
"63743620","fftwf_imin","undefined fftwf_imin(void)","OK","libfftw3f-3.dll.decompiled.part-0001.c"
"63743630","fftwf_ops_zero","undefined fftwf_ops_zero(void)","OK","libfftw3f-3.dll.decompiled.part-0001.c"
"63743650","fftwf_ops_cpy","undefined fftwf_ops_cpy(void)","OK","libfftw3f-3.dll.decompiled.part-0001.c"
"63743670","fftwf_ops_other","undefined fftwf_ops_other(void)","OK","libfftw3f-3.dll.decompiled.part-0001.c"
"637436a0","fftwf_ops_madd","undefined fftwf_ops_madd(void)","OK","libfftw3f-3.dll.decompiled.part-0001.c"
"63743700","fftwf_ops_add","undefined fftwf_ops_add(void)","OK","libfftw3f-3.dll.decompiled.part-0001.c"
"63743740","fftwf_ops_add2","undefined fftwf_ops_add2(void)","OK","libfftw3f-3.dll.decompiled.part-0001.c"
"63743780","fftwf_ops_madd2","undefined fftwf_ops_madd2(void)","OK","libfftw3f-3.dll.decompiled.part-0001.c"
"637437e0","fftwf_pickdim","undefined fftwf_pickdim(void)","OK","libfftw3f-3.dll.decompiled.part-0001.c"
"63743ac0","fftwf_mkplan","undefined fftwf_mkplan(void)","OK","libfftw3f-3.dll.decompiled.part-0001.c"
"63743b00","fftwf_plan_destroy_internal","undefined fftwf_plan_destroy_internal(void)","OK","libfftw3f-3.dll.decompiled.part-0001.c"
"63743b30","fftwf_plan_null_destroy","undefined fftwf_plan_null_destroy(void)","OK","libfftw3f-3.dll.decompiled.part-0001.c"
"63743b40","fftwf_plan_awake","undefined fftwf_plan_awake(void)","OK","libfftw3f-3.dll.decompiled.part-0001.c"
"63743b60","register_solver","undefined register_solver(void)","OK","libfftw3f-3.dll.decompiled.part-0001.c"
"63743c40","htab_lookup","undefined htab_lookup(void)","OK","libfftw3f-3.dll.decompiled.part-0001.c"
"63743dc0","hgrow","undefined hgrow(void)","OK","libfftw3f-3.dll.decompiled.part-0001.c"
"63743fa0","htab_insert","undefined htab_insert(void)","OK","libfftw3f-3.dll.decompiled.part-0001.c"
"637442d0","imprt","undefined imprt(void)","OK","libfftw3f-3.dll.decompiled.part-0001.c"
"637447d0","forget","undefined forget(void)","OK","libfftw3f-3.dll.decompiled.part-0001.c"
"637448a0","exprt","undefined exprt(void)","OK","libfftw3f-3.dll.decompiled.part-0001.c"
"63744a10","search0.isra.13","undefined search0.isra.13(void)","OK","libfftw3f-3.dll.decompiled.part-0001.c"
"63744ed0","mkplan","undefined mkplan(void)","OK","libfftw3f-3.dll.decompiled.part-0001.c"
"63745450","fftwf_iestimate_cost","undefined fftwf_iestimate_cost(void)","OK","libfftw3f-3.dll.decompiled.part-0001.c"
"63745490","fftwf_mkplanner","undefined fftwf_mkplanner(void)","OK","libfftw3f-3.dll.decompiled.part-0001.c"
"63745600","fftwf_planner_destroy","undefined fftwf_planner_destroy(void)","OK","libfftw3f-3.dll.decompiled.part-0001.c"
"63745680","fftwf_mkplan_d","undefined fftwf_mkplan_d(void)","OK","libfftw3f-3.dll.decompiled.part-0001.c"
"637456b0","fftwf_mkplan_f_d","undefined fftwf_mkplan_f_d(void)","OK","libfftw3f-3.dll.decompiled.part-0001.c"
"63745750","fftwf_safe_mulmod","undefined fftwf_safe_mulmod(void)","OK","libfftw3f-3.dll.decompiled.part-0001.c"
"637457c0","fftwf_power_mod","undefined fftwf_power_mod(void)","OK","libfftw3f-3.dll.decompiled.part-0001.c"
"63745930","fftwf_find_generator","undefined fftwf_find_generator(void)","OK","libfftw3f-3.dll.decompiled.part-0001.c"
"63745bd0","fftwf_first_divisor","undefined fftwf_first_divisor(void)","OK","libfftw3f-3.dll.decompiled.part-0001.c"
"63745c50","fftwf_is_prime","undefined fftwf_is_prime(void)","OK","libfftw3f-3.dll.decompiled.part-0001.c"
"63745cd0","fftwf_next_prime","undefined fftwf_next_prime(void)","OK","libfftw3f-3.dll.decompiled.part-0001.c"
"63745d50","fftwf_factors_into","undefined fftwf_factors_into(void)","OK","libfftw3f-3.dll.decompiled.part-0001.c"
"63745da0","fftwf_isqrt","undefined fftwf_isqrt(void)","OK","libfftw3f-3.dll.decompiled.part-0001.c"
"63745de0","fftwf_choose_radix","undefined fftwf_choose_radix(void)","OK","libfftw3f-3.dll.decompiled.part-0001.c"
"63745ed0","fftwf_modulo","undefined fftwf_modulo(void)","OK","libfftw3f-3.dll.decompiled.part-0001.c"
"63745f00","fftwf_factors_into_small_primes","undefined fftwf_factors_into_small_primes(void)","OK","libfftw3f-3.dll.decompiled.part-0001.c"
"63745f50","vprint","undefined vprint(void)","OK","libfftw3f-3.dll.decompiled.part-0001.c"
"63746410","print","undefined print(void)","OK","libfftw3f-3.dll.decompiled.part-0001.c"
"63746440","fftwf_mkprinter","undefined fftwf_mkprinter(void)","OK","libfftw3f-3.dll.decompiled.part-0001.c"
"63746490","fftwf_printer_destroy","undefined fftwf_printer_destroy(void)","OK","libfftw3f-3.dll.decompiled.part-0001.c"
"637464b0","unsolvable_destroy","undefined unsolvable_destroy(void)","OK","libfftw3f-3.dll.decompiled.part-0001.c"
"637464c0","unsolvable_print","undefined unsolvable_print(void)","OK","libfftw3f-3.dll.decompiled.part-0001.c"
"637464d0","unsolvable_hash","undefined unsolvable_hash(void)","OK","libfftw3f-3.dll.decompiled.part-0001.c"
"637464e0","unsolvable_zero","undefined unsolvable_zero(void)","OK","libfftw3f-3.dll.decompiled.part-0001.c"
"637464f0","fftwf_mkproblem","undefined fftwf_mkproblem(void)","OK","libfftw3f-3.dll.decompiled.part-0001.c"
"63746510","fftwf_problem_destroy","undefined fftwf_problem_destroy(void)","OK","libfftw3f-3.dll.decompiled.part-0001.c"
"63746530","fftwf_mkproblem_unsolvable","undefined fftwf_mkproblem_unsolvable(void)","OK","libfftw3f-3.dll.decompiled.part-0001.c"
"63746540","fftwf_rader_tl_insert","undefined fftwf_rader_tl_insert(void)","OK","libfftw3f-3.dll.decompiled.part-0001.c"
"63746590","fftwf_rader_tl_find","undefined fftwf_rader_tl_find(void)","OK","libfftw3f-3.dll.decompiled.part-0001.c"
"637465d0","fftwf_rader_tl_delete","undefined fftwf_rader_tl_delete(void)","OK","libfftw3f-3.dll.decompiled.part-0001.c"
"63746640","getlong","undefined getlong(void)","OK","libfftw3f-3.dll.decompiled.part-0001.c"
"63746730","vscan","undefined vscan(void)","OK","libfftw3f-3.dll.decompiled.part-0001.c"
"637468e0","scan","undefined scan(void)","OK","libfftw3f-3.dll.decompiled.part-0001.c"
"63746910","fftwf_mkscanner","undefined fftwf_mkscanner(void)","OK","libfftw3f-3.dll.decompiled.part-0001.c"
"63746950","fftwf_scanner_destroy","undefined fftwf_scanner_destroy(void)","OK","libfftw3f-3.dll.decompiled.part-0001.c"
"63746960","fftwf_mksolver","undefined fftwf_mksolver(void)","OK","libfftw3f-3.dll.decompiled.part-0001.c"
"63746980","fftwf_solver_use","undefined fftwf_solver_use(void)","OK","libfftw3f-3.dll.decompiled.part-0001.c"
"63746990","fftwf_solver_destroy","undefined fftwf_solver_destroy(void)","OK","libfftw3f-3.dll.decompiled.part-0001.c"
"637469d0","fftwf_solver_register","undefined fftwf_solver_register(void)","OK","libfftw3f-3.dll.decompiled.part-0001.c"
"637469e0","fftwf_solvtab_exec","undefined fftwf_solvtab_exec(void)","OK","libfftw3f-3.dll.decompiled.part-0001.c"
"63746a30","fftwf_mkstride","undefined fftwf_mkstride(void)","OK","libfftw3f-3.dll.decompiled.part-0001.c"
"63746b10","fftwf_stride_destroy","undefined fftwf_stride_destroy(void)","OK","libfftw3f-3.dll.decompiled.part-0001.c"
"63746b20","fftwf_mktensor","undefined fftwf_mktensor(void)","OK","libfftw3f-3.dll.decompiled.part-0001.c"
"63746b70","fftwf_tensor_destroy","undefined fftwf_tensor_destroy(void)","OK","libfftw3f-3.dll.decompiled.part-0001.c"
"63746b80","fftwf_tensor_sz","undefined fftwf_tensor_sz(void)","OK","libfftw3f-3.dll.decompiled.part-0001.c"
"63746cc0","fftwf_tensor_md5","undefined fftwf_tensor_md5(void)","OK","libfftw3f-3.dll.decompiled.part-0001.c"
"63746d30","fftwf_tensor_tornk1","undefined fftwf_tensor_tornk1(void)","OK","libfftw3f-3.dll.decompiled.part-0001.c"
"63746d70","fftwf_tensor_print","undefined fftwf_tensor_print(void)","OK","libfftw3f-3.dll.decompiled.part-0001.c"
"63746e20","fftwf_mktensor_0d","undefined fftwf_mktensor_0d(void)","OK","libfftw3f-3.dll.decompiled.part-0001.c"
"63746e30","fftwf_mktensor_1d","undefined fftwf_mktensor_1d(void)","OK","libfftw3f-3.dll.decompiled.part-0001.c"
"63746e60","fftwf_mktensor_2d","undefined fftwf_mktensor_2d(void)","OK","libfftw3f-3.dll.decompiled.part-0001.c"
"63746eb0","fftwf_mktensor_3d","undefined fftwf_mktensor_3d(void)","OK","libfftw3f-3.dll.decompiled.part-0001.c"
"63746f20","fftwf_mktensor_4d","undefined fftwf_mktensor_4d(void)","OK","libfftw3f-3.dll.decompiled.part-0001.c"
"63746fc0","fftwf_mktensor_5d","undefined fftwf_mktensor_5d(void)","OK","libfftw3f-3.dll.decompiled.part-0001.c"
"63747080","fftwf_tensor_max_index","undefined fftwf_tensor_max_index(void)","OK","libfftw3f-3.dll.decompiled.part-0001.c"
"63747100","fftwf_tensor_min_istride","undefined fftwf_tensor_min_istride(void)","OK","libfftw3f-3.dll.decompiled.part-0001.c"
"63747170","fftwf_tensor_min_ostride","undefined fftwf_tensor_min_ostride(void)","OK","libfftw3f-3.dll.decompiled.part-0001.c"
"637471e0","fftwf_tensor_min_stride","undefined fftwf_tensor_min_stride(void)","OK","libfftw3f-3.dll.decompiled.part-0001.c"
"637472a0","fftwf_tensor_inplace_strides","undefined fftwf_tensor_inplace_strides(void)","OK","libfftw3f-3.dll.decompiled.part-0001.c"
"637472f0","fftwf_tensor_inplace_strides2","undefined fftwf_tensor_inplace_strides2(void)","OK","libfftw3f-3.dll.decompiled.part-0001.c"
"63747370","fftwf_tensor_strides_decrease","undefined fftwf_tensor_strides_decrease(void)","OK","libfftw3f-3.dll.decompiled.part-0001.c"
"63747440","fftwf_tensor_copy","undefined fftwf_tensor_copy(void)","OK","libfftw3f-3.dll.decompiled.part-0001.c"
"637474a0","fftwf_tensor_copy_inplace","undefined fftwf_tensor_copy_inplace(void)","OK","libfftw3f-3.dll.decompiled.part-0001.c"
"63747560","fftwf_tensor_copy_except","undefined fftwf_tensor_copy_except(void)","OK","libfftw3f-3.dll.decompiled.part-0001.c"
"63747620","fftwf_tensor_copy_sub","undefined fftwf_tensor_copy_sub(void)","OK","libfftw3f-3.dll.decompiled.part-0001.c"
"63747690","fftwf_tensor_append","undefined fftwf_tensor_append(void)","OK","libfftw3f-3.dll.decompiled.part-0001.c"
"63747760","compare_by_istride","undefined compare_by_istride(void)","OK","libfftw3f-3.dll.decompiled.part-0001.c"
"637477a0","fftwf_dimcmp","undefined fftwf_dimcmp(void)","OK","libfftw3f-3.dll.decompiled.part-0001.c"
"63747880","fftwf_tensor_compress_contiguous.part.1","undefined fftwf_tensor_compress_contiguous.part.1(void)","OK","libfftw3f-3.dll.decompiled.part-0001.c"
"63747ab0","fftwf_tensor_compress","undefined fftwf_tensor_compress(void)","OK","libfftw3f-3.dll.decompiled.part-0001.c"
"63747b70","fftwf_tensor_compress_contiguous","undefined fftwf_tensor_compress_contiguous(void)","OK","libfftw3f-3.dll.decompiled.part-0001.c"
"63747ba0","fftwf_tensor_split","undefined fftwf_tensor_split(void)","OK","libfftw3f-3.dll.decompiled.part-0001.c"
"63747be0","fftwf_tensor_equal","undefined fftwf_tensor_equal(void)","OK","libfftw3f-3.dll.decompiled.part-0001.c"
"63747c70","fftwf_tensor_inplace_locations","undefined fftwf_tensor_inplace_locations(void)","OK","libfftw3f-3.dll.decompiled.part-0001.c"
"63747dc0","fftwf_tensor_destroy2","undefined fftwf_tensor_destroy2(void)","OK","libfftw3f-3.dll.decompiled.part-0001.c"
"63747de0","fftwf_tensor_destroy4","undefined fftwf_tensor_destroy4(void)","OK","libfftw3f-3.dll.decompiled.part-0001.c"
"63747e20","fftwf_tensor_kosherp","undefined fftwf_tensor_kosherp(void)","OK","libfftw3f-3.dll.decompiled.part-0001.c"
"63747e70","fftwf_tile2d","undefined fftwf_tile2d(void)","OK","libfftw3f-3.dll.decompiled.part-0001.c"
"63747f60","fftwf_compute_tilesz","undefined fftwf_compute_tilesz(void)","OK","libfftw3f-3.dll.decompiled.part-0001.c"
"63747f80","fftwf_get_crude_time","undefined fftwf_get_crude_time(void)","OK","libfftw3f-3.dll.decompiled.part-0001.c"
"63747fa0","fftwf_elapsed_since","undefined fftwf_elapsed_since(void)","OK","libfftw3f-3.dll.decompiled.part-0001.c"
"63748010","fftwf_measure_execution_time","undefined fftwf_measure_execution_time(void)","OK","libfftw3f-3.dll.decompiled.part-0001.c"
"63748250","dotile","undefined dotile(void)","OK","libfftw3f-3.dll.decompiled.part-0001.c"
"637488d0","transpose_rec","undefined transpose_rec(void)","OK","libfftw3f-3.dll.decompiled.part-0001.c"
"63748950","dotile_buf","undefined dotile_buf(void)","OK","libfftw3f-3.dll.decompiled.part-0001.c"
"63748ac0","fftwf_transpose","undefined fftwf_transpose(void)","OK","libfftw3f-3.dll.decompiled.part-0001.c"
"63748fd0","fftwf_transpose_tiled","undefined fftwf_transpose_tiled(void)","OK","libfftw3f-3.dll.decompiled.part-0001.c"
"637490a0","fftwf_transpose_tiledbuf","undefined fftwf_transpose_tiledbuf(void)","OK","libfftw3f-3.dll.decompiled.part-0001.c"
"63749180","cexpl_sqrtn_table","undefined cexpl_sqrtn_table(void)","OK","libfftw3f-3.dll.decompiled.part-0001.c"
"63749200","rotate_sqrtn_table","undefined rotate_sqrtn_table(void)","OK","libfftw3f-3.dll.decompiled.part-0001.c"
"637492c0","cexp_zero","undefined cexp_zero(void)","OK","libfftw3f-3.dll.decompiled.part-0001.c"
"637492d0","cexpl_zero","undefined cexpl_zero(void)","OK","libfftw3f-3.dll.decompiled.part-0001.c"
"637492e0","cexp_generic","undefined cexp_generic(void)","OK","libfftw3f-3.dll.decompiled.part-0001.c"
"63749310","rotate_generic","undefined rotate_generic(void)","OK","libfftw3f-3.dll.decompiled.part-0001.c"
"63749390","real_cexp","undefined real_cexp(void)","OK","libfftw3f-3.dll.decompiled.part-0001.c"
"637494c0","cexpl_sincos","undefined cexpl_sincos(void)","OK","libfftw3f-3.dll.decompiled.part-0001.c"
"63749600","fftwf_mktriggen","undefined fftwf_mktriggen(void)","OK","libfftw3f-3.dll.decompiled.part-0001.c"
"63749800","fftwf_triggen_destroy","undefined fftwf_triggen_destroy(void)","OK","libfftw3f-3.dll.decompiled.part-0001.c"
"63749830","fftwf_twiddle_length","undefined fftwf_twiddle_length(void)","OK","libfftw3f-3.dll.decompiled.part-0001.c"
"637498a0","fftwf_twiddle_awake","undefined fftwf_twiddle_awake(void)","OK","libfftw3f-3.dll.decompiled.part-0001.c"
"63749e10","print","undefined print(void)","OK","libfftw3f-3.dll.decompiled.part-0001.c"
"63749e40","destroy","undefined destroy(void)","OK","libfftw3f-3.dll.decompiled.part-0001.c"
"63749e50","apply","undefined apply(void)","OK","libfftw3f-3.dll.decompiled.part-0001.c"
"6374a7c0","mkplan","undefined mkplan(void)","OK","libfftw3f-3.dll.decompiled.part-0001.c"
"6374a990","awake","undefined awake(void)","OK","libfftw3f-3.dll.decompiled.part-0001.c"
"6374ada0","fftwf_dft_bluestein_register","undefined fftwf_dft_bluestein_register(void)","OK","libfftw3f-3.dll.decompiled.part-0001.c"
"6374add0","print","undefined print(void)","OK","libfftw3f-3.dll.decompiled.part-0001.c"
"6374ae30","apply","undefined apply(void)","OK","libfftw3f-3.dll.decompiled.part-0001.c"
"6374af70","destroy","undefined destroy(void)","OK","libfftw3f-3.dll.decompiled.part-0001.c"
"6374afa0","awake","undefined awake(void)","OK","libfftw3f-3.dll.decompiled.part-0001.c"
"6374afd0","mkplan","undefined mkplan(void)","OK","libfftw3f-3.dll.decompiled.part-0001.c"
"6374b4f0","fftwf_dft_buffered_register","undefined fftwf_dft_buffered_register(void)","OK","libfftw3f-3.dll.decompiled.part-0001.c"
"6374b550","fftwf_dft_conf_standard","undefined fftwf_dft_conf_standard(void)","OK","libfftw3f-3.dll.decompiled.part-0001.c"
"6374b5c0","apply_dit","undefined apply_dit(void)","OK","libfftw3f-3.dll.decompiled.part-0001.c"
"6374b600","apply_dif","undefined apply_dif(void)","OK","libfftw3f-3.dll.decompiled.part-0001.c"
"6374b650","print","undefined print(void)","OK","libfftw3f-3.dll.decompiled.part-0001.c"
"6374b6a0","destroy","undefined destroy(void)","OK","libfftw3f-3.dll.decompiled.part-0001.c"
"6374b6c0","awake","undefined awake(void)","OK","libfftw3f-3.dll.decompiled.part-0001.c"
"6374b6f0","fftwf_ct_applicable","undefined fftwf_ct_applicable(void)","OK","libfftw3f-3.dll.decompiled.part-0001.c"
"6374b7a0","mkplan","undefined mkplan(void)","OK","libfftw3f-3.dll.decompiled.part-0001.c"
"6374bb80","fftwf_mksolver_ct","undefined fftwf_mksolver_ct(void)","OK","libfftw3f-3.dll.decompiled.part-0001.c"
"6374bbc0","fftwf_mkplan_dftw","undefined fftwf_mkplan_dftw(void)","OK","libfftw3f-3.dll.decompiled.part-0001.c"
"6374bbe0","apply","undefined apply(void)","OK","libfftw3f-3.dll.decompiled.part-0001.c"
"6374bc70","apply_extra_iter","undefined apply_extra_iter(void)","OK","libfftw3f-3.dll.decompiled.part-0001.c"
"6374bd70","destroy","undefined destroy(void)","OK","libfftw3f-3.dll.decompiled.part-0001.c"
"6374bda0","print","undefined print(void)","OK","libfftw3f-3.dll.decompiled.part-0001.c"
"6374be40","awake","undefined awake(void)","OK","libfftw3f-3.dll.decompiled.part-0001.c"
"6374be90","mkcldw","undefined mkcldw(void)","OK","libfftw3f-3.dll.decompiled.part-0001.c"
"6374c3c0","apply_buf","undefined apply_buf(void)","OK","libfftw3f-3.dll.decompiled.part-0001.c"
"6374c710","fftwf_regsolver_ct_directw","undefined fftwf_regsolver_ct_directw(void)","OK","libfftw3f-3.dll.decompiled.part-0001.c"
"6374c840","apply","undefined apply(void)","OK","libfftw3f-3.dll.decompiled.part-0001.c"
"6374c8a0","mkcldw","undefined mkcldw(void)","OK","libfftw3f-3.dll.decompiled.part-0001.c"
"6374ca40","destroy","undefined destroy(void)","OK","libfftw3f-3.dll.decompiled.part-0001.c"
"6374ca60","print","undefined print(void)","OK","libfftw3f-3.dll.decompiled.part-0001.c"
"6374cac0","awake","undefined awake(void)","OK","libfftw3f-3.dll.decompiled.part-0001.c"
"6374cb10","fftwf_regsolver_ct_directwsq","undefined fftwf_regsolver_ct_directwsq(void)","OK","libfftw3f-3.dll.decompiled.part-0001.c"
"6374cbb0","apply_dif","undefined apply_dif(void)","OK","libfftw3f-3.dll.decompiled.part-0001.c"
"6374d200","print","undefined print(void)","OK","libfftw3f-3.dll.decompiled.part-0001.c"
"6374d260","destroy","undefined destroy(void)","OK","libfftw3f-3.dll.decompiled.part-0001.c"
"6374d270","mkcldw","undefined mkcldw(void)","OK","libfftw3f-3.dll.decompiled.part-0001.c"
"6374d480","awake","undefined awake(void)","OK","libfftw3f-3.dll.decompiled.part-0001.c"
"6374d4d0","apply_dit","undefined apply_dit(void)","OK","libfftw3f-3.dll.decompiled.part-0001.c"
"6374db50","fftwf_ct_generic_register","undefined fftwf_ct_generic_register(void)","OK","libfftw3f-3.dll.decompiled.part-0001.c"
"6374dc30","print","undefined print(void)","OK","libfftw3f-3.dll.decompiled.part-0001.c"
"6374dc70","destroy","undefined destroy(void)","OK","libfftw3f-3.dll.decompiled.part-0001.c"
"6374dc80","mkcldw","undefined mkcldw(void)","OK","libfftw3f-3.dll.decompiled.part-0001.c"
"6374de90","apply","undefined apply(void)","OK","libfftw3f-3.dll.decompiled.part-0001.c"
"6374e120","awake","undefined awake(void)","OK","libfftw3f-3.dll.decompiled.part-0001.c"
"6374e190","fftwf_ct_genericbuf_register","undefined fftwf_ct_genericbuf_register(void)","OK","libfftw3f-3.dll.decompiled.part-0001.c"
"6374e260","apply","undefined apply(void)","OK","libfftw3f-3.dll.decompiled.part-0001.c"
"6374e2b0","apply_extra_iter","undefined apply_extra_iter(void)","OK","libfftw3f-3.dll.decompiled.part-0001.c"
"6374e380","print","undefined print(void)","OK","libfftw3f-3.dll.decompiled.part-0001.c"
"6374e3f0","destroy","undefined destroy(void)","OK","libfftw3f-3.dll.decompiled.part-0001.c"
"6374e420","mkplan","undefined mkplan(void)","OK","libfftw3f-3.dll.decompiled.part-0001.c"
"6374e8b0","apply_buf","undefined apply_buf(void)","OK","libfftw3f-3.dll.decompiled.part-0001.c"
"6374ec00","fftwf_mksolver_dft_direct","undefined fftwf_mksolver_dft_direct(void)","OK","libfftw3f-3.dll.decompiled.part-0001.c"
"6374ec40","fftwf_mksolver_dft_directbuf","undefined fftwf_mksolver_dft_directbuf(void)","OK","libfftw3f-3.dll.decompiled.part-0001.c"
"6374ec80","print","undefined print(void)","OK","libfftw3f-3.dll.decompiled.part-0001.c"
"6374eca0","apply","undefined apply(void)","OK","libfftw3f-3.dll.decompiled.part-0001.c"
"6374f1b0","awake","undefined awake(void)","OK","libfftw3f-3.dll.decompiled.part-0001.c"
"6374f1f0","mkplan","undefined mkplan(void)","OK","libfftw3f-3.dll.decompiled.part-0001.c"
"6374f2d0","fftwf_dft_generic_register","undefined fftwf_dft_generic_register(void)","OK","libfftw3f-3.dll.decompiled.part-0001.c"
"6374f300","apply_before","undefined apply_before(void)","OK","libfftw3f-3.dll.decompiled.part-0001.c"
"6374f350","apply_after","undefined apply_after(void)","OK","libfftw3f-3.dll.decompiled.part-0001.c"
"6374f3b0","print","undefined print(void)","OK","libfftw3f-3.dll.decompiled.part-0001.c"
"6374f3f0","destroy","undefined destroy(void)","OK","libfftw3f-3.dll.decompiled.part-0001.c"
"6374f410","mkplan","undefined mkplan(void)","OK","libfftw3f-3.dll.decompiled.part-0001.c"
"6374f630","awake","undefined awake(void)","OK","libfftw3f-3.dll.decompiled.part-0001.c"
"6374f660","mkcld_after","undefined mkcld_after(void)","OK","libfftw3f-3.dll.decompiled.part-0001.c"
"6374f6b0","mkcld_before","undefined mkcld_before(void)","OK","libfftw3f-3.dll.decompiled.part-0001.c"
"6374f710","fftwf_dft_indirect_register","undefined fftwf_dft_indirect_register(void)","OK","libfftw3f-3.dll.decompiled.part-0001.c"
"6374f770","apply_op","undefined apply_op(void)","OK","libfftw3f-3.dll.decompiled.part-0001.c"
"6374f870","print","undefined print(void)","OK","libfftw3f-3.dll.decompiled.part-0001.c"
"6374f8b0","destroy","undefined destroy(void)","OK","libfftw3f-3.dll.decompiled.part-0001.c"
"6374f8e0","awake","undefined awake(void)","OK","libfftw3f-3.dll.decompiled.part-0001.c"
"6374f910","mkplan","undefined mkplan(void)","OK","libfftw3f-3.dll.decompiled.part-0001.c"
"6374fe50","fftwf_dft_indirect_transpose_register","undefined fftwf_dft_indirect_transpose_register(void)","OK","libfftw3f-3.dll.decompiled.part-0001.c"
"6374fe80","fftwf_kdft_dif_register","undefined fftwf_kdft_dif_register(void)","OK","libfftw3f-3.dll.decompiled.part-0001.c"
"6374fe90","fftwf_kdft_difsq_register","undefined fftwf_kdft_difsq_register(void)","OK","libfftw3f-3.dll.decompiled.part-0001.c"
"6374fea0","fftwf_kdft_dit_register","undefined fftwf_kdft_dit_register(void)","OK","libfftw3f-3.dll.decompiled.part-0001.c"
"6374feb0","fftwf_kdft_register","undefined fftwf_kdft_register(void)","OK","libfftw3f-3.dll.decompiled.part-0001.c"
"6374ff00","apply","undefined apply(void)","OK","libfftw3f-3.dll.decompiled.part-0001.c"
"6374ff10","print","undefined print(void)","OK","libfftw3f-3.dll.decompiled.part-0001.c"
"6374ff20","mkplan","undefined mkplan(void)","OK","libfftw3f-3.dll.decompiled.part-0001.c"
"6374ff90","fftwf_dft_nop_register","undefined fftwf_dft_nop_register(void)","OK","libfftw3f-3.dll.decompiled.part-0001.c"
"6374ffc0","fftwf_mkplan_dft","undefined fftwf_mkplan_dft(void)","OK","libfftw3f-3.dll.decompiled.part-0001.c"
"6374ffe0","destroy","undefined destroy(void)","OK","libfftw3f-3.dll.decompiled.part-0001.c"
"63750010","print","undefined print(void)","OK","libfftw3f-3.dll.decompiled.part-0001.c"
"637500b0","zero","undefined zero(void)","OK","libfftw3f-3.dll.decompiled.part-0001.c"
"637500f0","hash","undefined hash(void)","OK","libfftw3f-3.dll.decompiled.part-0001.c"
"637501c0","fftwf_mkproblem_dft","undefined fftwf_mkproblem_dft(void)","OK","libfftw3f-3.dll.decompiled.part-0001.c"
"637502f0","fftwf_mkproblem_dft_d","undefined fftwf_mkproblem_dft_d(void)","OK","libfftw3f-3.dll.decompiled.part-0001.c"
"63750430","print","undefined print(void)","OK","libfftw3f-3.dll.decompiled.part-0001.c"
"637504c0","apply","undefined apply(void)","OK","libfftw3f-3.dll.decompiled.part-0001.c"
"63750bb0","destroy","undefined destroy(void)","OK","libfftw3f-3.dll.decompiled.part-0001.c"
"63750be0","mkplan","undefined mkplan(void)","OK","libfftw3f-3.dll.decompiled.part-0001.c"
"63750f00","awake","undefined awake(void)","OK","libfftw3f-3.dll.decompiled.part-0001.c"
"63751100","fftwf_dft_rader_register","undefined fftwf_dft_rader_register(void)","OK","libfftw3f-3.dll.decompiled.part-0001.c"
"63751130","apply","undefined apply(void)","OK","libfftw3f-3.dll.decompiled.part-0001.c"
"63751180","print","undefined print(void)","OK","libfftw3f-3.dll.decompiled.part-0001.c"
"637511b0","destroy","undefined destroy(void)","OK","libfftw3f-3.dll.decompiled.part-0001.c"
"637511d0","mkplan","undefined mkplan(void)","OK","libfftw3f-3.dll.decompiled.part-0001.c"
"63751440","awake","undefined awake(void)","OK","libfftw3f-3.dll.decompiled.part-0001.c"
"63751470","fftwf_dft_rank_geq2_register","undefined fftwf_dft_rank_geq2_register(void)","OK","libfftw3f-3.dll.decompiled.part-0001.c"
"637514e0","fftwf_dft_solve","undefined fftwf_dft_solve(void)","OK","libfftw3f-3.dll.decompiled.part-0001.c"
"63751520","apply","undefined apply(void)","OK","libfftw3f-3.dll.decompiled.part-0001.c"
"637515c0","print","undefined print(void)","OK","libfftw3f-3.dll.decompiled.part-0001.c"
"637515f0","mkplan","undefined mkplan(void)","OK","libfftw3f-3.dll.decompiled.part-0001.c"
"63751850","destroy","undefined destroy(void)","OK","libfftw3f-3.dll.decompiled.part-0001.c"
"63751860","awake","undefined awake(void)","OK","libfftw3f-3.dll.decompiled.part-0001.c"
"63751870","fftwf_dft_vrank_geq1_register","undefined fftwf_dft_vrank_geq1_register(void)","OK","libfftw3f-3.dll.decompiled.part-0001.c"
"637518f0","recur","undefined recur(void)","OK","libfftw3f-3.dll.decompiled.part-0001.c"
"637519b0","fftwf_dft_zerotens","undefined fftwf_dft_zerotens(void)","OK","libfftw3f-3.dll.decompiled.part-0001.c"
"63751e00","okp","undefined okp(void)","OK","libfftw3f-3.dll.decompiled.part-0001.c"
"63751e50","okp","undefined okp(void)","OK","libfftw3f-3.dll.decompiled.part-0001.c"
"63751e90","n1_2","undefined n1_2(void)","OK","libfftw3f-3.dll.decompiled.part-0001.c"
"63751f50","fftwf_codelet_n1_2","undefined fftwf_codelet_n1_2(void)","OK","libfftw3f-3.dll.decompiled.part-0001.c"
"63751f70","n1_3","undefined n1_3(void)","OK","libfftw3f-3.dll.decompiled.part-0001.c"
"637520e0","fftwf_codelet_n1_3","undefined fftwf_codelet_n1_3(void)","OK","libfftw3f-3.dll.decompiled.part-0001.c"
"63752100","n1_4","undefined n1_4(void)","OK","libfftw3f-3.dll.decompiled.part-0001.c"
"63752280","fftwf_codelet_n1_4","undefined fftwf_codelet_n1_4(void)","OK","libfftw3f-3.dll.decompiled.part-0001.c"
"637522a0","n1_5","undefined n1_5(void)","OK","libfftw3f-3.dll.decompiled.part-0001.c"
"63752590","fftwf_codelet_n1_5","undefined fftwf_codelet_n1_5(void)","OK","libfftw3f-3.dll.decompiled.part-0001.c"
"637525b0","n1_6","undefined n1_6(void)","OK","libfftw3f-3.dll.decompiled.part-0001.c"
"637528c0","fftwf_codelet_n1_6","undefined fftwf_codelet_n1_6(void)","OK","libfftw3f-3.dll.decompiled.part-0001.c"
"637528e0","n1_7","undefined n1_7(void)","OK","libfftw3f-3.dll.decompiled.part-0001.c"
"63752e10","fftwf_codelet_n1_7","undefined fftwf_codelet_n1_7(void)","OK","libfftw3f-3.dll.decompiled.part-0001.c"
"63752e30","n1_8","undefined n1_8(void)","OK","libfftw3f-3.dll.decompiled.part-0001.c"
"637531f0","fftwf_codelet_n1_8","undefined fftwf_codelet_n1_8(void)","OK","libfftw3f-3.dll.decompiled.part-0001.c"
"63753210","n1_9","undefined n1_9(void)","OK","libfftw3f-3.dll.decompiled.part-0001.c"
"63753810","fftwf_codelet_n1_9","undefined fftwf_codelet_n1_9(void)","OK","libfftw3f-3.dll.decompiled.part-0001.c"
"63753830","n1_10","undefined n1_10(void)","OK","libfftw3f-3.dll.decompiled.part-0001.c"
"63753e90","fftwf_codelet_n1_10","undefined fftwf_codelet_n1_10(void)","OK","libfftw3f-3.dll.decompiled.part-0001.c"
"63753eb0","n1_11","undefined n1_11(void)","OK","libfftw3f-3.dll.decompiled.part-0001.c"
"63754a70","fftwf_codelet_n1_11","undefined fftwf_codelet_n1_11(void)","OK","libfftw3f-3.dll.decompiled.part-0001.c"
"63754a90","n1_12","undefined n1_12(void)","OK","libfftw3f-3.dll.decompiled.part-0001.c"
"63755100","fftwf_codelet_n1_12","undefined fftwf_codelet_n1_12(void)","OK","libfftw3f-3.dll.decompiled.part-0001.c"
"63755120","n1_13","undefined n1_13(void)","OK","libfftw3f-3.dll.decompiled.part-0001.c"
"63755cf0","fftwf_codelet_n1_13","undefined fftwf_codelet_n1_13(void)","OK","libfftw3f-3.dll.decompiled.part-0001.c"
"63755d10","n1_14","undefined n1_14(void)","OK","libfftw3f-3.dll.decompiled.part-0001.c"
"637567e0","fftwf_codelet_n1_14","undefined fftwf_codelet_n1_14(void)","OK","libfftw3f-3.dll.decompiled.part-0001.c"
"63756800","n1_15","undefined n1_15(void)","OK","libfftw3f-3.dll.decompiled.part-0001.c"
"63757350","fftwf_codelet_n1_15","undefined fftwf_codelet_n1_15(void)","OK","libfftw3f-3.dll.decompiled.part-0001.c"
"63757370","n1_16","undefined n1_16(void)","OK","libfftw3f-3.dll.decompiled.part-0001.c"
"63757cc0","fftwf_codelet_n1_16","undefined fftwf_codelet_n1_16(void)","OK","libfftw3f-3.dll.decompiled.part-0001.c"
"63757ce0","n1_32","undefined n1_32(void)","OK","libfftw3f-3.dll.decompiled.part-0001.c"
"63759430","fftwf_codelet_n1_32","undefined fftwf_codelet_n1_32(void)","OK","libfftw3f-3.dll.decompiled.part-0001.c"
"63759450","n1_64","undefined n1_64(void)","OK","libfftw3f-3.dll.decompiled.part-0001.c"
"6375d080","fftwf_codelet_n1_64","undefined fftwf_codelet_n1_64(void)","OK","libfftw3f-3.dll.decompiled.part-0001.c"
"6375d0a0","n1_20","undefined n1_20(void)","OK","libfftw3f-3.dll.decompiled.part-0001.c"
"6375df10","fftwf_codelet_n1_20","undefined fftwf_codelet_n1_20(void)","OK","libfftw3f-3.dll.decompiled.part-0001.c"
"6375df30","n1_25","undefined n1_25(void)","OK","libfftw3f-3.dll.decompiled.part-0001.c"
"6375f7f0","fftwf_codelet_n1_25","undefined fftwf_codelet_n1_25(void)","OK","libfftw3f-3.dll.decompiled.part-0001.c"
"6375f810","t1_2","undefined t1_2(void)","OK","libfftw3f-3.dll.decompiled.part-0001.c"
"6375f900","fftwf_codelet_t1_2","undefined fftwf_codelet_t1_2(void)","OK","libfftw3f-3.dll.decompiled.part-0001.c"
"6375f920","t1_3","undefined t1_3(void)","OK","libfftw3f-3.dll.decompiled.part-0001.c"
"6375fb00","fftwf_codelet_t1_3","undefined fftwf_codelet_t1_3(void)","OK","libfftw3f-3.dll.decompiled.part-0001.c"
"6375fb20","t1_4","undefined t1_4(void)","OK","libfftw3f-3.dll.decompiled.part-0001.c"
"6375fd70","fftwf_codelet_t1_4","undefined fftwf_codelet_t1_4(void)","OK","libfftw3f-3.dll.decompiled.part-0001.c"
"6375fd90","t1_5","undefined t1_5(void)","OK","libfftw3f-3.dll.decompiled.part-0001.c"
"63760150","fftwf_codelet_t1_5","undefined fftwf_codelet_t1_5(void)","OK","libfftw3f-3.dll.decompiled.part-0001.c"
"63760170","t1_6","undefined t1_6(void)","OK","libfftw3f-3.dll.decompiled.part-0001.c"
"637605c0","fftwf_codelet_t1_6","undefined fftwf_codelet_t1_6(void)","OK","libfftw3f-3.dll.decompiled.part-0001.c"
"637605e0","t1_7","undefined t1_7(void)","OK","libfftw3f-3.dll.decompiled.part-0001.c"
"63760c80","fftwf_codelet_t1_7","undefined fftwf_codelet_t1_7(void)","OK","libfftw3f-3.dll.decompiled.part-0001.c"
"63760ca0","t1_8","undefined t1_8(void)","OK","libfftw3f-3.dll.decompiled.part-0001.c"
"63761240","fftwf_codelet_t1_8","undefined fftwf_codelet_t1_8(void)","OK","libfftw3f-3.dll.decompiled.part-0001.c"
"63761260","t1_9","undefined t1_9(void)","OK","libfftw3f-3.dll.decompiled.part-0001.c"
"63761ab0","fftwf_codelet_t1_9","undefined fftwf_codelet_t1_9(void)","OK","libfftw3f-3.dll.decompiled.part-0001.c"
"63761ad0","t1_10","undefined t1_10(void)","OK","libfftw3f-3.dll.decompiled.part-0001.c"
"63762380","fftwf_codelet_t1_10","undefined fftwf_codelet_t1_10(void)","OK","libfftw3f-3.dll.decompiled.part-0001.c"
"637623a0","t1_12","undefined t1_12(void)","OK","libfftw3f-3.dll.decompiled.part-0001.c"
"63762dd0","fftwf_codelet_t1_12","undefined fftwf_codelet_t1_12(void)","OK","libfftw3f-3.dll.decompiled.part-0001.c"
"63762df0","t1_15","undefined t1_15(void)","OK","libfftw3f-3.dll.decompiled.part-0001.c"
"63763dd0","fftwf_codelet_t1_15","undefined fftwf_codelet_t1_15(void)","OK","libfftw3f-3.dll.decompiled.part-0001.c"
"63763df0","t1_16","undefined t1_16(void)","OK","libfftw3f-3.dll.decompiled.part-0001.c"
"63764c70","fftwf_codelet_t1_16","undefined fftwf_codelet_t1_16(void)","OK","libfftw3f-3.dll.decompiled.part-0001.c"
"63764c90","t1_32","undefined t1_32(void)","OK","libfftw3f-3.dll.decompiled.part-0001.c"
"63766ef0","fftwf_codelet_t1_32","undefined fftwf_codelet_t1_32(void)","OK","libfftw3f-3.dll.decompiled.part-0001.c"
"63766f10","t1_64","undefined t1_64(void)","OK","libfftw3f-3.dll.decompiled.part-0001.c"
"6376c400","fftwf_codelet_t1_64","undefined fftwf_codelet_t1_64(void)","OK","libfftw3f-3.dll.decompiled.part-0001.c"
"6376c420","t1_20","undefined t1_20(void)","OK","libfftw3f-3.dll.decompiled.part-0001.c"
"6376d940","fftwf_codelet_t1_20","undefined fftwf_codelet_t1_20(void)","OK","libfftw3f-3.dll.decompiled.part-0001.c"
"6376d960","t1_25","undefined t1_25(void)","OK","libfftw3f-3.dll.decompiled.part-0001.c"
"6376fb90","fftwf_codelet_t1_25","undefined fftwf_codelet_t1_25(void)","OK","libfftw3f-3.dll.decompiled.part-0001.c"
"6376fbb0","t2_4","undefined t2_4(void)","OK","libfftw3f-3.dll.decompiled.part-0001.c"
"6376fe10","fftwf_codelet_t2_4","undefined fftwf_codelet_t2_4(void)","OK","libfftw3f-3.dll.decompiled.part-0001.c"
"6376fe30","t2_8","undefined t2_8(void)","OK","libfftw3f-3.dll.decompiled.part-0001.c"
"63770490","fftwf_codelet_t2_8","undefined fftwf_codelet_t2_8(void)","OK","libfftw3f-3.dll.decompiled.part-0001.c"
"637704b0","t2_16","undefined t2_16(void)","OK","libfftw3f-3.dll.decompiled.part-0001.c"
"637714d0","fftwf_codelet_t2_16","undefined fftwf_codelet_t2_16(void)","OK","libfftw3f-3.dll.decompiled.part-0001.c"
"637714f0","t2_32","undefined t2_32(void)","OK","libfftw3f-3.dll.decompiled.part-0001.c"
"63773db0","fftwf_codelet_t2_32","undefined fftwf_codelet_t2_32(void)","OK","libfftw3f-3.dll.decompiled.part-0001.c"
"63773dd0","t2_64","undefined t2_64(void)","OK","libfftw3f-3.dll.decompiled.part-0001.c"
"6377a3b0","fftwf_codelet_t2_64","undefined fftwf_codelet_t2_64(void)","OK","libfftw3f-3.dll.decompiled.part-0001.c"
"6377a3d0","t2_5","undefined t2_5(void)","OK","libfftw3f-3.dll.decompiled.part-0001.c"
"6377a7c0","fftwf_codelet_t2_5","undefined fftwf_codelet_t2_5(void)","OK","libfftw3f-3.dll.decompiled.part-0001.c"
"6377a7e0","t2_10","undefined t2_10(void)","OK","libfftw3f-3.dll.decompiled.part-0001.c"
"6377b220","fftwf_codelet_t2_10","undefined fftwf_codelet_t2_10(void)","OK","libfftw3f-3.dll.decompiled.part-0001.c"
"6377b240","t2_20","undefined t2_20(void)","OK","libfftw3f-3.dll.decompiled.part-0001.c"
"6377caa0","fftwf_codelet_t2_20","undefined fftwf_codelet_t2_20(void)","OK","libfftw3f-3.dll.decompiled.part-0001.c"
"6377cac0","t2_25","undefined t2_25(void)","OK","libfftw3f-3.dll.decompiled.part-0001.c"
"6377f1f0","fftwf_codelet_t2_25","undefined fftwf_codelet_t2_25(void)","OK","libfftw3f-3.dll.decompiled.part-0001.c"
"6377f210","q1_2","undefined q1_2(void)","OK","libfftw3f-3.dll.decompiled.part-0001.c"
"6377f3f0","fftwf_codelet_q1_2","undefined fftwf_codelet_q1_2(void)","OK","libfftw3f-3.dll.decompiled.part-0001.c"
"6377f410","q1_4","undefined q1_4(void)","OK","libfftw3f-3.dll.decompiled.part-0001.c"
"6377fe60","fftwf_codelet_q1_4","undefined fftwf_codelet_q1_4(void)","OK","libfftw3f-3.dll.decompiled.part-0001.c"
"6377fe80","q1_8","undefined q1_8(void)","OK","libfftw3f-3.dll.decompiled.part-0001.c"
"63783360","fftwf_codelet_q1_8","undefined fftwf_codelet_q1_8(void)","OK","libfftw3f-3.dll.decompiled.part-0001.c"
"63783380","q1_3","undefined q1_3(void)","OK","libfftw3f-3.dll.decompiled.part-0001.c"
"63783950","fftwf_codelet_q1_3","undefined fftwf_codelet_q1_3(void)","OK","libfftw3f-3.dll.decompiled.part-0001.c"
"63783970","q1_5","undefined q1_5(void)","OK","libfftw3f-3.dll.decompiled.part-0001.c"
"63784e00","fftwf_codelet_q1_5","undefined fftwf_codelet_q1_5(void)","OK","libfftw3f-3.dll.decompiled.part-0001.c"
"63784e20","q1_6","undefined q1_6(void)","OK","libfftw3f-3.dll.decompiled.part-0001.c"
"63786a00","fftwf_codelet_q1_6","undefined fftwf_codelet_q1_6(void)","OK","libfftw3f-3.dll.decompiled.part-0001.c"
"63786a20",".text","undefined .text(void)","OK","libfftw3f-3.dll.decompiled.part-0001.c"
"63786a50","apply_dif","undefined apply_dif(void)","OK","libfftw3f-3.dll.decompiled.part-0001.c"
"63786a90","print","undefined print(void)","OK","libfftw3f-3.dll.decompiled.part-0001.c"
"63786ae0","destroy","undefined destroy(void)","OK","libfftw3f-3.dll.decompiled.part-0001.c"
"63786b00","awake","undefined awake(void)","OK","libfftw3f-3.dll.decompiled.part-0001.c"
"63786b30","fftwf_hc2hc_applicable","undefined fftwf_hc2hc_applicable(void)","OK","libfftw3f-3.dll.decompiled.part-0001.c"
"63786bd0","mkplan","undefined mkplan(void)","OK","libfftw3f-3.dll.decompiled.part-0001.c"
"63786f00","fftwf_mksolver_hc2hc","undefined fftwf_mksolver_hc2hc(void)","OK","libfftw3f-3.dll.decompiled.part-0001.c"
"63786f30","fftwf_mkplan_hc2hc","undefined fftwf_mkplan_hc2hc(void)","OK","libfftw3f-3.dll.decompiled.part-0001.c"
"63786f50","apply","undefined apply(void)","OK","libfftw3f-3.dll.decompiled.part-0001.c"
"63787020","print","undefined print(void)","OK","libfftw3f-3.dll.decompiled.part-0001.c"
"63787040","mkplan","undefined mkplan(void)","OK","libfftw3f-3.dll.decompiled.part-0001.c"
"637872f0","destroy","undefined destroy(void)","OK","libfftw3f-3.dll.decompiled.part-0001.c"
"63787300","awake","undefined awake(void)","OK","libfftw3f-3.dll.decompiled.part-0001.c"
"63787310","fftwf_dft_r2hc_register","undefined fftwf_dft_r2hc_register(void)","OK","libfftw3f-3.dll.decompiled.part-0001.c"
"63787340","apply","undefined apply(void)","OK","libfftw3f-3.dll.decompiled.part-0001.c"
"637873d0","print","undefined print(void)","OK","libfftw3f-3.dll.decompiled.part-0001.c"
"637873f0","mkplan","undefined mkplan(void)","OK","libfftw3f-3.dll.decompiled.part-0001.c"
"637874f0","destroy","undefined destroy(void)","OK","libfftw3f-3.dll.decompiled.part-0001.c"
"63787500","awake","undefined awake(void)","OK","libfftw3f-3.dll.decompiled.part-0001.c"
"63787510","fftwf_dht_r2hc_register","undefined fftwf_dht_r2hc_register(void)","OK","libfftw3f-3.dll.decompiled.part-0001.c"
"63787540","print","undefined print(void)","OK","libfftw3f-3.dll.decompiled.part-0001.c"
"637875d0","destroy","undefined destroy(void)","OK","libfftw3f-3.dll.decompiled.part-0001.c"
"63787600","apply","undefined apply(void)","OK","libfftw3f-3.dll.decompiled.part-0001.c"
"63787cd0","mkplan","undefined mkplan(void)","OK","libfftw3f-3.dll.decompiled.part-0001.c"
"63788030","awake","undefined awake(void)","OK","libfftw3f-3.dll.decompiled.part-0001.c"
"63788370","fftwf_dht_rader_register","undefined fftwf_dht_rader_register(void)","OK","libfftw3f-3.dll.decompiled.part-0001.c"
"637883d0","print","undefined print(void)","OK","libfftw3f-3.dll.decompiled.part-0001.c"
"63788430","apply","undefined apply(void)","OK","libfftw3f-3.dll.decompiled.part-0001.c"
"63788510","apply_hc2r","undefined apply_hc2r(void)","OK","libfftw3f-3.dll.decompiled.part-0001.c"
"637885f0","destroy","undefined destroy(void)","OK","libfftw3f-3.dll.decompiled.part-0001.c"
"63788620","awake","undefined awake(void)","OK","libfftw3f-3.dll.decompiled.part-0001.c"
"63788650","mkplan","undefined mkplan(void)","OK","libfftw3f-3.dll.decompiled.part-0001.c"
"63788bc0","fftwf_rdft_buffered_register","undefined fftwf_rdft_buffered_register(void)","OK","libfftw3f-3.dll.decompiled.part-0001.c"
"63788c20","fftwf_rdft_conf_standard","undefined fftwf_rdft_conf_standard(void)","OK","libfftw3f-3.dll.decompiled.part-0001.c"
"63788cb0","apply","undefined apply(void)","OK","libfftw3f-3.dll.decompiled.part-0001.c"
"63788cf0","mkplan","undefined mkplan(void)","OK","libfftw3f-3.dll.decompiled.part-0001.c"
"63788e20","destroy","undefined destroy(void)","OK","libfftw3f-3.dll.decompiled.part-0001.c"
"63788e40","print","undefined print(void)","OK","libfftw3f-3.dll.decompiled.part-0001.c"
"63788ea0","fftwf_mksolver_rdft_r2r_direct","undefined fftwf_mksolver_rdft_r2r_direct(void)","OK","libfftw3f-3.dll.decompiled.part-0001.c"
"63788ed0","apply_r2hc","undefined apply_r2hc(void)","OK","libfftw3f-3.dll.decompiled.part-0001.c"
"63788f40","apply_hc2r","undefined apply_hc2r(void)","OK","libfftw3f-3.dll.decompiled.part-0001.c"
"63788fb0","mkplan","undefined mkplan(void)","OK","libfftw3f-3.dll.decompiled.part-0001.c"
"637892b0","destroy","undefined destroy(void)","OK","libfftw3f-3.dll.decompiled.part-0001.c"
"63789300","print","undefined print(void)","OK","libfftw3f-3.dll.decompiled.part-0001.c"
"637893b0","apply_buf_r2hc","undefined apply_buf_r2hc(void)","OK","libfftw3f-3.dll.decompiled.part-0001.c"
"63789720","apply_buf_hc2r","undefined apply_buf_hc2r(void)","OK","libfftw3f-3.dll.decompiled.part-0001.c"
"63789a70","fftwf_mksolver_rdft_r2c_direct","undefined fftwf_mksolver_rdft_r2c_direct(void)","OK","libfftw3f-3.dll.decompiled.part-0001.c"
"63789ab0","fftwf_mksolver_rdft_r2c_directbuf","undefined fftwf_mksolver_rdft_r2c_directbuf(void)","OK","libfftw3f-3.dll.decompiled.part-0001.c"
"63789af0","print","undefined print(void)","OK","libfftw3f-3.dll.decompiled.part-0001.c"
"63789b20","apply_hc2r","undefined apply_hc2r(void)","OK","libfftw3f-3.dll.decompiled.part-0001.c"
"6378a0e0","apply_r2hc","undefined apply_r2hc(void)","OK","libfftw3f-3.dll.decompiled.part-0001.c"
"6378a400","awake","undefined awake(void)","OK","libfftw3f-3.dll.decompiled.part-0001.c"
"6378a440","mkplan","undefined mkplan(void)","OK","libfftw3f-3.dll.decompiled.part-0001.c"
"6378a550","fftwf_rdft_generic_register","undefined fftwf_rdft_generic_register(void)","OK","libfftw3f-3.dll.decompiled.part-0001.c"
"6378a5b0","apply","undefined apply(void)","OK","libfftw3f-3.dll.decompiled.part-0001.c"
"6378a6e0","dobatch","undefined dobatch(void)","OK","libfftw3f-3.dll.decompiled.part-0001.c"
"6378a890","apply_buf","undefined apply_buf(void)","OK","libfftw3f-3.dll.decompiled.part-0001.c"
"6378aa40","mkcldw","undefined mkcldw(void)","OK","libfftw3f-3.dll.decompiled.part-0001.c"
"6378ae20","destroy","undefined destroy(void)","OK","libfftw3f-3.dll.decompiled.part-0001.c"
"6378ae60","print","undefined print(void)","OK","libfftw3f-3.dll.decompiled.part-0001.c"
"6378af20","awake","undefined awake(void)","OK","libfftw3f-3.dll.decompiled.part-0001.c"
"6378af90","fftwf_regsolver_hc2hc_direct","undefined fftwf_regsolver_hc2hc_direct(void)","OK","libfftw3f-3.dll.decompiled.part-0001.c"
"6378b080","bytwiddle","undefined bytwiddle(void)","OK","libfftw3f-3.dll.decompiled.part-0001.c"
"6378b6b0","apply_dif","undefined apply_dif(void)","OK","libfftw3f-3.dll.decompiled.part-0001.c"
"6378b950","print","undefined print(void)","OK","libfftw3f-3.dll.decompiled.part-0001.c"
"6378b9c0","destroy","undefined destroy(void)","OK","libfftw3f-3.dll.decompiled.part-0001.c"
"6378b9f0","awake","undefined awake(void)","OK","libfftw3f-3.dll.decompiled.part-0001.c"
"6378ba50","mkcldw","undefined mkcldw(void)","OK","libfftw3f-3.dll.decompiled.part-0001.c"
"6378bd50","apply_dit","undefined apply_dit(void)","OK","libfftw3f-3.dll.decompiled.part-0001.c"
"6378bfe0","fftwf_hc2hc_generic_register","undefined fftwf_hc2hc_generic_register(void)","OK","libfftw3f-3.dll.decompiled.part-0001.c"
"6378c040","fftwf_khc2hc_register","undefined fftwf_khc2hc_register(void)","OK","libfftw3f-3.dll.decompiled.part-0001.c"
"6378c050","fftwf_kr2c_register","undefined fftwf_kr2c_register(void)","OK","libfftw3f-3.dll.decompiled.part-0001.c"
"6378c0b0","fftwf_kr2r_register","undefined fftwf_kr2r_register(void)","OK","libfftw3f-3.dll.decompiled.part-0001.c"
"6378c0e0","apply_before","undefined apply_before(void)","OK","libfftw3f-3.dll.decompiled.part-0001.c"
"6378c110","apply_after","undefined apply_after(void)","OK","libfftw3f-3.dll.decompiled.part-0001.c"
"6378c150","print","undefined print(void)","OK","libfftw3f-3.dll.decompiled.part-0001.c"
"6378c190","destroy","undefined destroy(void)","OK","libfftw3f-3.dll.decompiled.part-0001.c"
"6378c1b0","mkplan","undefined mkplan(void)","OK","libfftw3f-3.dll.decompiled.part-0001.c"
"6378c390","awake","undefined awake(void)","OK","libfftw3f-3.dll.decompiled.part-0001.c"
"6378c3c0","mkcld_after","undefined mkcld_after(void)","OK","libfftw3f-3.dll.decompiled.part-0001.c"
"6378c410","mkcld_before","undefined mkcld_before(void)","OK","libfftw3f-3.dll.decompiled.part-0001.c"
"6378c460","fftwf_rdft_indirect_register","undefined fftwf_rdft_indirect_register(void)","OK","libfftw3f-3.dll.decompiled.part-0001.c"
"6378c4c0","apply","undefined apply(void)","OK","libfftw3f-3.dll.decompiled.part-0001.c"
"6378c4d0","print","undefined print(void)","OK","libfftw3f-3.dll.decompiled.part-0001.c"
"6378c4e0","mkplan","undefined mkplan(void)","OK","libfftw3f-3.dll.decompiled.part-0001.c"
"6378c550","fftwf_rdft_nop_register","undefined fftwf_rdft_nop_register(void)","OK","libfftw3f-3.dll.decompiled.part-0001.c"
"6378c580","fftwf_mkplan_rdft","undefined fftwf_mkplan_rdft(void)","OK","libfftw3f-3.dll.decompiled.part-0001.c"
"6378c5a0","recur","undefined recur(void)","OK","libfftw3f-3.dll.decompiled.part-0001.c"
"6378c640","destroy","undefined destroy(void)","OK","libfftw3f-3.dll.decompiled.part-0001.c"
"6378c670","print","undefined print(void)","OK","libfftw3f-3.dll.decompiled.part-0001.c"
"6378c710","hash","undefined hash(void)","OK","libfftw3f-3.dll.decompiled.part-0001.c"
"6378c7c0","zero","undefined zero(void)","OK","libfftw3f-3.dll.decompiled.part-0001.c"
"6378cb80","fftwf_rdft_zerotens","undefined fftwf_rdft_zerotens(void)","OK","libfftw3f-3.dll.decompiled.part-0001.c"
"6378cf10","fftwf_rdft_kind_str","undefined fftwf_rdft_kind_str(void)","OK","libfftw3f-3.dll.decompiled.part-0001.c"
"6378cf20","fftwf_mkproblem_rdft","undefined fftwf_mkproblem_rdft(void)","OK","libfftw3f-3.dll.decompiled.part-0001.c"
"6378d240","fftwf_mkproblem_rdft_d","undefined fftwf_mkproblem_rdft_d(void)","OK","libfftw3f-3.dll.decompiled.part-0001.c"
"6378d280","fftwf_mkproblem_rdft_1","undefined fftwf_mkproblem_rdft_1(void)","OK","libfftw3f-3.dll.decompiled.part-0001.c"
"6378d2a0","fftwf_mkproblem_rdft_1_d","undefined fftwf_mkproblem_rdft_1_d(void)","OK","libfftw3f-3.dll.decompiled.part-0001.c"
"6378d2e0","fftwf_mkproblem_rdft_0_d","undefined fftwf_mkproblem_rdft_0_d(void)","OK","libfftw3f-3.dll.decompiled.part-0001.c"
"6378d330","applicable_iter","undefined applicable_iter(void)","OK","libfftw3f-3.dll.decompiled.part-0001.c"
"6378d340","applicable_memcpy","undefined applicable_memcpy(void)","OK","libfftw3f-3.dll.decompiled.part-0001.c"
"6378d360","applicable_memcpy_loop","undefined applicable_memcpy_loop(void)","OK","libfftw3f-3.dll.decompiled.part-0001.c"
"6378d380","print","undefined print(void)","OK","libfftw3f-3.dll.decompiled.part-0001.c"
"6378d3f0","applicable_cpy2dco","undefined applicable_cpy2dco(void)","OK","libfftw3f-3.dll.decompiled.part-0001.c"
"6378d480","memcpy_loop","undefined memcpy_loop(void)","OK","libfftw3f-3.dll.decompiled.part-0001.c"
"6378d540","apply_memcpy","undefined apply_memcpy(void)","OK","libfftw3f-3.dll.decompiled.part-0001.c"
"6378d560","copy","undefined copy(void)","OK","libfftw3f-3.dll.decompiled.part-0001.c"
"6378d620","transpose","undefined transpose(void)","OK","libfftw3f-3.dll.decompiled.part-0001.c"
"6378d6c0","applicable_ip_sq_tiled","undefined applicable_ip_sq_tiled(void)","OK","libfftw3f-3.dll.decompiled.part-0001.c"
"6378d790","applicable_tiled","undefined applicable_tiled(void)","OK","libfftw3f-3.dll.decompiled.part-0001.c"
"6378d7d0","applicable_ip_sq","undefined applicable_ip_sq(void)","OK","libfftw3f-3.dll.decompiled.part-0001.c"
"6378d870","applicable.isra.4","undefined applicable.isra.4(void)","OK","libfftw3f-3.dll.decompiled.part-0001.c"
"6378d940","mkplan","undefined mkplan(void)","OK","libfftw3f-3.dll.decompiled.part-0001.c"
"6378da30","apply_ip_sq","undefined apply_ip_sq(void)","OK","libfftw3f-3.dll.decompiled.part-0001.c"
"6378dad0","apply_ip_sq_tiled","undefined apply_ip_sq_tiled(void)","OK","libfftw3f-3.dll.decompiled.part-0001.c"
"6378db70","apply_ip_sq_tiledbuf","undefined apply_ip_sq_tiledbuf(void)","OK","libfftw3f-3.dll.decompiled.part-0001.c"
"6378dc10","apply_memcpy_loop","undefined apply_memcpy_loop(void)","OK","libfftw3f-3.dll.decompiled.part-0001.c"
"6378dcd0","apply_tiledbuf","undefined apply_tiledbuf(void)","OK","libfftw3f-3.dll.decompiled.part-0001.c"
"6378dd90","apply_cpy2dco","undefined apply_cpy2dco(void)","OK","libfftw3f-3.dll.decompiled.part-0001.c"
"6378de50","apply_tiled","undefined apply_tiled(void)","OK","libfftw3f-3.dll.decompiled.part-0001.c"
"6378df10","apply_iter","undefined apply_iter(void)","OK","libfftw3f-3.dll.decompiled.part-0001.c"
"6378e030","fftwf_rdft_rank0_register","undefined fftwf_rdft_rank0_register(void)","OK","libfftw3f-3.dll.decompiled.part-0001.c"
"6378e090","apply","undefined apply(void)","OK","libfftw3f-3.dll.decompiled.part-0001.c"
"6378e0c0","print","undefined print(void)","OK","libfftw3f-3.dll.decompiled.part-0001.c"
"6378e0f0","destroy","undefined destroy(void)","OK","libfftw3f-3.dll.decompiled.part-0001.c"
"6378e110","mkplan","undefined mkplan(void)","OK","libfftw3f-3.dll.decompiled.part-0001.c"
"6378e370","awake","undefined awake(void)","OK","libfftw3f-3.dll.decompiled.part-0001.c"
"6378e3a0","fftwf_rdft_rank_geq2_register","undefined fftwf_rdft_rank_geq2_register(void)","OK","libfftw3f-3.dll.decompiled.part-0001.c"
"6378e410","apply_r2hc","undefined apply_r2hc(void)","OK","libfftw3f-3.dll.decompiled.part-0001.c"
"6378e4b0","apply_hc2r","undefined apply_hc2r(void)","OK","libfftw3f-3.dll.decompiled.part-0001.c"
"6378e540","apply_hc2r_save","undefined apply_hc2r_save(void)","OK","libfftw3f-3.dll.decompiled.part-0001.c"
"6378e660","print","undefined print(void)","OK","libfftw3f-3.dll.decompiled.part-0001.c"
"6378e6b0","destroy","undefined destroy(void)","OK","libfftw3f-3.dll.decompiled.part-0001.c"
"6378e6c0","awake","undefined awake(void)","OK","libfftw3f-3.dll.decompiled.part-0001.c"
"6378e6d0","mkplan","undefined mkplan(void)","OK","libfftw3f-3.dll.decompiled.part-0001.c"
"6378e880","fftwf_rdft_dht_register","undefined fftwf_rdft_dht_register(void)","OK","libfftw3f-3.dll.decompiled.part-0001.c"
"6378e8b0","fftwf_rdft_solve","undefined fftwf_rdft_solve(void)","OK","libfftw3f-3.dll.decompiled.part-0001.c"
"6378e8d0","apply","undefined apply(void)","OK","libfftw3f-3.dll.decompiled.part-0001.c"
"6378e940","print","undefined print(void)","OK","libfftw3f-3.dll.decompiled.part-0001.c"
"6378e970","mkplan","undefined mkplan(void)","OK","libfftw3f-3.dll.decompiled.part-0001.c"
"6378ebf0","destroy","undefined destroy(void)","OK","libfftw3f-3.dll.decompiled.part-0001.c"
"6378ec00","awake","undefined awake(void)","OK","libfftw3f-3.dll.decompiled.part-0001.c"
"6378ec10","fftwf_rdft_vrank_geq1_register","undefined fftwf_rdft_vrank_geq1_register(void)","OK","libfftw3f-3.dll.decompiled.part-0001.c"
"6378ec90","mkcldrn_toms513","undefined mkcldrn_toms513(void)","OK","libfftw3f-3.dll.decompiled.part-0001.c"
"6378ecc0","print","undefined print(void)","OK","libfftw3f-3.dll.decompiled.part-0001.c"
"6378ed70","destroy","undefined destroy(void)","OK","libfftw3f-3.dll.decompiled.part-0001.c"
"6378edb0","awake","undefined awake(void)","OK","libfftw3f-3.dll.decompiled.part-0001.c"
"6378edf0","apply_toms513","undefined apply_toms513(void)","OK","libfftw3f-3.dll.decompiled.part-0001.c"
"6378f260","apply_gcd","undefined apply_gcd(void)","OK","libfftw3f-3.dll.decompiled.part-0001.c"
"6378f3e0","mkcldrn_cut","undefined mkcldrn_cut(void)","OK","libfftw3f-3.dll.decompiled.part-0001.c"
"6378f860","apply_cut","undefined apply_cut(void)","OK","libfftw3f-3.dll.decompiled.part-0001.c"
"6378fae0","mkcldrn_gcd","undefined mkcldrn_gcd(void)","OK","libfftw3f-3.dll.decompiled.part-0001.c"
"6378fd60","applicable_cut","undefined applicable_cut(void)","OK","libfftw3f-3.dll.decompiled.part-0001.c"
"6378ff30","applicable_toms513","undefined applicable_toms513(void)","OK","libfftw3f-3.dll.decompiled.part-0001.c"
"63790080","applicable_gcd","undefined applicable_gcd(void)","OK","libfftw3f-3.dll.decompiled.part-0001.c"
"637901b0","mkplan","undefined mkplan(void)","OK","libfftw3f-3.dll.decompiled.part-0001.c"
"637906e0","fftwf_rdft_vrank3_transpose_register","undefined fftwf_rdft_vrank3_transpose_register(void)","OK","libfftw3f-3.dll.decompiled.part-0001.c"
"63790740","print","undefined print(void)","OK","libfftw3f-3.dll.decompiled.part-0001.c"
"637907a0","apply_hc2r","undefined apply_hc2r(void)","OK","libfftw3f-3.dll.decompiled.part-0001.c"
"637908e0","apply_r2hc","undefined apply_r2hc(void)","OK","libfftw3f-3.dll.decompiled.part-0001.c"
"63790a30","destroy","undefined destroy(void)","OK","libfftw3f-3.dll.decompiled.part-0001.c"
"63790a60","awake","undefined awake(void)","OK","libfftw3f-3.dll.decompiled.part-0001.c"
"63790a90","mkplan","undefined mkplan(void)","OK","libfftw3f-3.dll.decompiled.part-0001.c"
"63791300","fftwf_rdft2_buffered_register","undefined fftwf_rdft2_buffered_register(void)","OK","libfftw3f-3.dll.decompiled.part-0001.c"
"63791360","apply","undefined apply(void)","OK","libfftw3f-3.dll.decompiled.part-0001.c"
"637913c0","apply_r2hc","undefined apply_r2hc(void)","OK","libfftw3f-3.dll.decompiled.part-0001.c"
"63791460","mkplan","undefined mkplan(void)","OK","libfftw3f-3.dll.decompiled.part-0001.c"
"63791640","destroy","undefined destroy(void)","OK","libfftw3f-3.dll.decompiled.part-0001.c"
"63791660","print","undefined print(void)","OK","libfftw3f-3.dll.decompiled.part-0001.c"
"637916c0","fftwf_mksolver_rdft2_direct","undefined fftwf_mksolver_rdft2_direct(void)","OK","libfftw3f-3.dll.decompiled.part-0001.c"
"637916f0","apply","undefined apply(void)","OK","libfftw3f-3.dll.decompiled.part-0001.c"
"63791700","print","undefined print(void)","OK","libfftw3f-3.dll.decompiled.part-0001.c"
"63791710","mkplan","undefined mkplan(void)","OK","libfftw3f-3.dll.decompiled.part-0001.c"
"63791790","fftwf_rdft2_nop_register","undefined fftwf_rdft2_nop_register(void)","OK","libfftw3f-3.dll.decompiled.part-0001.c"
"637917c0","apply_r2hc","undefined apply_r2hc(void)","OK","libfftw3f-3.dll.decompiled.part-0001.c"
"63791950","apply_r2hc_inplace","undefined apply_r2hc_inplace(void)","OK","libfftw3f-3.dll.decompiled.part-0001.c"
"63791a30","apply_hc2r","undefined apply_hc2r(void)","OK","libfftw3f-3.dll.decompiled.part-0001.c"
"63791a50","mkplan","undefined mkplan(void)","OK","libfftw3f-3.dll.decompiled.part-0001.c"
"63791bb0","destroy","undefined destroy(void)","OK","libfftw3f-3.dll.decompiled.part-0001.c"
"63791bd0","awake","undefined awake(void)","OK","libfftw3f-3.dll.decompiled.part-0001.c"
"63791bf0","print","undefined print(void)","OK","libfftw3f-3.dll.decompiled.part-0001.c"
"63791c30","fftwf_rdft2_rank0_register","undefined fftwf_rdft2_rank0_register(void)","OK","libfftw3f-3.dll.decompiled.part-0001.c"
"63791c60","apply_r2hc","undefined apply_r2hc(void)","OK","libfftw3f-3.dll.decompiled.part-0001.c"
"63791cb0","apply_hc2r","undefined apply_hc2r(void)","OK","libfftw3f-3.dll.decompiled.part-0001.c"
"63791d10","print","undefined print(void)","OK","libfftw3f-3.dll.decompiled.part-0001.c"
"63791d40","destroy","undefined destroy(void)","OK","libfftw3f-3.dll.decompiled.part-0001.c"
"63791d60","mkplan","undefined mkplan(void)","OK","libfftw3f-3.dll.decompiled.part-0001.c"
"637920a0","awake","undefined awake(void)","OK","libfftw3f-3.dll.decompiled.part-0001.c"
"637920d0","fftwf_rdft2_rank_geq2_register","undefined fftwf_rdft2_rank_geq2_register(void)","OK","libfftw3f-3.dll.decompiled.part-0001.c"
"63792140","fftwf_mkplan_rdft2","undefined fftwf_mkplan_rdft2(void)","OK","libfftw3f-3.dll.decompiled.part-0001.c"
"63792160","print","undefined print(void)","OK","libfftw3f-3.dll.decompiled.part-0001.c"
"637921a0","recur","undefined recur(void)","OK","libfftw3f-3.dll.decompiled.part-0001.c"
"63792280","vrecur","undefined vrecur(void)","OK","libfftw3f-3.dll.decompiled.part-0001.c"
"63792330","destroy","undefined destroy(void)","OK","libfftw3f-3.dll.decompiled.part-0001.c"
"63792360","hash","undefined hash(void)","OK","libfftw3f-3.dll.decompiled.part-0001.c"
"63792430","zero","undefined zero(void)","OK","libfftw3f-3.dll.decompiled.part-0001.c"
"637925c0","fftwf_rdft2_complex_n","undefined fftwf_rdft2_complex_n(void)","OK","libfftw3f-3.dll.decompiled.part-0001.c"
"63792610","fftwf_mkproblem_rdft2","undefined fftwf_mkproblem_rdft2(void)","OK","libfftw3f-3.dll.decompiled.part-0001.c"
"63792780","fftwf_mkproblem_rdft2_d","undefined fftwf_mkproblem_rdft2_d(void)","OK","libfftw3f-3.dll.decompiled.part-0001.c"
"63792900","fftwf_mkproblem_rdft2_d_3pointers","undefined fftwf_mkproblem_rdft2_d_3pointers(void)","OK","libfftw3f-3.dll.decompiled.part-0001.c"
"637929a0","fftwf_rdft2_solve","undefined fftwf_rdft2_solve(void)","OK","libfftw3f-3.dll.decompiled.part-0001.c"
"637929e0","apply","undefined apply(void)","OK","libfftw3f-3.dll.decompiled.part-0001.c"
"63792a80","print","undefined print(void)","OK","libfftw3f-3.dll.decompiled.part-0001.c"
"63792ab0","mkplan","undefined mkplan(void)","OK","libfftw3f-3.dll.decompiled.part-0001.c"
"63792d60","destroy","undefined destroy(void)","OK","libfftw3f-3.dll.decompiled.part-0001.c"
"63792d70","awake","undefined awake(void)","OK","libfftw3f-3.dll.decompiled.part-0001.c"
"63792d80","fftwf_rdft2_vrank_geq1_register","undefined fftwf_rdft2_vrank_geq1_register(void)","OK","libfftw3f-3.dll.decompiled.part-0001.c"
"63792e00","print","undefined print(void)","OK","libfftw3f-3.dll.decompiled.part-0001.c"
"63792e70","apply_hc2r","undefined apply_hc2r(void)","OK","libfftw3f-3.dll.decompiled.part-0001.c"
"637930c0","apply_r2hc","undefined apply_r2hc(void)","OK","libfftw3f-3.dll.decompiled.part-0001.c"
"63793840","destroy","undefined destroy(void)","OK","libfftw3f-3.dll.decompiled.part-0001.c"
"63793860","awake","undefined awake(void)","OK","libfftw3f-3.dll.decompiled.part-0001.c"
"63793890","mkplan","undefined mkplan(void)","OK","libfftw3f-3.dll.decompiled.part-0001.c"
"63793f10","fftwf_rdft2_rdft_register","undefined fftwf_rdft2_rdft_register(void)","OK","libfftw3f-3.dll.decompiled.part-0001.c"
"63793f40","fftwf_rdft2_tensor_max_index","undefined fftwf_rdft2_tensor_max_index(void)","OK","libfftw3f-3.dll.decompiled.part-0001.c"
"63794040","fftwf_rdft2_inplace_strides","undefined fftwf_rdft2_inplace_strides(void)","OK","libfftw3f-3.dll.decompiled.part-0001.c"
"637941b0","fftwf_rdft2_strides","undefined fftwf_rdft2_strides(void)","OK","libfftw3f-3.dll.decompiled.part-0001.c"
"637941e0","fftwf_khc2c_register","undefined fftwf_khc2c_register(void)","OK","libfftw3f-3.dll.decompiled.part-0001.c"
"637941f0","apply_dit","undefined apply_dit(void)","OK","libfftw3f-3.dll.decompiled.part-0001.c"
"63794230","apply_dif","undefined apply_dif(void)","OK","libfftw3f-3.dll.decompiled.part-0001.c"
"63794270","apply_dit_dft","undefined apply_dit_dft(void)","OK","libfftw3f-3.dll.decompiled.part-0001.c"
"637942b0","apply_dif_dft","undefined apply_dif_dft(void)","OK","libfftw3f-3.dll.decompiled.part-0001.c"
"63794300","print","undefined print(void)","OK","libfftw3f-3.dll.decompiled.part-0001.c"
"63794370","destroy","undefined destroy(void)","OK","libfftw3f-3.dll.decompiled.part-0001.c"
"63794390","awake","undefined awake(void)","OK","libfftw3f-3.dll.decompiled.part-0001.c"
"637943c0","mkplan","undefined mkplan(void)","OK","libfftw3f-3.dll.decompiled.part-0001.c"
"63794970","fftwf_mksolver_hc2c","undefined fftwf_mksolver_hc2c(void)","OK","libfftw3f-3.dll.decompiled.part-0001.c"
"637949a0","fftwf_mkplan_hc2c","undefined fftwf_mkplan_hc2c(void)","OK","libfftw3f-3.dll.decompiled.part-0001.c"
"637949c0","apply","undefined apply(void)","OK","libfftw3f-3.dll.decompiled.part-0001.c"
"63794b20","apply_extra_iter","undefined apply_extra_iter(void)","OK","libfftw3f-3.dll.decompiled.part-0001.c"
"63794d00","destroy","undefined destroy(void)","OK","libfftw3f-3.dll.decompiled.part-0001.c"
"63794d40","print","undefined print(void)","OK","libfftw3f-3.dll.decompiled.part-0001.c"
"63794e20","awake","undefined awake(void)","OK","libfftw3f-3.dll.decompiled.part-0001.c"
"63794e90","mkcldw","undefined mkcldw(void)","OK","libfftw3f-3.dll.decompiled.part-0001.c"
"63795620","apply_buf","undefined apply_buf(void)","OK","libfftw3f-3.dll.decompiled.part-0001.c"
"63795d50","fftwf_regsolver_hc2c_direct","undefined fftwf_regsolver_hc2c_direct(void)","OK","libfftw3f-3.dll.decompiled.part-0001.c"
"63795dd0",".text","undefined .text(void)","OK","libfftw3f-3.dll.decompiled.part-0001.c"
"63795de0","r2cf_2","undefined r2cf_2(void)","OK","libfftw3f-3.dll.decompiled.part-0001.c"
"63795e60","fftwf_codelet_r2cf_2","undefined fftwf_codelet_r2cf_2(void)","OK","libfftw3f-3.dll.decompiled.part-0001.c"
"63795e80","r2cf_3","undefined r2cf_3(void)","OK","libfftw3f-3.dll.decompiled.part-0001.c"
"63795f80","fftwf_codelet_r2cf_3","undefined fftwf_codelet_r2cf_3(void)","OK","libfftw3f-3.dll.decompiled.part-0001.c"
"63795fa0","r2cf_4","undefined r2cf_4(void)","OK","libfftw3f-3.dll.decompiled.part-0001.c"
"63796070","fftwf_codelet_r2cf_4","undefined fftwf_codelet_r2cf_4(void)","OK","libfftw3f-3.dll.decompiled.part-0001.c"
"63796090","r2cf_5","undefined r2cf_5(void)","OK","libfftw3f-3.dll.decompiled.part-0001.c"
"63796250","fftwf_codelet_r2cf_5","undefined fftwf_codelet_r2cf_5(void)","OK","libfftw3f-3.dll.decompiled.part-0001.c"
"63796270","r2cf_6","undefined r2cf_6(void)","OK","libfftw3f-3.dll.decompiled.part-0001.c"
"63796400","fftwf_codelet_r2cf_6","undefined fftwf_codelet_r2cf_6(void)","OK","libfftw3f-3.dll.decompiled.part-0001.c"
"63796420","r2cf_7","undefined r2cf_7(void)","OK","libfftw3f-3.dll.decompiled.part-0001.c"
"63796700","fftwf_codelet_r2cf_7","undefined fftwf_codelet_r2cf_7(void)","OK","libfftw3f-3.dll.decompiled.part-0001.c"
"63796720","r2cf_8","undefined r2cf_8(void)","OK","libfftw3f-3.dll.decompiled.part-0001.c"
"63796910","fftwf_codelet_r2cf_8","undefined fftwf_codelet_r2cf_8(void)","OK","libfftw3f-3.dll.decompiled.part-0001.c"
"63796930","r2cf_9","undefined r2cf_9(void)","OK","libfftw3f-3.dll.decompiled.part-0001.c"
"63796ce0","fftwf_codelet_r2cf_9","undefined fftwf_codelet_r2cf_9(void)","OK","libfftw3f-3.dll.decompiled.part-0001.c"
"63796d00","r2cf_10","undefined r2cf_10(void)","OK","libfftw3f-3.dll.decompiled.part-0001.c"
"63797020","fftwf_codelet_r2cf_10","undefined fftwf_codelet_r2cf_10(void)","OK","libfftw3f-3.dll.decompiled.part-0001.c"
"63797040","r2cf_11","undefined r2cf_11(void)","OK","libfftw3f-3.dll.decompiled.part-0001.c"
"637975a0","fftwf_codelet_r2cf_11","undefined fftwf_codelet_r2cf_11(void)","OK","libfftw3f-3.dll.decompiled.part-0001.c"
"637975c0","r2cf_12","undefined r2cf_12(void)","OK","libfftw3f-3.dll.decompiled.part-0001.c"
"63797930","fftwf_codelet_r2cf_12","undefined fftwf_codelet_r2cf_12(void)","OK","libfftw3f-3.dll.decompiled.part-0001.c"
"63797950","r2cf_13","undefined r2cf_13(void)","OK","libfftw3f-3.dll.decompiled.part-0001.c"
"63797eb0","fftwf_codelet_r2cf_13","undefined fftwf_codelet_r2cf_13(void)","OK","libfftw3f-3.dll.decompiled.part-0001.c"
"63797ed0","r2cf_14","undefined r2cf_14(void)","OK","libfftw3f-3.dll.decompiled.part-0001.c"
"63798420","fftwf_codelet_r2cf_14","undefined fftwf_codelet_r2cf_14(void)","OK","libfftw3f-3.dll.decompiled.part-0001.c"
"63798440","r2cf_15","undefined r2cf_15(void)","OK","libfftw3f-3.dll.decompiled.part-0001.c"
"63798970","fftwf_codelet_r2cf_15","undefined fftwf_codelet_r2cf_15(void)","OK","libfftw3f-3.dll.decompiled.part-0001.c"
"63798990","r2cf_16","undefined r2cf_16(void)","OK","libfftw3f-3.dll.decompiled.part-0001.c"
"63798e20","fftwf_codelet_r2cf_16","undefined fftwf_codelet_r2cf_16(void)","OK","libfftw3f-3.dll.decompiled.part-0001.c"
"63798e40","r2cf_32","undefined r2cf_32(void)","OK","libfftw3f-3.dll.decompiled.part-0001.c"
"63799900","fftwf_codelet_r2cf_32","undefined fftwf_codelet_r2cf_32(void)","OK","libfftw3f-3.dll.decompiled.part-0001.c"
"63799920","r2cf_64","undefined r2cf_64(void)","OK","libfftw3f-3.dll.decompiled.part-0001.c"
"6379b460","fftwf_codelet_r2cf_64","undefined fftwf_codelet_r2cf_64(void)","OK","libfftw3f-3.dll.decompiled.part-0001.c"
"6379b480","r2cf_128","undefined r2cf_128(void)","OK","libfftw3f-3.dll.decompiled.part-0001.c"
"6379f8b0","fftwf_codelet_r2cf_128","undefined fftwf_codelet_r2cf_128(void)","OK","libfftw3f-3.dll.decompiled.part-0001.c"
"6379f8d0","r2cf_20","undefined r2cf_20(void)","OK","libfftw3f-3.dll.decompiled.part-0001.c"
"6379ff40","fftwf_codelet_r2cf_20","undefined fftwf_codelet_r2cf_20(void)","OK","libfftw3f-3.dll.decompiled.part-0001.c"
"6379ff60","r2cf_25","undefined r2cf_25(void)","OK","libfftw3f-3.dll.decompiled.part-0001.c"
"637a0fb0","fftwf_codelet_r2cf_25","undefined fftwf_codelet_r2cf_25(void)","OK","libfftw3f-3.dll.decompiled.part-0001.c"
"637a0fd0","hf_2","undefined hf_2(void)","OK","libfftw3f-3.dll.decompiled.part-0001.c"
"637a10d0","fftwf_codelet_hf_2","undefined fftwf_codelet_hf_2(void)","OK","libfftw3f-3.dll.decompiled.part-0001.c"
"637a10f0","hf_3","undefined hf_3(void)","OK","libfftw3f-3.dll.decompiled.part-0001.c"
"637a12e0","fftwf_codelet_hf_3","undefined fftwf_codelet_hf_3(void)","OK","libfftw3f-3.dll.decompiled.part-0001.c"
"637a1300","hf_4","undefined hf_4(void)","OK","libfftw3f-3.dll.decompiled.part-0001.c"
"637a1550","fftwf_codelet_hf_4","undefined fftwf_codelet_hf_4(void)","OK","libfftw3f-3.dll.decompiled.part-0001.c"
"637a1570","hf_5","undefined hf_5(void)","OK","libfftw3f-3.dll.decompiled.part-0001.c"
"637a1940","fftwf_codelet_hf_5","undefined fftwf_codelet_hf_5(void)","OK","libfftw3f-3.dll.decompiled.part-0001.c"
"637a1960","hf_6","undefined hf_6(void)","OK","libfftw3f-3.dll.decompiled.part-0001.c"
"637a1d90","fftwf_codelet_hf_6","undefined fftwf_codelet_hf_6(void)","OK","libfftw3f-3.dll.decompiled.part-0001.c"
"637a1db0","hf_7","undefined hf_7(void)","OK","libfftw3f-3.dll.decompiled.part-0001.c"
"637a2440","fftwf_codelet_hf_7","undefined fftwf_codelet_hf_7(void)","OK","libfftw3f-3.dll.decompiled.part-0001.c"
"637a2460","hf_8","undefined hf_8(void)","OK","libfftw3f-3.dll.decompiled.part-0001.c"
"637a2a20","fftwf_codelet_hf_8","undefined fftwf_codelet_hf_8(void)","OK","libfftw3f-3.dll.decompiled.part-0001.c"
"637a2a40","hf_9","undefined hf_9(void)","OK","libfftw3f-3.dll.decompiled.part-0001.c"
"637a32c0","fftwf_codelet_hf_9","undefined fftwf_codelet_hf_9(void)","OK","libfftw3f-3.dll.decompiled.part-0001.c"
"637a32e0","hf_10","undefined hf_10(void)","OK","libfftw3f-3.dll.decompiled.part-0001.c"
"637a3bb0","fftwf_codelet_hf_10","undefined fftwf_codelet_hf_10(void)","OK","libfftw3f-3.dll.decompiled.part-0001.c"
"637a3bd0","hf_12","undefined hf_12(void)","OK","libfftw3f-3.dll.decompiled.part-0001.c"
"637a4640","fftwf_codelet_hf_12","undefined fftwf_codelet_hf_12(void)","OK","libfftw3f-3.dll.decompiled.part-0001.c"
"637a4660","hf_15","undefined hf_15(void)","OK","libfftw3f-3.dll.decompiled.part-0001.c"
"637a5620","fftwf_codelet_hf_15","undefined fftwf_codelet_hf_15(void)","OK","libfftw3f-3.dll.decompiled.part-0001.c"
"637a5640","hf_16","undefined hf_16(void)","OK","libfftw3f-3.dll.decompiled.part-0001.c"
"637a64a0","fftwf_codelet_hf_16","undefined fftwf_codelet_hf_16(void)","OK","libfftw3f-3.dll.decompiled.part-0001.c"
"637a64c0","hf_32","undefined hf_32(void)","OK","libfftw3f-3.dll.decompiled.part-0001.c"
"637a8770","fftwf_codelet_hf_32","undefined fftwf_codelet_hf_32(void)","OK","libfftw3f-3.dll.decompiled.part-0001.c"
"637a8790","hf_64","undefined hf_64(void)","OK","libfftw3f-3.dll.decompiled.part-0001.c"
"637adc50","fftwf_codelet_hf_64","undefined fftwf_codelet_hf_64(void)","OK","libfftw3f-3.dll.decompiled.part-0001.c"
"637adc70","hf_20","undefined hf_20(void)","OK","libfftw3f-3.dll.decompiled.part-0001.c"
"637af190","fftwf_codelet_hf_20","undefined fftwf_codelet_hf_20(void)","OK","libfftw3f-3.dll.decompiled.part-0001.c"
"637af1b0","hf_25","undefined hf_25(void)","OK","libfftw3f-3.dll.decompiled.part-0001.c"
"637b13e0","fftwf_codelet_hf_25","undefined fftwf_codelet_hf_25(void)","OK","libfftw3f-3.dll.decompiled.part-0001.c"
"637b1400","hf2_4","undefined hf2_4(void)","OK","libfftw3f-3.dll.decompiled.part-0001.c"
"637b1670","fftwf_codelet_hf2_4","undefined fftwf_codelet_hf2_4(void)","OK","libfftw3f-3.dll.decompiled.part-0001.c"
"637b1690","hf2_8","undefined hf2_8(void)","OK","libfftw3f-3.dll.decompiled.part-0001.c"
"637b1cf0","fftwf_codelet_hf2_8","undefined fftwf_codelet_hf2_8(void)","OK","libfftw3f-3.dll.decompiled.part-0001.c"
"637b1d10","hf2_16","undefined hf2_16(void)","OK","libfftw3f-3.dll.decompiled.part-0001.c"
"637b2d50","fftwf_codelet_hf2_16","undefined fftwf_codelet_hf2_16(void)","OK","libfftw3f-3.dll.decompiled.part-0001.c"
"637b2d70","hf2_32","undefined hf2_32(void)","OK","libfftw3f-3.dll.decompiled.part-0001.c"
"637b5720","fftwf_codelet_hf2_32","undefined fftwf_codelet_hf2_32(void)","OK","libfftw3f-3.dll.decompiled.part-0001.c"
"637b5740","hf2_5","undefined hf2_5(void)","OK","libfftw3f-3.dll.decompiled.part-0001.c"
"637b5b40","fftwf_codelet_hf2_5","undefined fftwf_codelet_hf2_5(void)","OK","libfftw3f-3.dll.decompiled.part-0001.c"
"637b5b60","hf2_20","undefined hf2_20(void)","OK","libfftw3f-3.dll.decompiled.part-0001.c"
"637b7420","fftwf_codelet_hf2_20","undefined fftwf_codelet_hf2_20(void)","OK","libfftw3f-3.dll.decompiled.part-0001.c"
"637b7440","hf2_25","undefined hf2_25(void)","OK","libfftw3f-3.dll.decompiled.part-0001.c"
"637b9b60","fftwf_codelet_hf2_25","undefined fftwf_codelet_hf2_25(void)","OK","libfftw3f-3.dll.decompiled.part-0001.c"
"637b9b80","r2cfII_2","undefined r2cfII_2(void)","OK","libfftw3f-3.dll.decompiled.part-0001.c"
"637b9be0","fftwf_codelet_r2cfII_2","undefined fftwf_codelet_r2cfII_2(void)","OK","libfftw3f-3.dll.decompiled.part-0001.c"
"637b9c00","r2cfII_3","undefined r2cfII_3(void)","OK","libfftw3f-3.dll.decompiled.part-0001.c"
"637b9d00","fftwf_codelet_r2cfII_3","undefined fftwf_codelet_r2cfII_3(void)","OK","libfftw3f-3.dll.decompiled.part-0001.c"
"637b9d20","r2cfII_4","undefined r2cfII_4(void)","OK","libfftw3f-3.dll.decompiled.part-0001.c"
"637b9e30","fftwf_codelet_r2cfII_4","undefined fftwf_codelet_r2cfII_4(void)","OK","libfftw3f-3.dll.decompiled.part-0001.c"
"637b9e50","r2cfII_5","undefined r2cfII_5(void)","OK","libfftw3f-3.dll.decompiled.part-0001.c"
"637ba020","fftwf_codelet_r2cfII_5","undefined fftwf_codelet_r2cfII_5(void)","OK","libfftw3f-3.dll.decompiled.part-0001.c"
"637ba040","r2cfII_6","undefined r2cfII_6(void)","OK","libfftw3f-3.dll.decompiled.part-0001.c"
"637ba1f0","fftwf_codelet_r2cfII_6","undefined fftwf_codelet_r2cfII_6(void)","OK","libfftw3f-3.dll.decompiled.part-0001.c"
"637ba210","r2cfII_7","undefined r2cfII_7(void)","OK","libfftw3f-3.dll.decompiled.part-0001.c"
"637ba4f0","fftwf_codelet_r2cfII_7","undefined fftwf_codelet_r2cfII_7(void)","OK","libfftw3f-3.dll.decompiled.part-0001.c"
"637ba510","r2cfII_8","undefined r2cfII_8(void)","OK","libfftw3f-3.dll.decompiled.part-0001.c"
"637ba7a0","fftwf_codelet_r2cfII_8","undefined fftwf_codelet_r2cfII_8(void)","OK","libfftw3f-3.dll.decompiled.part-0001.c"
"637ba7c0","r2cfII_9","undefined r2cfII_9(void)","OK","libfftw3f-3.dll.decompiled.part-0001.c"
"637bab90","fftwf_codelet_r2cfII_9","undefined fftwf_codelet_r2cfII_9(void)","OK","libfftw3f-3.dll.decompiled.part-0001.c"
"637babb0","r2cfII_10","undefined r2cfII_10(void)","OK","libfftw3f-3.dll.decompiled.part-0001.c"
"637baec0","fftwf_codelet_r2cfII_10","undefined fftwf_codelet_r2cfII_10(void)","OK","libfftw3f-3.dll.decompiled.part-0001.c"
"637baee0","r2cfII_12","undefined r2cfII_12(void)","OK","libfftw3f-3.dll.decompiled.part-0001.c"
"637bb260","fftwf_codelet_r2cfII_12","undefined fftwf_codelet_r2cfII_12(void)","OK","libfftw3f-3.dll.decompiled.part-0001.c"
"637bb280","r2cfII_15","undefined r2cfII_15(void)","OK","libfftw3f-3.dll.decompiled.part-0001.c"
"637bb820","fftwf_codelet_r2cfII_15","undefined fftwf_codelet_r2cfII_15(void)","OK","libfftw3f-3.dll.decompiled.part-0001.c"
"637bb840","r2cfII_16","undefined r2cfII_16(void)","OK","libfftw3f-3.dll.decompiled.part-0001.c"
"637bbdd0","fftwf_codelet_r2cfII_16","undefined fftwf_codelet_r2cfII_16(void)","OK","libfftw3f-3.dll.decompiled.part-0001.c"
"637bbdf0","r2cfII_32","undefined r2cfII_32(void)","OK","libfftw3f-3.dll.decompiled.part-0001.c"
"637bcab0","fftwf_codelet_r2cfII_32","undefined fftwf_codelet_r2cfII_32(void)","OK","libfftw3f-3.dll.decompiled.part-0001.c"
"637bcad0","r2cfII_64","undefined r2cfII_64(void)","OK","libfftw3f-3.dll.decompiled.part-0001.c"
"637beb40","fftwf_codelet_r2cfII_64","undefined fftwf_codelet_r2cfII_64(void)","OK","libfftw3f-3.dll.decompiled.part-0001.c"
"637beb60","r2cfII_20","undefined r2cfII_20(void)","OK","libfftw3f-3.dll.decompiled.part-0001.c"
"637bf2f0","fftwf_codelet_r2cfII_20","undefined fftwf_codelet_r2cfII_20(void)","OK","libfftw3f-3.dll.decompiled.part-0001.c"
"637bf310","r2cfII_25","undefined r2cfII_25(void)","OK","libfftw3f-3.dll.decompiled.part-0001.c"
"637c03f0","fftwf_codelet_r2cfII_25","undefined fftwf_codelet_r2cfII_25(void)","OK","libfftw3f-3.dll.decompiled.part-0001.c"
"637c0410","hc2cf_2","undefined hc2cf_2(void)","OK","libfftw3f-3.dll.decompiled.part-0001.c"
"637c0500","fftwf_codelet_hc2cf_2","undefined fftwf_codelet_hc2cf_2(void)","OK","libfftw3f-3.dll.decompiled.part-0001.c"
"637c0520","hc2cf_4","undefined hc2cf_4(void)","OK","libfftw3f-3.dll.decompiled.part-0001.c"
"637c0770","fftwf_codelet_hc2cf_4","undefined fftwf_codelet_hc2cf_4(void)","OK","libfftw3f-3.dll.decompiled.part-0001.c"
"637c0790","hc2cf_6","undefined hc2cf_6(void)","OK","libfftw3f-3.dll.decompiled.part-0001.c"
"637c0bd0","fftwf_codelet_hc2cf_6","undefined fftwf_codelet_hc2cf_6(void)","OK","libfftw3f-3.dll.decompiled.part-0001.c"
"637c0bf0","hc2cf_8","undefined hc2cf_8(void)","OK","libfftw3f-3.dll.decompiled.part-0001.c"
"637c1170","fftwf_codelet_hc2cf_8","undefined fftwf_codelet_hc2cf_8(void)","OK","libfftw3f-3.dll.decompiled.part-0001.c"
"637c1190","hc2cf_10","undefined hc2cf_10(void)","OK","libfftw3f-3.dll.decompiled.part-0001.c"
"637c1a80","fftwf_codelet_hc2cf_10","undefined fftwf_codelet_hc2cf_10(void)","OK","libfftw3f-3.dll.decompiled.part-0001.c"
"637c1aa0","hc2cf_12","undefined hc2cf_12(void)","OK","libfftw3f-3.dll.decompiled.part-0001.c"
"637c24e0","fftwf_codelet_hc2cf_12","undefined fftwf_codelet_hc2cf_12(void)","OK","libfftw3f-3.dll.decompiled.part-0001.c"
"637c2500","hc2cf_16","undefined hc2cf_16(void)","OK","libfftw3f-3.dll.decompiled.part-0001.c"
"637c3320","fftwf_codelet_hc2cf_16","undefined fftwf_codelet_hc2cf_16(void)","OK","libfftw3f-3.dll.decompiled.part-0001.c"
"637c3340","hc2cf_32","undefined hc2cf_32(void)","OK","libfftw3f-3.dll.decompiled.part-0001.c"
"637c55d0","fftwf_codelet_hc2cf_32","undefined fftwf_codelet_hc2cf_32(void)","OK","libfftw3f-3.dll.decompiled.part-0001.c"
"637c55f0","hc2cf_20","undefined hc2cf_20(void)","OK","libfftw3f-3.dll.decompiled.part-0001.c"
"637c6ad0","fftwf_codelet_hc2cf_20","undefined fftwf_codelet_hc2cf_20(void)","OK","libfftw3f-3.dll.decompiled.part-0001.c"
"637c6af0","hc2cf2_4","undefined hc2cf2_4(void)","OK","libfftw3f-3.dll.decompiled.part-0001.c"
"637c6d60","fftwf_codelet_hc2cf2_4","undefined fftwf_codelet_hc2cf2_4(void)","OK","libfftw3f-3.dll.decompiled.part-0001.c"
"637c6d80","hc2cf2_8","undefined hc2cf2_8(void)","OK","libfftw3f-3.dll.decompiled.part-0001.c"
"637c73d0","fftwf_codelet_hc2cf2_8","undefined fftwf_codelet_hc2cf2_8(void)","OK","libfftw3f-3.dll.decompiled.part-0001.c"
"637c73f0","hc2cf2_16","undefined hc2cf2_16(void)","OK","libfftw3f-3.dll.decompiled.part-0001.c"
"637c83f0","fftwf_codelet_hc2cf2_16","undefined fftwf_codelet_hc2cf2_16(void)","OK","libfftw3f-3.dll.decompiled.part-0001.c"
"637c8410","hc2cf2_32","undefined hc2cf2_32(void)","OK","libfftw3f-3.dll.decompiled.part-0001.c"
"637cad10","fftwf_codelet_hc2cf2_32","undefined fftwf_codelet_hc2cf2_32(void)","OK","libfftw3f-3.dll.decompiled.part-0001.c"
"637cad30","hc2cf2_20","undefined hc2cf2_20(void)","OK","libfftw3f-3.dll.decompiled.part-0001.c"
"637cc510","fftwf_codelet_hc2cf2_20","undefined fftwf_codelet_hc2cf2_20(void)","OK","libfftw3f-3.dll.decompiled.part-0001.c"
"637cc530","hc2cfdft_2","undefined hc2cfdft_2(void)","OK","libfftw3f-3.dll.decompiled.part-0001.c"
"637ccd10","fftwf_codelet_hc2cfdft_2","undefined fftwf_codelet_hc2cfdft_2(void)","OK","libfftw3f-3.dll.decompiled.part-0001.c"
"637ccd30","hc2cfdft_4","undefined hc2cfdft_4(void)","OK","libfftw3f-3.dll.decompiled.part-0001.c"
"637ccfe0","fftwf_codelet_hc2cfdft_4","undefined fftwf_codelet_hc2cfdft_4(void)","OK","libfftw3f-3.dll.decompiled.part-0001.c"
"637cd000","hc2cfdft_6","undefined hc2cfdft_6(void)","OK","libfftw3f-3.dll.decompiled.part-0001.c"
"637cd4d0","fftwf_codelet_hc2cfdft_6","undefined fftwf_codelet_hc2cfdft_6(void)","OK","libfftw3f-3.dll.decompiled.part-0001.c"
"637cd4f0","hc2cfdft_8","undefined hc2cfdft_8(void)","OK","libfftw3f-3.dll.decompiled.part-0001.c"
"637cdbb0","fftwf_codelet_hc2cfdft_8","undefined fftwf_codelet_hc2cfdft_8(void)","OK","libfftw3f-3.dll.decompiled.part-0001.c"
"637cdbd0","hc2cfdft_10","undefined hc2cfdft_10(void)","OK","libfftw3f-3.dll.decompiled.part-0001.c"
"637ce5f0","fftwf_codelet_hc2cfdft_10","undefined fftwf_codelet_hc2cfdft_10(void)","OK","libfftw3f-3.dll.decompiled.part-0001.c"
"637ce610","hc2cfdft_12","undefined hc2cfdft_12(void)","OK","libfftw3f-3.dll.decompiled.part-0001.c"
"637cf190","fftwf_codelet_hc2cfdft_12","undefined fftwf_codelet_hc2cfdft_12(void)","OK","libfftw3f-3.dll.decompiled.part-0001.c"
"637cf1b0","hc2cfdft_16","undefined hc2cfdft_16(void)","OK","libfftw3f-3.dll.decompiled.part-0001.c"
"637d0130","fftwf_codelet_hc2cfdft_16","undefined fftwf_codelet_hc2cfdft_16(void)","OK","libfftw3f-3.dll.decompiled.part-0001.c"
"637d0150","hc2cfdft_32","undefined hc2cfdft_32(void)","OK","libfftw3f-3.dll.decompiled.part-0001.c"
"637d2770","fftwf_codelet_hc2cfdft_32","undefined fftwf_codelet_hc2cfdft_32(void)","OK","libfftw3f-3.dll.decompiled.part-0001.c"
"637d2790","hc2cfdft_20","undefined hc2cfdft_20(void)","OK","libfftw3f-3.dll.decompiled.part-0001.c"
"637d3e20","fftwf_codelet_hc2cfdft_20","undefined fftwf_codelet_hc2cfdft_20(void)","OK","libfftw3f-3.dll.decompiled.part-0001.c"
"637d3e40","hc2cfdft2_4","undefined hc2cfdft2_4(void)","OK","libfftw3f-3.dll.decompiled.part-0001.c"
"637d4150","fftwf_codelet_hc2cfdft2_4","undefined fftwf_codelet_hc2cfdft2_4(void)","OK","libfftw3f-3.dll.decompiled.part-0001.c"
"637d4170","hc2cfdft2_8","undefined hc2cfdft2_8(void)","OK","libfftw3f-3.dll.decompiled.part-0001.c"
"637d48e0","fftwf_codelet_hc2cfdft2_8","undefined fftwf_codelet_hc2cfdft2_8(void)","OK","libfftw3f-3.dll.decompiled.part-0001.c"
"637d4900","hc2cfdft2_16","undefined hc2cfdft2_16(void)","OK","libfftw3f-3.dll.decompiled.part-0001.c"
"637d5ab0","fftwf_codelet_hc2cfdft2_16","undefined fftwf_codelet_hc2cfdft2_16(void)","OK","libfftw3f-3.dll.decompiled.part-0001.c"
"637d5ad0","hc2cfdft2_32","undefined hc2cfdft2_32(void)","OK","libfftw3f-3.dll.decompiled.part-0001.c"
"637d8840","fftwf_codelet_hc2cfdft2_32","undefined fftwf_codelet_hc2cfdft2_32(void)","OK","libfftw3f-3.dll.decompiled.part-0001.c"
"637d8860","hc2cfdft2_20","undefined hc2cfdft2_20(void)","OK","libfftw3f-3.dll.decompiled.part-0001.c"
"637da2c0","fftwf_codelet_hc2cfdft2_20","undefined fftwf_codelet_hc2cfdft2_20(void)","OK","libfftw3f-3.dll.decompiled.part-0001.c"
"637da2e0",".text","undefined .text(void)","OK","libfftw3f-3.dll.decompiled.part-0001.c"
"637da360","fftwf_codelet_r2cb_2","undefined fftwf_codelet_r2cb_2(void)","OK","libfftw3f-3.dll.decompiled.part-0001.c"
"637da380","r2cb_3","undefined r2cb_3(void)","OK","libfftw3f-3.dll.decompiled.part-0001.c"
"637da440","fftwf_codelet_r2cb_3","undefined fftwf_codelet_r2cb_3(void)","OK","libfftw3f-3.dll.decompiled.part-0001.c"
"637da460","r2cb_4","undefined r2cb_4(void)","OK","libfftw3f-3.dll.decompiled.part-0001.c"
"637da540","fftwf_codelet_r2cb_4","undefined fftwf_codelet_r2cb_4(void)","OK","libfftw3f-3.dll.decompiled.part-0001.c"
"637da560","r2cb_5","undefined r2cb_5(void)","OK","libfftw3f-3.dll.decompiled.part-0001.c"
"637da720","fftwf_codelet_r2cb_5","undefined fftwf_codelet_r2cb_5(void)","OK","libfftw3f-3.dll.decompiled.part-0001.c"
"637da740","r2cb_6","undefined r2cb_6(void)","OK","libfftw3f-3.dll.decompiled.part-0001.c"
"637da8b0","fftwf_codelet_r2cb_6","undefined fftwf_codelet_r2cb_6(void)","OK","libfftw3f-3.dll.decompiled.part-0001.c"
"637da8d0","r2cb_7","undefined r2cb_7(void)","OK","libfftw3f-3.dll.decompiled.part-0001.c"
"637dabc0","fftwf_codelet_r2cb_7","undefined fftwf_codelet_r2cb_7(void)","OK","libfftw3f-3.dll.decompiled.part-0001.c"
"637dabe0","r2cb_8","undefined r2cb_8(void)","OK","libfftw3f-3.dll.decompiled.part-0001.c"
"637dadd0","fftwf_codelet_r2cb_8","undefined fftwf_codelet_r2cb_8(void)","OK","libfftw3f-3.dll.decompiled.part-0001.c"
"637dadf0","r2cb_9","undefined r2cb_9(void)","OK","libfftw3f-3.dll.decompiled.part-0001.c"
"637db110","fftwf_codelet_r2cb_9","undefined fftwf_codelet_r2cb_9(void)","OK","libfftw3f-3.dll.decompiled.part-0001.c"
"637db130","r2cb_10","undefined r2cb_10(void)","OK","libfftw3f-3.dll.decompiled.part-0001.c"
"637db460","fftwf_codelet_r2cb_10","undefined fftwf_codelet_r2cb_10(void)","OK","libfftw3f-3.dll.decompiled.part-0001.c"
"637db480","r2cb_11","undefined r2cb_11(void)","OK","libfftw3f-3.dll.decompiled.part-0001.c"
"637dba10","fftwf_codelet_r2cb_11","undefined fftwf_codelet_r2cb_11(void)","OK","libfftw3f-3.dll.decompiled.part-0001.c"
"637dba30","r2cb_12","undefined r2cb_12(void)","OK","libfftw3f-3.dll.decompiled.part-0001.c"
"637dbd60","fftwf_codelet_r2cb_12","undefined fftwf_codelet_r2cb_12(void)","OK","libfftw3f-3.dll.decompiled.part-0001.c"
"637dbd80","r2cb_13","undefined r2cb_13(void)","OK","libfftw3f-3.dll.decompiled.part-0001.c"
"637dc2e0","fftwf_codelet_r2cb_13","undefined fftwf_codelet_r2cb_13(void)","OK","libfftw3f-3.dll.decompiled.part-0001.c"
"637dc300","r2cb_14","undefined r2cb_14(void)","OK","libfftw3f-3.dll.decompiled.part-0001.c"
"637dc870","fftwf_codelet_r2cb_14","undefined fftwf_codelet_r2cb_14(void)","OK","libfftw3f-3.dll.decompiled.part-0001.c"
"637dc890","r2cb_15","undefined r2cb_15(void)","OK","libfftw3f-3.dll.decompiled.part-0001.c"
"637dcde0","fftwf_codelet_r2cb_15","undefined fftwf_codelet_r2cb_15(void)","OK","libfftw3f-3.dll.decompiled.part-0001.c"
"637dce00","r2cb_16","undefined r2cb_16(void)","OK","libfftw3f-3.dll.decompiled.part-0001.c"
"637dd2a0","fftwf_codelet_r2cb_16","undefined fftwf_codelet_r2cb_16(void)","OK","libfftw3f-3.dll.decompiled.part-0001.c"
"637dd2c0","r2cb_32","undefined r2cb_32(void)","OK","libfftw3f-3.dll.decompiled.part-0001.c"
"637dde00","fftwf_codelet_r2cb_32","undefined fftwf_codelet_r2cb_32(void)","OK","libfftw3f-3.dll.decompiled.part-0001.c"
"637dde20","r2cb_64","undefined r2cb_64(void)","OK","libfftw3f-3.dll.decompiled.part-0001.c"
"637dfb20","fftwf_codelet_r2cb_64","undefined fftwf_codelet_r2cb_64(void)","OK","libfftw3f-3.dll.decompiled.part-0001.c"
"637dfb40","r2cb_128","undefined r2cb_128(void)","OK","libfftw3f-3.dll.decompiled.part-0001.c"
"637e4130","fftwf_codelet_r2cb_128","undefined fftwf_codelet_r2cb_128(void)","OK","libfftw3f-3.dll.decompiled.part-0001.c"
"637e4150","r2cb_20","undefined r2cb_20(void)","OK","libfftw3f-3.dll.decompiled.part-0001.c"
"637e4820","fftwf_codelet_r2cb_20","undefined fftwf_codelet_r2cb_20(void)","OK","libfftw3f-3.dll.decompiled.part-0001.c"
"637e4840","r2cb_25","undefined r2cb_25(void)","OK","libfftw3f-3.dll.decompiled.part-0001.c"
"637e5440","fftwf_codelet_r2cb_25","undefined fftwf_codelet_r2cb_25(void)","OK","libfftw3f-3.dll.decompiled.part-0001.c"
"637e5460","hb_2","undefined hb_2(void)","OK","libfftw3f-3.dll.decompiled.part-0001.c"
"637e5530","fftwf_codelet_hb_2","undefined fftwf_codelet_hb_2(void)","OK","libfftw3f-3.dll.decompiled.part-0001.c"
"637e5550","hb_3","undefined hb_3(void)","OK","libfftw3f-3.dll.decompiled.part-0001.c"
"637e5750","fftwf_codelet_hb_3","undefined fftwf_codelet_hb_3(void)","OK","libfftw3f-3.dll.decompiled.part-0001.c"
"637e5770","hb_4","undefined hb_4(void)","OK","libfftw3f-3.dll.decompiled.part-0001.c"
"637e5990","fftwf_codelet_hb_4","undefined fftwf_codelet_hb_4(void)","OK","libfftw3f-3.dll.decompiled.part-0001.c"
"637e59b0","hb_5","undefined hb_5(void)","OK","libfftw3f-3.dll.decompiled.part-0001.c"
"637e5d80","fftwf_codelet_hb_5","undefined fftwf_codelet_hb_5(void)","OK","libfftw3f-3.dll.decompiled.part-0001.c"
"637e5da0","hb_6","undefined hb_6(void)","OK","libfftw3f-3.dll.decompiled.part-0001.c"
"637e61f0","fftwf_codelet_hb_6","undefined fftwf_codelet_hb_6(void)","OK","libfftw3f-3.dll.decompiled.part-0001.c"
"637e6210","hb_7","undefined hb_7(void)","OK","libfftw3f-3.dll.decompiled.part-0001.c"
"637e68d0","fftwf_codelet_hb_7","undefined fftwf_codelet_hb_7(void)","OK","libfftw3f-3.dll.decompiled.part-0001.c"
"637e68f0","hb_8","undefined hb_8(void)","OK","libfftw3f-3.dll.decompiled.part-0001.c"
"637e6e90","fftwf_codelet_hb_8","undefined fftwf_codelet_hb_8(void)","OK","libfftw3f-3.dll.decompiled.part-0001.c"
"637e6eb0","hb_9","undefined hb_9(void)","OK","libfftw3f-3.dll.decompiled.part-0001.c"
"637e7750","fftwf_codelet_hb_9","undefined fftwf_codelet_hb_9(void)","OK","libfftw3f-3.dll.decompiled.part-0001.c"
"637e7770","hb_10","undefined hb_10(void)","OK","libfftw3f-3.dll.decompiled.part-0001.c"
"637e8030","fftwf_codelet_hb_10","undefined fftwf_codelet_hb_10(void)","OK","libfftw3f-3.dll.decompiled.part-0001.c"
"637e8050","hb_12","undefined hb_12(void)","OK","libfftw3f-3.dll.decompiled.part-0001.c"
"637e8a20","fftwf_codelet_hb_12","undefined fftwf_codelet_hb_12(void)","OK","libfftw3f-3.dll.decompiled.part-0001.c"
"637e8a40","hb_15","undefined hb_15(void)","OK","libfftw3f-3.dll.decompiled.part-0001.c"
"637e9b00","fftwf_codelet_hb_15","undefined fftwf_codelet_hb_15(void)","OK","libfftw3f-3.dll.decompiled.part-0001.c"
"637e9b20","hb_16","undefined hb_16(void)","OK","libfftw3f-3.dll.decompiled.part-0001.c"
"637eaa40","fftwf_codelet_hb_16","undefined fftwf_codelet_hb_16(void)","OK","libfftw3f-3.dll.decompiled.part-0001.c"
"637eaa60","hb_32","undefined hb_32(void)","OK","libfftw3f-3.dll.decompiled.part-0001.c"
"637ecf10","fftwf_codelet_hb_32","undefined fftwf_codelet_hb_32(void)","OK","libfftw3f-3.dll.decompiled.part-0001.c"
"637ecf30","hb_64","undefined hb_64(void)","OK","libfftw3f-3.dll.decompiled.part-0001.c"
"637f2870","fftwf_codelet_hb_64","undefined fftwf_codelet_hb_64(void)","OK","libfftw3f-3.dll.decompiled.part-0001.c"
"637f2890","hb_20","undefined hb_20(void)","OK","libfftw3f-3.dll.decompiled.part-0001.c"
"637f3df0","fftwf_codelet_hb_20","undefined fftwf_codelet_hb_20(void)","OK","libfftw3f-3.dll.decompiled.part-0001.c"
"637f3e10","hb_25","undefined hb_25(void)","OK","libfftw3f-3.dll.decompiled.part-0001.c"
"637f60d0","fftwf_codelet_hb_25","undefined fftwf_codelet_hb_25(void)","OK","libfftw3f-3.dll.decompiled.part-0001.c"
"637f60f0","hb2_4","undefined hb2_4(void)","OK","libfftw3f-3.dll.decompiled.part-0001.c"
"637f6390","fftwf_codelet_hb2_4","undefined fftwf_codelet_hb2_4(void)","OK","libfftw3f-3.dll.decompiled.part-0001.c"
"637f63b0","hb2_8","undefined hb2_8(void)","OK","libfftw3f-3.dll.decompiled.part-0001.c"
"637f6aa0","fftwf_codelet_hb2_8","undefined fftwf_codelet_hb2_8(void)","OK","libfftw3f-3.dll.decompiled.part-0001.c"
"637f6ac0","hb2_16","undefined hb2_16(void)","OK","libfftw3f-3.dll.decompiled.part-0001.c"
"637f7cd0","fftwf_codelet_hb2_16","undefined fftwf_codelet_hb2_16(void)","OK","libfftw3f-3.dll.decompiled.part-0001.c"
"637f7cf0","hb2_32","undefined hb2_32(void)","OK","libfftw3f-3.dll.decompiled.part-0001.c"
"637fab10","fftwf_codelet_hb2_32","undefined fftwf_codelet_hb2_32(void)","OK","libfftw3f-3.dll.decompiled.part-0001.c"
"637fab30","hb2_5","undefined hb2_5(void)","OK","libfftw3f-3.dll.decompiled.part-0001.c"
"637faf90","fftwf_codelet_hb2_5","undefined fftwf_codelet_hb2_5(void)","OK","libfftw3f-3.dll.decompiled.part-0001.c"
"637fafb0","hb2_20","undefined hb2_20(void)","OK","libfftw3f-3.dll.decompiled.part-0001.c"
"637fca00","fftwf_codelet_hb2_20","undefined fftwf_codelet_hb2_20(void)","OK","libfftw3f-3.dll.decompiled.part-0001.c"
"637fca20","hb2_25","undefined hb2_25(void)","OK","libfftw3f-3.dll.decompiled.part-0001.c"
"637ff310","fftwf_codelet_hb2_25","undefined fftwf_codelet_hb2_25(void)","OK","libfftw3f-3.dll.decompiled.part-0001.c"
"637ff330","r2cbIII_2","undefined r2cbIII_2(void)","OK","libfftw3f-3.dll.decompiled.part-0001.c"
"637ff3a0","fftwf_codelet_r2cbIII_2","undefined fftwf_codelet_r2cbIII_2(void)","OK","libfftw3f-3.dll.decompiled.part-0001.c"
"637ff3c0","r2cbIII_3","undefined r2cbIII_3(void)","OK","libfftw3f-3.dll.decompiled.part-0001.c"
"637ff490","fftwf_codelet_r2cbIII_3","undefined fftwf_codelet_r2cbIII_3(void)","OK","libfftw3f-3.dll.decompiled.part-0001.c"
"637ff4b0","r2cbIII_4","undefined r2cbIII_4(void)","OK","libfftw3f-3.dll.decompiled.part-0001.c"
"637ff5d0","fftwf_codelet_r2cbIII_4","undefined fftwf_codelet_r2cbIII_4(void)","OK","libfftw3f-3.dll.decompiled.part-0001.c"
"637ff5f0","r2cbIII_5","undefined r2cbIII_5(void)","OK","libfftw3f-3.dll.decompiled.part-0001.c"
"637ff7c0","fftwf_codelet_r2cbIII_5","undefined fftwf_codelet_r2cbIII_5(void)","OK","libfftw3f-3.dll.decompiled.part-0001.c"
"637ff7e0","r2cbIII_6","undefined r2cbIII_6(void)","OK","libfftw3f-3.dll.decompiled.part-0001.c"
"637ff960","fftwf_codelet_r2cbIII_6","undefined fftwf_codelet_r2cbIII_6(void)","OK","libfftw3f-3.dll.decompiled.part-0001.c"
"637ff980","r2cbIII_7","undefined r2cbIII_7(void)","OK","libfftw3f-3.dll.decompiled.part-0001.c"
"637ffc70","fftwf_codelet_r2cbIII_7","undefined fftwf_codelet_r2cbIII_7(void)","OK","libfftw3f-3.dll.decompiled.part-0001.c"
"637ffc90","r2cbIII_8","undefined r2cbIII_8(void)","OK","libfftw3f-3.dll.decompiled.part-0001.c"
"637fff30","fftwf_codelet_r2cbIII_8","undefined fftwf_codelet_r2cbIII_8(void)","OK","libfftw3f-3.dll.decompiled.part-0001.c"
"637fff50","r2cbIII_9","undefined r2cbIII_9(void)","OK","libfftw3f-3.dll.decompiled.part-0001.c"
"63800270","fftwf_codelet_r2cbIII_9","undefined fftwf_codelet_r2cbIII_9(void)","OK","libfftw3f-3.dll.decompiled.part-0001.c"
"63800290","r2cbIII_10","undefined r2cbIII_10(void)","OK","libfftw3f-3.dll.decompiled.part-0001.c"
"638005b0","fftwf_codelet_r2cbIII_10","undefined fftwf_codelet_r2cbIII_10(void)","OK","libfftw3f-3.dll.decompiled.part-0001.c"
"638005d0","r2cbIII_12","undefined r2cbIII_12(void)","OK","libfftw3f-3.dll.decompiled.part-0001.c"
"63800980","fftwf_codelet_r2cbIII_12","undefined fftwf_codelet_r2cbIII_12(void)","OK","libfftw3f-3.dll.decompiled.part-0001.c"
"638009a0","r2cbIII_15","undefined r2cbIII_15(void)","OK","libfftw3f-3.dll.decompiled.part-0001.c"
"63800e90","fftwf_codelet_r2cbIII_15","undefined fftwf_codelet_r2cbIII_15(void)","OK","libfftw3f-3.dll.decompiled.part-0001.c"
"63800eb0","r2cbIII_16","undefined r2cbIII_16(void)","OK","libfftw3f-3.dll.decompiled.part-0001.c"
"63801420","fftwf_codelet_r2cbIII_16","undefined fftwf_codelet_r2cbIII_16(void)","OK","libfftw3f-3.dll.decompiled.part-0001.c"
"63801440","r2cbIII_32","undefined r2cbIII_32(void)","OK","libfftw3f-3.dll.decompiled.part-0001.c"
"63802140","fftwf_codelet_r2cbIII_32","undefined fftwf_codelet_r2cbIII_32(void)","OK","libfftw3f-3.dll.decompiled.part-0001.c"
"63802160","r2cbIII_64","undefined r2cbIII_64(void)","OK","libfftw3f-3.dll.decompiled.part-0001.c"
"638042a0","fftwf_codelet_r2cbIII_64","undefined fftwf_codelet_r2cbIII_64(void)","OK","libfftw3f-3.dll.decompiled.part-0001.c"
"638042c0","r2cbIII_20","undefined r2cbIII_20(void)","OK","libfftw3f-3.dll.decompiled.part-0001.c"
"638049c0","fftwf_codelet_r2cbIII_20","undefined fftwf_codelet_r2cbIII_20(void)","OK","libfftw3f-3.dll.decompiled.part-0001.c"
"638049e0","r2cbIII_25","undefined r2cbIII_25(void)","OK","libfftw3f-3.dll.decompiled.part-0001.c"
"63805580","fftwf_codelet_r2cbIII_25","undefined fftwf_codelet_r2cbIII_25(void)","OK","libfftw3f-3.dll.decompiled.part-0001.c"
"638055a0","hc2cb_2","undefined hc2cb_2(void)","OK","libfftw3f-3.dll.decompiled.part-0001.c"
"63805660","fftwf_codelet_hc2cb_2","undefined fftwf_codelet_hc2cb_2(void)","OK","libfftw3f-3.dll.decompiled.part-0001.c"
"63805680","hc2cb_4","undefined hc2cb_4(void)","OK","libfftw3f-3.dll.decompiled.part-0001.c"
"638058a0","fftwf_codelet_hc2cb_4","undefined fftwf_codelet_hc2cb_4(void)","OK","libfftw3f-3.dll.decompiled.part-0001.c"
"638058c0","hc2cb_6","undefined hc2cb_6(void)","OK","libfftw3f-3.dll.decompiled.part-0001.c"
"63805d10","fftwf_codelet_hc2cb_6","undefined fftwf_codelet_hc2cb_6(void)","OK","libfftw3f-3.dll.decompiled.part-0001.c"
"63805d30","hc2cb_8","undefined hc2cb_8(void)","OK","libfftw3f-3.dll.decompiled.part-0001.c"
"638062b0","fftwf_codelet_hc2cb_8","undefined fftwf_codelet_hc2cb_8(void)","OK","libfftw3f-3.dll.decompiled.part-0001.c"
"638062d0","hc2cb_10","undefined hc2cb_10(void)","OK","libfftw3f-3.dll.decompiled.part-0001.c"
"63806b80","fftwf_codelet_hc2cb_10","undefined fftwf_codelet_hc2cb_10(void)","OK","libfftw3f-3.dll.decompiled.part-0001.c"
"63806ba0","hc2cb_12","undefined hc2cb_12(void)","OK","libfftw3f-3.dll.decompiled.part-0001.c"
"63807520","fftwf_codelet_hc2cb_12","undefined fftwf_codelet_hc2cb_12(void)","OK","libfftw3f-3.dll.decompiled.part-0001.c"
"63807540","hc2cb_16","undefined hc2cb_16(void)","OK","libfftw3f-3.dll.decompiled.part-0001.c"
"638083e0","fftwf_codelet_hc2cb_16","undefined fftwf_codelet_hc2cb_16(void)","OK","libfftw3f-3.dll.decompiled.part-0001.c"
"63808400","hc2cb_32","undefined hc2cb_32(void)","OK","libfftw3f-3.dll.decompiled.part-0001.c"
"6380a720","fftwf_codelet_hc2cb_32","undefined fftwf_codelet_hc2cb_32(void)","OK","libfftw3f-3.dll.decompiled.part-0001.c"
"6380a740","hc2cb_20","undefined hc2cb_20(void)","OK","libfftw3f-3.dll.decompiled.part-0001.c"
"6380bc70","fftwf_codelet_hc2cb_20","undefined fftwf_codelet_hc2cb_20(void)","OK","libfftw3f-3.dll.decompiled.part-0001.c"
"6380bc90","hc2cb2_4","undefined hc2cb2_4(void)","OK","libfftw3f-3.dll.decompiled.part-0001.c"
"6380bf20","fftwf_codelet_hc2cb2_4","undefined fftwf_codelet_hc2cb2_4(void)","OK","libfftw3f-3.dll.decompiled.part-0001.c"
"6380bf40","hc2cb2_8","undefined hc2cb2_8(void)","OK","libfftw3f-3.dll.decompiled.part-0001.c"
"6380c610","fftwf_codelet_hc2cb2_8","undefined fftwf_codelet_hc2cb2_8(void)","OK","libfftw3f-3.dll.decompiled.part-0001.c"
"6380c630","hc2cb2_16","undefined hc2cb2_16(void)","OK","libfftw3f-3.dll.decompiled.part-0001.c"
"6380d7c0","fftwf_codelet_hc2cb2_16","undefined fftwf_codelet_hc2cb2_16(void)","OK","libfftw3f-3.dll.decompiled.part-0001.c"
"6380d7e0","hc2cb2_32","undefined hc2cb2_32(void)","OK","libfftw3f-3.dll.decompiled.part-0001.c"
"63810480","fftwf_codelet_hc2cb2_32","undefined fftwf_codelet_hc2cb2_32(void)","OK","libfftw3f-3.dll.decompiled.part-0001.c"
"638104a0","hc2cb2_20","undefined hc2cb2_20(void)","OK","libfftw3f-3.dll.decompiled.part-0001.c"
"63811e80","fftwf_codelet_hc2cb2_20","undefined fftwf_codelet_hc2cb2_20(void)","OK","libfftw3f-3.dll.decompiled.part-0001.c"
"63811ea0","hc2cbdft_2","undefined hc2cbdft_2(void)","OK","libfftw3f-3.dll.decompiled.part-0001.c"
"63811fa0","fftwf_codelet_hc2cbdft_2","undefined fftwf_codelet_hc2cbdft_2(void)","OK","libfftw3f-3.dll.decompiled.part-0001.c"
"63811fc0","hc2cbdft_4","undefined hc2cbdft_4(void)","OK","libfftw3f-3.dll.decompiled.part-0001.c"
"63812230","fftwf_codelet_hc2cbdft_4","undefined fftwf_codelet_hc2cbdft_4(void)","OK","libfftw3f-3.dll.decompiled.part-0001.c"
"63812250","hc2cbdft_6","undefined hc2cbdft_6(void)","OK","libfftw3f-3.dll.decompiled.part-0001.c"
"63812710","fftwf_codelet_hc2cbdft_6","undefined fftwf_codelet_hc2cbdft_6(void)","OK","libfftw3f-3.dll.decompiled.part-0001.c"
"63812730","hc2cbdft_8","undefined hc2cbdft_8(void)","OK","libfftw3f-3.dll.decompiled.part-0001.c"
"63812d70","fftwf_codelet_hc2cbdft_8","undefined fftwf_codelet_hc2cbdft_8(void)","OK","libfftw3f-3.dll.decompiled.part-0001.c"
"63812d90","hc2cbdft_10","undefined hc2cbdft_10(void)","OK","libfftw3f-3.dll.decompiled.part-0001.c"
"63813710","fftwf_codelet_hc2cbdft_10","undefined fftwf_codelet_hc2cbdft_10(void)","OK","libfftw3f-3.dll.decompiled.part-0001.c"
"63813730","hc2cbdft_12","undefined hc2cbdft_12(void)","OK","libfftw3f-3.dll.decompiled.part-0001.c"
"638141f0","fftwf_codelet_hc2cbdft_12","undefined fftwf_codelet_hc2cbdft_12(void)","OK","libfftw3f-3.dll.decompiled.part-0001.c"
"63814210","hc2cbdft_16","undefined hc2cbdft_16(void)","OK","libfftw3f-3.dll.decompiled.part-0001.c"
"63815180","fftwf_codelet_hc2cbdft_16","undefined fftwf_codelet_hc2cbdft_16(void)","OK","libfftw3f-3.dll.decompiled.part-0001.c"
"638151a0","hc2cbdft_32","undefined hc2cbdft_32(void)","OK","libfftw3f-3.dll.decompiled.part-0001.c"
"63817800","fftwf_codelet_hc2cbdft_32","undefined fftwf_codelet_hc2cbdft_32(void)","OK","libfftw3f-3.dll.decompiled.part-0001.c"
"63817820","hc2cbdft_20","undefined hc2cbdft_20(void)","OK","libfftw3f-3.dll.decompiled.part-0001.c"
"63818f40","fftwf_codelet_hc2cbdft_20","undefined fftwf_codelet_hc2cbdft_20(void)","OK","libfftw3f-3.dll.decompiled.part-0001.c"
"63818f60","hc2cbdft2_4","undefined hc2cbdft2_4(void)","OK","libfftw3f-3.dll.decompiled.part-0001.c"
"638191d0","fftwf_codelet_hc2cbdft2_4","undefined fftwf_codelet_hc2cbdft2_4(void)","OK","libfftw3f-3.dll.decompiled.part-0001.c"
"638191f0","hc2cbdft2_8","undefined hc2cbdft2_8(void)","OK","libfftw3f-3.dll.decompiled.part-0001.c"
"63819830","fftwf_codelet_hc2cbdft2_8","undefined fftwf_codelet_hc2cbdft2_8(void)","OK","libfftw3f-3.dll.decompiled.part-0001.c"
"63819850","hc2cbdft2_16","undefined hc2cbdft2_16(void)","OK","libfftw3f-3.dll.decompiled.part-0001.c"
"6381a7c0","fftwf_codelet_hc2cbdft2_16","undefined fftwf_codelet_hc2cbdft2_16(void)","OK","libfftw3f-3.dll.decompiled.part-0001.c"
"6381a7e0","hc2cbdft2_32","undefined hc2cbdft2_32(void)","OK","libfftw3f-3.dll.decompiled.part-0001.c"
"6381ce40","fftwf_codelet_hc2cbdft2_32","undefined fftwf_codelet_hc2cbdft2_32(void)","OK","libfftw3f-3.dll.decompiled.part-0001.c"
"6381ce60","hc2cbdft2_20","undefined hc2cbdft2_20(void)","OK","libfftw3f-3.dll.decompiled.part-0001.c"
"6381e580","fftwf_codelet_hc2cbdft2_20","undefined fftwf_codelet_hc2cbdft2_20(void)","OK","libfftw3f-3.dll.decompiled.part-0001.c"
"6381e5a0",".text","undefined .text(void)","OK","libfftw3f-3.dll.decompiled.part-0001.c"
"6381e870","fftwf_codelet_e01_8","undefined fftwf_codelet_e01_8(void)","OK","libfftw3f-3.dll.decompiled.part-0001.c"
"6381e890","e10_8","undefined e10_8(void)","OK","libfftw3f-3.dll.decompiled.part-0001.c"
"6381eb60","fftwf_codelet_e10_8","undefined fftwf_codelet_e10_8(void)","OK","libfftw3f-3.dll.decompiled.part-0001.c"
"6381eb80",".text","undefined .text(void)","OK","libfftw3f-3.dll.decompiled.part-0001.c"
"6381eb90","apply_ro10","undefined apply_ro10(void)","OK","libfftw3f-3.dll.decompiled.part-0001.c"
"6381f440","apply_ro01","undefined apply_ro01(void)","OK","libfftw3f-3.dll.decompiled.part-0001.c"
"6381ff90","apply_re10","undefined apply_re10(void)","OK","libfftw3f-3.dll.decompiled.part-0001.c"
"638207e0","apply_re01","undefined apply_re01(void)","OK","libfftw3f-3.dll.decompiled.part-0001.c"
"63821380","destroy","undefined destroy(void)","OK","libfftw3f-3.dll.decompiled.part-0001.c"
"63821390","print","undefined print(void)","OK","libfftw3f-3.dll.decompiled.part-0001.c"
"638213e0","awake","undefined awake(void)","OK","libfftw3f-3.dll.decompiled.part-0001.c"
"63821440","mkplan","undefined mkplan(void)","OK","libfftw3f-3.dll.decompiled.part-0001.c"
"638216c0","fftwf_reodft010e_r2hc_register","undefined fftwf_reodft010e_r2hc_register(void)","OK","libfftw3f-3.dll.decompiled.part-0001.c"
"638216f0","apply_ro11","undefined apply_ro11(void)","OK","libfftw3f-3.dll.decompiled.part-0001.c"
"63821cd0","apply_re11","undefined apply_re11(void)","OK","libfftw3f-3.dll.decompiled.part-0001.c"
"638222b0","destroy","undefined destroy(void)","OK","libfftw3f-3.dll.decompiled.part-0001.c"
"638222c0","print","undefined print(void)","OK","libfftw3f-3.dll.decompiled.part-0001.c"
"63822310","awake","undefined awake(void)","OK","libfftw3f-3.dll.decompiled.part-0001.c"
"63822390","mkplan","undefined mkplan(void)","OK","libfftw3f-3.dll.decompiled.part-0001.c"
"638225b0","fftwf_reodft11e_radix2_r2hc_register","undefined fftwf_reodft11e_radix2_r2hc_register(void)","OK","libfftw3f-3.dll.decompiled.part-0001.c"
"638225e0","apply_ro11","undefined apply_ro11(void)","OK","libfftw3f-3.dll.decompiled.part-0001.c"
"63822dd0","apply_re11","undefined apply_re11(void)","OK","libfftw3f-3.dll.decompiled.part-0001.c"
"63823570","destroy","undefined destroy(void)","OK","libfftw3f-3.dll.decompiled.part-0001.c"
"63823580","print","undefined print(void)","OK","libfftw3f-3.dll.decompiled.part-0001.c"
"638235d0","awake","undefined awake(void)","OK","libfftw3f-3.dll.decompiled.part-0001.c"
"638235e0","mkplan","undefined mkplan(void)","OK","libfftw3f-3.dll.decompiled.part-0001.c"
"63823770","fftwf_reodft11e_r2hc_odd_register","undefined fftwf_reodft11e_r2hc_odd_register(void)","OK","libfftw3f-3.dll.decompiled.part-0001.c"
"638237a0","print","undefined print(void)","OK","libfftw3f-3.dll.decompiled.part-0001.c"
"638237e0","apply","undefined apply(void)","OK","libfftw3f-3.dll.decompiled.part-0001.c"
"63823c60","mkplan","undefined mkplan(void)","OK","libfftw3f-3.dll.decompiled.part-0001.c"
"63823e90","destroy","undefined destroy(void)","OK","libfftw3f-3.dll.decompiled.part-0001.c"
"63823eb0","awake","undefined awake(void)","OK","libfftw3f-3.dll.decompiled.part-0001.c"
"63823ee0","fftwf_redft00e_r2hc_pad_register","undefined fftwf_redft00e_r2hc_pad_register(void)","OK","libfftw3f-3.dll.decompiled.part-0001.c"
"63823f10","print","undefined print(void)","OK","libfftw3f-3.dll.decompiled.part-0001.c"
"63823f50","apply","undefined apply(void)","OK","libfftw3f-3.dll.decompiled.part-0001.c"
"638243f0","mkplan","undefined mkplan(void)","OK","libfftw3f-3.dll.decompiled.part-0001.c"
"63824620","destroy","undefined destroy(void)","OK","libfftw3f-3.dll.decompiled.part-0001.c"
"63824640","awake","undefined awake(void)","OK","libfftw3f-3.dll.decompiled.part-0001.c"
"63824670","fftwf_rodft00e_r2hc_pad_register","undefined fftwf_rodft00e_r2hc_pad_register(void)","OK","libfftw3f-3.dll.decompiled.part-0001.c"
"638246a0","apply_o","undefined apply_o(void)","OK","libfftw3f-3.dll.decompiled.part-0001.c"
"63824b00","apply_e","undefined apply_e(void)","OK","libfftw3f-3.dll.decompiled.part-0001.c"
"63824ef0","destroy","undefined destroy(void)","OK","libfftw3f-3.dll.decompiled.part-0001.c"
"63824f10","awake","undefined awake(void)","OK","libfftw3f-3.dll.decompiled.part-0001.c"
"63824f70","print","undefined print(void)","OK","libfftw3f-3.dll.decompiled.part-0001.c"
"63824fe0","mkplan","undefined mkplan(void)","OK","libfftw3f-3.dll.decompiled.part-0001.c"
"63825340","fftwf_reodft00e_splitradix_register","undefined fftwf_reodft00e_splitradix_register(void)","OK","libfftw3f-3.dll.decompiled.part-0001.c"
"63825370","mkplan","undefined mkplan(void)","OK","libfftw3f-3.dll.decompiled.part-0001.c"
"638254c0","fftwf_set_planner_hooks","undefined fftwf_set_planner_hooks(void)","OK","libfftw3f-3.dll.decompiled.part-0001.c"
"638254d0","fftwf_mkapiplan","undefined fftwf_mkapiplan(void)","OK","libfftw3f-3.dll.decompiled.part-0001.c"
"638256a0","fftwf_destroy_plan","undefined fftwf_destroy_plan(void)","OK","libfftw3f-3.dll.decompiled.part-0001.c"
"63825700","fftwf_alignment_of","undefined fftwf_alignment_of(void)","OK","libfftw3f-3.dll.decompiled.part-0001.c"
"63825710","fftwf_configure_planner","undefined fftwf_configure_planner(void)","OK","libfftw3f-3.dll.decompiled.part-0001.c"
"63825740","fftwf_execute_dft_c2r","undefined fftwf_execute_dft_c2r(void)","OK","libfftw3f-3.dll.decompiled.part-0001.c"
"63825780","fftwf_execute_dft_r2c","undefined fftwf_execute_dft_r2c(void)","OK","libfftw3f-3.dll.decompiled.part-0001.c"
"638257c0","fftwf_execute_dft","undefined fftwf_execute_dft(void)","OK","libfftw3f-3.dll.decompiled.part-0001.c"
"63825810","fftwf_execute_r2r","undefined fftwf_execute_r2r(void)","OK","libfftw3f-3.dll.decompiled.part-0001.c"
"63825820","fftwf_execute_split_dft_c2r","undefined fftwf_execute_split_dft_c2r(void)","OK","libfftw3f-3.dll.decompiled.part-0001.c"
"63825860","fftwf_execute_split_dft_r2c","undefined fftwf_execute_split_dft_r2c(void)","OK","libfftw3f-3.dll.decompiled.part-0001.c"
"63825890","fftwf_execute_split_dft","undefined fftwf_execute_split_dft(void)","OK","libfftw3f-3.dll.decompiled.part-0001.c"
"638258a0","fftwf_execute","undefined fftwf_execute(void)","OK","libfftw3f-3.dll.decompiled.part-0001.c"
"638258c0","fftwf_export_wisdom_to_file","undefined fftwf_export_wisdom_to_file(void)","OK","libfftw3f-3.dll.decompiled.part-0001.c"
"638258f0","fftwf_export_wisdom_to_filename","undefined fftwf_export_wisdom_to_filename(void)","OK","libfftw3f-3.dll.decompiled.part-0001.c"
"63825960","fftwf_export_wisdom_to_string","undefined fftwf_export_wisdom_to_string(void)","OK","libfftw3f-3.dll.decompiled.part-0001.c"
"638259d0","putchr_generic","undefined putchr_generic(void)","OK","libfftw3f-3.dll.decompiled.part-0001.c"
"638259f0","fftwf_export_wisdom","undefined fftwf_export_wisdom(void)","OK","libfftw3f-3.dll.decompiled.part-0001.c"
"63825a40","write_char","undefined write_char(void)","OK","libfftw3f-3.dll.decompiled.part-0001.c"
"63825a60","read_char","undefined read_char(void)","OK","libfftw3f-3.dll.decompiled.part-0001.c"
"63825a90","sfftw_execute__","undefined sfftw_execute__(void)","OK","libfftw3f-3.dll.decompiled.part-0001.c"
"63825aa0","sfftw_destroy_plan__","undefined sfftw_destroy_plan__(void)","OK","libfftw3f-3.dll.decompiled.part-0001.c"
"63825ab0","sfftw_cleanup__","undefined sfftw_cleanup__(void)","OK","libfftw3f-3.dll.decompiled.part-0001.c"
"63825ac0","sfftw_forget_wisdom__","undefined sfftw_forget_wisdom__(void)","OK","libfftw3f-3.dll.decompiled.part-0001.c"
"63825ad0","sfftw_export_wisdom__","undefined sfftw_export_wisdom__(void)","OK","libfftw3f-3.dll.decompiled.part-0001.c"
"63825b00","sfftw_import_wisdom__","undefined sfftw_import_wisdom__(void)","OK","libfftw3f-3.dll.decompiled.part-0001.c"
"63825b30","sfftw_import_system_wisdom__","undefined sfftw_import_system_wisdom__(void)","OK","libfftw3f-3.dll.decompiled.part-0001.c"
"63825b50","sfftw_print_plan__","undefined sfftw_print_plan__(void)","OK","libfftw3f-3.dll.decompiled.part-0001.c"
"63825b80","sfftw_flops__","undefined sfftw_flops__(void)","OK","libfftw3f-3.dll.decompiled.part-0001.c"
"63825b90","sfftw_estimate_cost__","undefined sfftw_estimate_cost__(void)","OK","libfftw3f-3.dll.decompiled.part-0001.c"
"63825bb0","sfftw_cost__","undefined sfftw_cost__(void)","OK","libfftw3f-3.dll.decompiled.part-0001.c"
"63825bd0","sfftw_set_timelimit__","undefined sfftw_set_timelimit__(void)","OK","libfftw3f-3.dll.decompiled.part-0001.c"
"63825be0","sfftw_plan_dft__","undefined sfftw_plan_dft__(void)","OK","libfftw3f-3.dll.decompiled.part-0001.c"
"63825d80","sfftw_plan_dft_1d__","undefined sfftw_plan_dft_1d__(void)","OK","libfftw3f-3.dll.decompiled.part-0001.c"
"63825dc0","sfftw_plan_dft_2d__","undefined sfftw_plan_dft_2d__(void)","OK","libfftw3f-3.dll.decompiled.part-0001.c"
"63825e00","sfftw_plan_dft_3d__","undefined sfftw_plan_dft_3d__(void)","OK","libfftw3f-3.dll.decompiled.part-0001.c"
"63825e60","sfftw_plan_many_dft__","undefined sfftw_plan_many_dft__(void)","OK","libfftw3f-3.dll.decompiled.part-0001.c"
"63826350","sfftw_plan_guru_dft__","undefined sfftw_plan_guru_dft__(void)","OK","libfftw3f-3.dll.decompiled.part-0001.c"
"638264e0","sfftw_plan_guru_split_dft__","undefined sfftw_plan_guru_split_dft__(void)","OK","libfftw3f-3.dll.decompiled.part-0001.c"
"638266a0","sfftw_execute_dft__","undefined sfftw_execute_dft__(void)","OK","libfftw3f-3.dll.decompiled.part-0001.c"
"638266f0","sfftw_execute_split_dft__","undefined sfftw_execute_split_dft__(void)","OK","libfftw3f-3.dll.decompiled.part-0001.c"
"63826700","sfftw_plan_dft_r2c__","undefined sfftw_plan_dft_r2c__(void)","OK","libfftw3f-3.dll.decompiled.part-0001.c"
"63826880","sfftw_plan_dft_r2c_1d__","undefined sfftw_plan_dft_r2c_1d__(void)","OK","libfftw3f-3.dll.decompiled.part-0001.c"
"638268b0","sfftw_plan_dft_r2c_2d__","undefined sfftw_plan_dft_r2c_2d__(void)","OK","libfftw3f-3.dll.decompiled.part-0001.c"
"638268e0","sfftw_plan_dft_r2c_3d__","undefined sfftw_plan_dft_r2c_3d__(void)","OK","libfftw3f-3.dll.decompiled.part-0001.c"
"63826920","sfftw_plan_many_dft_r2c__","undefined sfftw_plan_many_dft_r2c__(void)","OK","libfftw3f-3.dll.decompiled.part-0001.c"
"63826de0","sfftw_plan_guru_dft_r2c__","undefined sfftw_plan_guru_dft_r2c__(void)","OK","libfftw3f-3.dll.decompiled.part-0001.c"
"63826f60","sfftw_plan_guru_split_dft_r2c__","undefined sfftw_plan_guru_split_dft_r2c__(void)","OK","libfftw3f-3.dll.decompiled.part-0001.c"
"638270f0","sfftw_execute_dft_r2c__","undefined sfftw_execute_dft_r2c__(void)","OK","libfftw3f-3.dll.decompiled.part-0001.c"
"63827130","sfftw_execute_split_dft_r2c__","undefined sfftw_execute_split_dft_r2c__(void)","OK","libfftw3f-3.dll.decompiled.part-0001.c"
"63827170","sfftw_plan_dft_c2r__","undefined sfftw_plan_dft_c2r__(void)","OK","libfftw3f-3.dll.decompiled.part-0001.c"
"638272f0","sfftw_plan_dft_c2r_1d__","undefined sfftw_plan_dft_c2r_1d__(void)","OK","libfftw3f-3.dll.decompiled.part-0001.c"
"63827320","sfftw_plan_dft_c2r_2d__","undefined sfftw_plan_dft_c2r_2d__(void)","OK","libfftw3f-3.dll.decompiled.part-0001.c"
"63827350","sfftw_plan_dft_c2r_3d__","undefined sfftw_plan_dft_c2r_3d__(void)","OK","libfftw3f-3.dll.decompiled.part-0001.c"
"63827390","sfftw_plan_many_dft_c2r__","undefined sfftw_plan_many_dft_c2r__(void)","OK","libfftw3f-3.dll.decompiled.part-0001.c"
"63827850","sfftw_plan_guru_dft_c2r__","undefined sfftw_plan_guru_dft_c2r__(void)","OK","libfftw3f-3.dll.decompiled.part-0001.c"
"638279d0","sfftw_plan_guru_split_dft_c2r__","undefined sfftw_plan_guru_split_dft_c2r__(void)","OK","libfftw3f-3.dll.decompiled.part-0001.c"
"63827b70","sfftw_execute_dft_c2r__","undefined sfftw_execute_dft_c2r__(void)","OK","libfftw3f-3.dll.decompiled.part-0001.c"
"63827bb0","sfftw_execute_split_dft_c2r__","undefined sfftw_execute_split_dft_c2r__(void)","OK","libfftw3f-3.dll.decompiled.part-0001.c"
"63827bf0","sfftw_plan_r2r__","undefined sfftw_plan_r2r__(void)","OK","libfftw3f-3.dll.decompiled.part-0001.c"
"63827e60","sfftw_plan_r2r_1d__","undefined sfftw_plan_r2r_1d__(void)","OK","libfftw3f-3.dll.decompiled.part-0001.c"
"63827ea0","sfftw_plan_r2r_2d__","undefined sfftw_plan_r2r_2d__(void)","OK","libfftw3f-3.dll.decompiled.part-0001.c"
"63827ef0","sfftw_plan_r2r_3d__","undefined sfftw_plan_r2r_3d__(void)","OK","libfftw3f-3.dll.decompiled.part-0001.c"
"63827f70","sfftw_plan_many_r2r__","undefined sfftw_plan_many_r2r__(void)","OK","libfftw3f-3.dll.decompiled.part-0001.c"
"63828580","sfftw_plan_guru_r2r__","undefined sfftw_plan_guru_r2r__(void)","OK","libfftw3f-3.dll.decompiled.part-0001.c"
"63828800","sfftw_execute_r2r__","undefined sfftw_execute_r2r__(void)","OK","libfftw3f-3.dll.decompiled.part-0001.c"
"63828810","sfftw_execute_","undefined sfftw_execute_(void)","OK","libfftw3f-3.dll.decompiled.part-0001.c"
"63828820","sfftw_destroy_plan_","undefined sfftw_destroy_plan_(void)","OK","libfftw3f-3.dll.decompiled.part-0001.c"
"63828830","sfftw_cleanup_","undefined sfftw_cleanup_(void)","OK","libfftw3f-3.dll.decompiled.part-0001.c"
"63828840","sfftw_forget_wisdom_","undefined sfftw_forget_wisdom_(void)","OK","libfftw3f-3.dll.decompiled.part-0001.c"
"63828850","sfftw_export_wisdom_","undefined sfftw_export_wisdom_(void)","OK","libfftw3f-3.dll.decompiled.part-0001.c"
"63828880","sfftw_import_wisdom_","undefined sfftw_import_wisdom_(void)","OK","libfftw3f-3.dll.decompiled.part-0001.c"
"638288b0","sfftw_import_system_wisdom_","undefined sfftw_import_system_wisdom_(void)","OK","libfftw3f-3.dll.decompiled.part-0001.c"
"638288d0","sfftw_print_plan_","undefined sfftw_print_plan_(void)","OK","libfftw3f-3.dll.decompiled.part-0001.c"
"63828900","sfftw_flops_","undefined sfftw_flops_(void)","OK","libfftw3f-3.dll.decompiled.part-0001.c"
"63828910","sfftw_estimate_cost_","undefined sfftw_estimate_cost_(void)","OK","libfftw3f-3.dll.decompiled.part-0001.c"
"63828930","sfftw_cost_","undefined sfftw_cost_(void)","OK","libfftw3f-3.dll.decompiled.part-0001.c"
"63828950","sfftw_set_timelimit_","undefined sfftw_set_timelimit_(void)","OK","libfftw3f-3.dll.decompiled.part-0001.c"
"63828960","sfftw_plan_dft_","undefined sfftw_plan_dft_(void)","OK","libfftw3f-3.dll.decompiled.part-0001.c"
"63828b00","sfftw_plan_dft_1d_","undefined sfftw_plan_dft_1d_(void)","OK","libfftw3f-3.dll.decompiled.part-0001.c"
"63828b40","sfftw_plan_dft_2d_","undefined sfftw_plan_dft_2d_(void)","OK","libfftw3f-3.dll.decompiled.part-0001.c"
"63828b80","sfftw_plan_dft_3d_","undefined sfftw_plan_dft_3d_(void)","OK","libfftw3f-3.dll.decompiled.part-0001.c"
"63828be0","sfftw_plan_many_dft_","undefined sfftw_plan_many_dft_(void)","OK","libfftw3f-3.dll.decompiled.part-0001.c"
"638290d0","sfftw_plan_guru_dft_","undefined sfftw_plan_guru_dft_(void)","OK","libfftw3f-3.dll.decompiled.part-0001.c"
"63829260","sfftw_plan_guru_split_dft_","undefined sfftw_plan_guru_split_dft_(void)","OK","libfftw3f-3.dll.decompiled.part-0001.c"
"63829420","sfftw_execute_dft_","undefined sfftw_execute_dft_(void)","OK","libfftw3f-3.dll.decompiled.part-0001.c"
"63829470","sfftw_execute_split_dft_","undefined sfftw_execute_split_dft_(void)","OK","libfftw3f-3.dll.decompiled.part-0001.c"
"63829480","sfftw_plan_dft_r2c_","undefined sfftw_plan_dft_r2c_(void)","OK","libfftw3f-3.dll.decompiled.part-0001.c"
"63829600","sfftw_plan_dft_r2c_1d_","undefined sfftw_plan_dft_r2c_1d_(void)","OK","libfftw3f-3.dll.decompiled.part-0001.c"
"63829630","sfftw_plan_dft_r2c_2d_","undefined sfftw_plan_dft_r2c_2d_(void)","OK","libfftw3f-3.dll.decompiled.part-0001.c"
"63829660","sfftw_plan_dft_r2c_3d_","undefined sfftw_plan_dft_r2c_3d_(void)","OK","libfftw3f-3.dll.decompiled.part-0001.c"
"638296a0","sfftw_plan_many_dft_r2c_","undefined sfftw_plan_many_dft_r2c_(void)","OK","libfftw3f-3.dll.decompiled.part-0001.c"
"63829b60","sfftw_plan_guru_dft_r2c_","undefined sfftw_plan_guru_dft_r2c_(void)","OK","libfftw3f-3.dll.decompiled.part-0001.c"
"63829ce0","sfftw_plan_guru_split_dft_r2c_","undefined sfftw_plan_guru_split_dft_r2c_(void)","OK","libfftw3f-3.dll.decompiled.part-0001.c"
"63829e70","sfftw_execute_dft_r2c_","undefined sfftw_execute_dft_r2c_(void)","OK","libfftw3f-3.dll.decompiled.part-0001.c"
"63829eb0","sfftw_execute_split_dft_r2c_","undefined sfftw_execute_split_dft_r2c_(void)","OK","libfftw3f-3.dll.decompiled.part-0001.c"
"63829ef0","sfftw_plan_dft_c2r_","undefined sfftw_plan_dft_c2r_(void)","OK","libfftw3f-3.dll.decompiled.part-0001.c"
"6382a070","sfftw_plan_dft_c2r_1d_","undefined sfftw_plan_dft_c2r_1d_(void)","OK","libfftw3f-3.dll.decompiled.part-0001.c"
"6382a0a0","sfftw_plan_dft_c2r_2d_","undefined sfftw_plan_dft_c2r_2d_(void)","OK","libfftw3f-3.dll.decompiled.part-0001.c"
"6382a0d0","sfftw_plan_dft_c2r_3d_","undefined sfftw_plan_dft_c2r_3d_(void)","OK","libfftw3f-3.dll.decompiled.part-0001.c"
"6382a110","sfftw_plan_many_dft_c2r_","undefined sfftw_plan_many_dft_c2r_(void)","OK","libfftw3f-3.dll.decompiled.part-0001.c"
"6382a5d0","sfftw_plan_guru_dft_c2r_","undefined sfftw_plan_guru_dft_c2r_(void)","OK","libfftw3f-3.dll.decompiled.part-0001.c"
"6382a750","sfftw_plan_guru_split_dft_c2r_","undefined sfftw_plan_guru_split_dft_c2r_(void)","OK","libfftw3f-3.dll.decompiled.part-0001.c"
"6382a8e0","sfftw_execute_dft_c2r_","undefined sfftw_execute_dft_c2r_(void)","OK","libfftw3f-3.dll.decompiled.part-0001.c"
"6382a920","sfftw_execute_split_dft_c2r_","undefined sfftw_execute_split_dft_c2r_(void)","OK","libfftw3f-3.dll.decompiled.part-0001.c"
"6382a960","sfftw_plan_r2r_","undefined sfftw_plan_r2r_(void)","OK","libfftw3f-3.dll.decompiled.part-0001.c"
"6382abd0","sfftw_plan_r2r_1d_","undefined sfftw_plan_r2r_1d_(void)","OK","libfftw3f-3.dll.decompiled.part-0001.c"
"6382ac10","sfftw_plan_r2r_2d_","undefined sfftw_plan_r2r_2d_(void)","OK","libfftw3f-3.dll.decompiled.part-0001.c"
"6382ac60","sfftw_plan_r2r_3d_","undefined sfftw_plan_r2r_3d_(void)","OK","libfftw3f-3.dll.decompiled.part-0001.c"
"6382ace0","sfftw_plan_many_r2r_","undefined sfftw_plan_many_r2r_(void)","OK","libfftw3f-3.dll.decompiled.part-0001.c"
"6382b2f0","sfftw_plan_guru_r2r_","undefined sfftw_plan_guru_r2r_(void)","OK","libfftw3f-3.dll.decompiled.part-0001.c"
"6382b570","sfftw_execute_r2r_","undefined sfftw_execute_r2r_(void)","OK","libfftw3f-3.dll.decompiled.part-0001.c"
"6382b580","SFFTW_EXECUTE","undefined SFFTW_EXECUTE(void)","OK","libfftw3f-3.dll.decompiled.part-0001.c"
"6382b590","SFFTW_DESTROY_PLAN","undefined SFFTW_DESTROY_PLAN(void)","OK","libfftw3f-3.dll.decompiled.part-0001.c"
"6382b5a0","SFFTW_CLEANUP","undefined SFFTW_CLEANUP(void)","OK","libfftw3f-3.dll.decompiled.part-0001.c"
"6382b5b0","SFFTW_FORGET_WISDOM","undefined SFFTW_FORGET_WISDOM(void)","OK","libfftw3f-3.dll.decompiled.part-0001.c"
"6382b5c0","SFFTW_EXPORT_WISDOM","undefined SFFTW_EXPORT_WISDOM(void)","OK","libfftw3f-3.dll.decompiled.part-0001.c"
"6382b5f0","SFFTW_IMPORT_WISDOM","undefined SFFTW_IMPORT_WISDOM(void)","OK","libfftw3f-3.dll.decompiled.part-0001.c"
"6382b620","SFFTW_IMPORT_SYSTEM_WISDOM","undefined SFFTW_IMPORT_SYSTEM_WISDOM(void)","OK","libfftw3f-3.dll.decompiled.part-0001.c"
"6382b640","SFFTW_PRINT_PLAN","undefined SFFTW_PRINT_PLAN(void)","OK","libfftw3f-3.dll.decompiled.part-0001.c"
"6382b670","SFFTW_FLOPS","undefined SFFTW_FLOPS(void)","OK","libfftw3f-3.dll.decompiled.part-0001.c"
"6382b680","SFFTW_ESTIMATE_COST","undefined SFFTW_ESTIMATE_COST(void)","OK","libfftw3f-3.dll.decompiled.part-0001.c"
"6382b6a0","SFFTW_COST","undefined SFFTW_COST(void)","OK","libfftw3f-3.dll.decompiled.part-0001.c"
"6382b6c0","SFFTW_SET_TIMELIMIT","undefined SFFTW_SET_TIMELIMIT(void)","OK","libfftw3f-3.dll.decompiled.part-0001.c"
"6382b6d0","SFFTW_PLAN_DFT","undefined SFFTW_PLAN_DFT(void)","OK","libfftw3f-3.dll.decompiled.part-0001.c"
"6382b870","SFFTW_PLAN_DFT_1D","undefined SFFTW_PLAN_DFT_1D(void)","OK","libfftw3f-3.dll.decompiled.part-0001.c"
"6382b8b0","SFFTW_PLAN_DFT_2D","undefined SFFTW_PLAN_DFT_2D(void)","OK","libfftw3f-3.dll.decompiled.part-0001.c"
"6382b8f0","SFFTW_PLAN_DFT_3D","undefined SFFTW_PLAN_DFT_3D(void)","OK","libfftw3f-3.dll.decompiled.part-0001.c"
"6382b950","SFFTW_PLAN_MANY_DFT","undefined SFFTW_PLAN_MANY_DFT(void)","OK","libfftw3f-3.dll.decompiled.part-0001.c"
"6382be40","SFFTW_PLAN_GURU_DFT","undefined SFFTW_PLAN_GURU_DFT(void)","OK","libfftw3f-3.dll.decompiled.part-0001.c"
"6382bfd0","SFFTW_PLAN_GURU_SPLIT_DFT","undefined SFFTW_PLAN_GURU_SPLIT_DFT(void)","OK","libfftw3f-3.dll.decompiled.part-0001.c"
"6382c190","SFFTW_EXECUTE_DFT","undefined SFFTW_EXECUTE_DFT(void)","OK","libfftw3f-3.dll.decompiled.part-0001.c"
"6382c1e0","SFFTW_EXECUTE_SPLIT_DFT","undefined SFFTW_EXECUTE_SPLIT_DFT(void)","OK","libfftw3f-3.dll.decompiled.part-0001.c"
"6382c1f0","SFFTW_PLAN_DFT_R2C","undefined SFFTW_PLAN_DFT_R2C(void)","OK","libfftw3f-3.dll.decompiled.part-0001.c"
"6382c370","SFFTW_PLAN_DFT_R2C_1D","undefined SFFTW_PLAN_DFT_R2C_1D(void)","OK","libfftw3f-3.dll.decompiled.part-0001.c"
"6382c3a0","SFFTW_PLAN_DFT_R2C_2D","undefined SFFTW_PLAN_DFT_R2C_2D(void)","OK","libfftw3f-3.dll.decompiled.part-0001.c"
"6382c3d0","SFFTW_PLAN_DFT_R2C_3D","undefined SFFTW_PLAN_DFT_R2C_3D(void)","OK","libfftw3f-3.dll.decompiled.part-0001.c"
"6382c410","SFFTW_PLAN_MANY_DFT_R2C","undefined SFFTW_PLAN_MANY_DFT_R2C(void)","OK","libfftw3f-3.dll.decompiled.part-0001.c"
"6382c8d0","SFFTW_PLAN_GURU_DFT_R2C","undefined SFFTW_PLAN_GURU_DFT_R2C(void)","OK","libfftw3f-3.dll.decompiled.part-0001.c"
"6382ca50","SFFTW_PLAN_GURU_SPLIT_DFT_R2C","undefined SFFTW_PLAN_GURU_SPLIT_DFT_R2C(void)","OK","libfftw3f-3.dll.decompiled.part-0001.c"
"6382cbe0","SFFTW_EXECUTE_DFT_R2C","undefined SFFTW_EXECUTE_DFT_R2C(void)","OK","libfftw3f-3.dll.decompiled.part-0001.c"
"6382cc20","SFFTW_EXECUTE_SPLIT_DFT_R2C","undefined SFFTW_EXECUTE_SPLIT_DFT_R2C(void)","OK","libfftw3f-3.dll.decompiled.part-0001.c"
"6382cc60","SFFTW_PLAN_DFT_C2R","undefined SFFTW_PLAN_DFT_C2R(void)","OK","libfftw3f-3.dll.decompiled.part-0001.c"
"6382cde0","SFFTW_PLAN_DFT_C2R_1D","undefined SFFTW_PLAN_DFT_C2R_1D(void)","OK","libfftw3f-3.dll.decompiled.part-0001.c"
"6382ce10","SFFTW_PLAN_DFT_C2R_2D","undefined SFFTW_PLAN_DFT_C2R_2D(void)","OK","libfftw3f-3.dll.decompiled.part-0001.c"
"6382ce40","SFFTW_PLAN_DFT_C2R_3D","undefined SFFTW_PLAN_DFT_C2R_3D(void)","OK","libfftw3f-3.dll.decompiled.part-0001.c"
"6382ce80","SFFTW_PLAN_MANY_DFT_C2R","undefined SFFTW_PLAN_MANY_DFT_C2R(void)","OK","libfftw3f-3.dll.decompiled.part-0001.c"
"6382d340","SFFTW_PLAN_GURU_DFT_C2R","undefined SFFTW_PLAN_GURU_DFT_C2R(void)","OK","libfftw3f-3.dll.decompiled.part-0001.c"
"6382d4c0","SFFTW_PLAN_GURU_SPLIT_DFT_C2R","undefined SFFTW_PLAN_GURU_SPLIT_DFT_C2R(void)","OK","libfftw3f-3.dll.decompiled.part-0001.c"
"6382d650","SFFTW_EXECUTE_DFT_C2R","undefined SFFTW_EXECUTE_DFT_C2R(void)","OK","libfftw3f-3.dll.decompiled.part-0001.c"
"6382d690","SFFTW_EXECUTE_SPLIT_DFT_C2R","undefined SFFTW_EXECUTE_SPLIT_DFT_C2R(void)","OK","libfftw3f-3.dll.decompiled.part-0001.c"
"6382d6d0","SFFTW_PLAN_R2R","undefined SFFTW_PLAN_R2R(void)","OK","libfftw3f-3.dll.decompiled.part-0001.c"
"6382d940","SFFTW_PLAN_R2R_1D","undefined SFFTW_PLAN_R2R_1D(void)","OK","libfftw3f-3.dll.decompiled.part-0001.c"
"6382d980","SFFTW_PLAN_R2R_2D","undefined SFFTW_PLAN_R2R_2D(void)","OK","libfftw3f-3.dll.decompiled.part-0001.c"
"6382d9d0","SFFTW_PLAN_R2R_3D","undefined SFFTW_PLAN_R2R_3D(void)","OK","libfftw3f-3.dll.decompiled.part-0001.c"
"6382da50","SFFTW_PLAN_MANY_R2R","undefined SFFTW_PLAN_MANY_R2R(void)","OK","libfftw3f-3.dll.decompiled.part-0001.c"
"6382e060","SFFTW_PLAN_GURU_R2R","undefined SFFTW_PLAN_GURU_R2R(void)","OK","libfftw3f-3.dll.decompiled.part-0001.c"
"6382e2e0","SFFTW_EXECUTE_R2R","undefined SFFTW_EXECUTE_R2R(void)","OK","libfftw3f-3.dll.decompiled.part-0001.c"
"6382e2f0","fftwf_flops","undefined fftwf_flops(void)","OK","libfftw3f-3.dll.decompiled.part-0001.c"
"6382e380","fftwf_estimate_cost","undefined fftwf_estimate_cost(void)","OK","libfftw3f-3.dll.decompiled.part-0001.c"
"6382e3b0","fftwf_cost","undefined fftwf_cost(void)","OK","libfftw3f-3.dll.decompiled.part-0001.c"
"6382e3c0","fftwf_forget_wisdom","undefined fftwf_forget_wisdom(void)","OK","libfftw3f-3.dll.decompiled.part-0001.c"
"6382e3e0","fftwf_import_system_wisdom","undefined fftwf_import_system_wisdom(void)","OK","libfftw3f-3.dll.decompiled.part-0001.c"
"6382e3f0","getchr_file","undefined getchr_file(void)","OK","libfftw3f-3.dll.decompiled.part-0001.c"
"6382e460","fftwf_import_wisdom_from_file","undefined fftwf_import_wisdom_from_file(void)","OK","libfftw3f-3.dll.decompiled.part-0001.c"
"6382e4c0","fftwf_import_wisdom_from_filename","undefined fftwf_import_wisdom_from_filename(void)","OK","libfftw3f-3.dll.decompiled.part-0001.c"
"6382e540","getchr_str","undefined getchr_str(void)","OK","libfftw3f-3.dll.decompiled.part-0001.c"
"6382e560","fftwf_import_wisdom_from_string","undefined fftwf_import_wisdom_from_string(void)","OK","libfftw3f-3.dll.decompiled.part-0001.c"
"6382e5b0","getchr_generic","undefined getchr_generic(void)","OK","libfftw3f-3.dll.decompiled.part-0001.c"
"6382e5c0","fftwf_import_wisdom","undefined fftwf_import_wisdom(void)","OK","libfftw3f-3.dll.decompiled.part-0001.c"
"6382e610","fftwf_malloc","undefined fftwf_malloc(void)","OK","libfftw3f-3.dll.decompiled.part-0001.c"
"6382e620","fftwf_free","undefined fftwf_free(void)","OK","libfftw3f-3.dll.decompiled.part-0001.c"
"6382e630","fftwf_alloc_real","undefined fftwf_alloc_real(void)","OK","libfftw3f-3.dll.decompiled.part-0001.c"
"6382e640","fftwf_alloc_complex","undefined fftwf_alloc_complex(void)","OK","libfftw3f-3.dll.decompiled.part-0001.c"
"6382e650","fftwf_map_r2r_kind","undefined fftwf_map_r2r_kind(void)","OK","libfftw3f-3.dll.decompiled.part-0001.c"
"6382e6c0","fftwf_mapflags","undefined fftwf_mapflags(void)","OK","libfftw3f-3.dll.decompiled.part-0001.c"
"6382ea40","mycleanup","undefined mycleanup(void)","OK","libfftw3f-3.dll.decompiled.part-0001.c"
"6382ea80","myputchr","undefined myputchr(void)","OK","libfftw3f-3.dll.decompiled.part-0001.c"
"6382eae0","fftwf_mkprinter_file","undefined fftwf_mkprinter_file(void)","OK","libfftw3f-3.dll.decompiled.part-0001.c"
"6382eb20","putchr_cnt","undefined putchr_cnt(void)","OK","libfftw3f-3.dll.decompiled.part-0001.c"
"6382eb30","putchr_str","undefined putchr_str(void)","OK","libfftw3f-3.dll.decompiled.part-0001.c"
"6382eb50","fftwf_mkprinter_cnt","undefined fftwf_mkprinter_cnt(void)","OK","libfftw3f-3.dll.decompiled.part-0001.c"
"6382eb80","fftwf_mkprinter_str","undefined fftwf_mkprinter_str(void)","OK","libfftw3f-3.dll.decompiled.part-0001.c"
"6382ebb0","fftwf_mktensor_iodims","undefined fftwf_mktensor_iodims(void)","OK","libfftw3f-3.dll.decompiled.part-0001.c"
"6382ec20","fftwf_guru_kosherp","undefined fftwf_guru_kosherp(void)","OK","libfftw3f-3.dll.decompiled.part-0001.c"
"6382ecb0","fftwf_mktensor_rowmajor","undefined fftwf_mktensor_rowmajor(void)","OK","libfftw3f-3.dll.decompiled.part-0001.c"
"6382ed60","fftwf_many_kosherp","undefined fftwf_many_kosherp(void)","OK","libfftw3f-3.dll.decompiled.part-0001.c"
"6382edc0","fftwf_plan_dft_1d","undefined fftwf_plan_dft_1d(void)","OK","libfftw3f-3.dll.decompiled.part-0001.c"
"6382edf0","fftwf_plan_dft_2d","undefined fftwf_plan_dft_2d(void)","OK","libfftw3f-3.dll.decompiled.part-0001.c"
"6382ee20","fftwf_plan_dft_3d","undefined fftwf_plan_dft_3d(void)","OK","libfftw3f-3.dll.decompiled.part-0001.c"
"6382ee70","fftwf_plan_dft_c2r_1d","undefined fftwf_plan_dft_c2r_1d(void)","OK","libfftw3f-3.dll.decompiled.part-0001.c"
"6382eea0","fftwf_plan_dft_c2r_2d","undefined fftwf_plan_dft_c2r_2d(void)","OK","libfftw3f-3.dll.decompiled.part-0001.c"
"6382eed0","fftwf_plan_dft_c2r_3d","undefined fftwf_plan_dft_c2r_3d(void)","OK","libfftw3f-3.dll.decompiled.part-0001.c"
"6382ef10","fftwf_plan_dft_c2r","undefined fftwf_plan_dft_c2r(void)","OK","libfftw3f-3.dll.decompiled.part-0001.c"
"6382ef70","fftwf_plan_dft_r2c_1d","undefined fftwf_plan_dft_r2c_1d(void)","OK","libfftw3f-3.dll.decompiled.part-0001.c"
"6382efa0","fftwf_plan_dft_r2c_2d","undefined fftwf_plan_dft_r2c_2d(void)","OK","libfftw3f-3.dll.decompiled.part-0001.c"
"6382efd0","fftwf_plan_dft_r2c_3d","undefined fftwf_plan_dft_r2c_3d(void)","OK","libfftw3f-3.dll.decompiled.part-0001.c"
"6382f010","fftwf_plan_dft_r2c","undefined fftwf_plan_dft_r2c(void)","OK","libfftw3f-3.dll.decompiled.part-0001.c"
"6382f070","fftwf_plan_dft","undefined fftwf_plan_dft(void)","OK","libfftw3f-3.dll.decompiled.part-0001.c"
"6382f0e0","fftwf_plan_guru_dft_c2r","undefined fftwf_plan_guru_dft_c2r(void)","OK","libfftw3f-3.dll.decompiled.part-0001.c"
"6382f1f0","fftwf_plan_guru_dft_r2c","undefined fftwf_plan_guru_dft_r2c(void)","OK","libfftw3f-3.dll.decompiled.part-0001.c"
"6382f2f0","fftwf_plan_guru_dft","undefined fftwf_plan_guru_dft(void)","OK","libfftw3f-3.dll.decompiled.part-0001.c"
"6382f420","fftwf_plan_guru_r2r","undefined fftwf_plan_guru_r2r(void)","OK","libfftw3f-3.dll.decompiled.part-0001.c"
"6382f510","fftwf_plan_guru_split_dft_c2r","undefined fftwf_plan_guru_split_dft_c2r(void)","OK","libfftw3f-3.dll.decompiled.part-0001.c"
"6382f630","fftwf_plan_guru_split_dft_r2c","undefined fftwf_plan_guru_split_dft_r2c(void)","OK","libfftw3f-3.dll.decompiled.part-0001.c"
"6382f740","fftwf_plan_guru_split_dft","undefined fftwf_plan_guru_split_dft(void)","OK","libfftw3f-3.dll.decompiled.part-0001.c"
"6382f8b0","fftwf_plan_many_dft_c2r","undefined fftwf_plan_many_dft_c2r(void)","OK","libfftw3f-3.dll.decompiled.part-0001.c"
"6382fa50","fftwf_plan_many_dft_r2c","undefined fftwf_plan_many_dft_r2c(void)","OK","libfftw3f-3.dll.decompiled.part-0001.c"
"6382fbd0","fftwf_plan_many_dft","undefined fftwf_plan_many_dft(void)","OK","libfftw3f-3.dll.decompiled.part-0001.c"
"6382fd40","fftwf_plan_many_r2r","undefined fftwf_plan_many_r2r(void)","OK","libfftw3f-3.dll.decompiled.part-0001.c"
"6382fe60","fftwf_plan_r2r_1d","undefined fftwf_plan_r2r_1d(void)","OK","libfftw3f-3.dll.decompiled.part-0001.c"
"6382fea0","fftwf_plan_r2r_2d","undefined fftwf_plan_r2r_2d(void)","OK","libfftw3f-3.dll.decompiled.part-0001.c"
"6382fef0","fftwf_plan_r2r_3d","undefined fftwf_plan_r2r_3d(void)","OK","libfftw3f-3.dll.decompiled.part-0001.c"
"6382ff60","fftwf_plan_r2r","undefined fftwf_plan_r2r(void)","OK","libfftw3f-3.dll.decompiled.part-0001.c"
"6382ffd0","fftwf_sprint_plan","undefined fftwf_sprint_plan(void)","OK","libfftw3f-3.dll.decompiled.part-0001.c"
"63830040","fftwf_fprint_plan","undefined fftwf_fprint_plan(void)","OK","libfftw3f-3.dll.decompiled.part-0001.c"
"63830070","fftwf_print_plan","undefined fftwf_print_plan(void)","OK","libfftw3f-3.dll.decompiled.part-0001.c"
"638300b0","fftwf_rdft2_pad","undefined fftwf_rdft2_pad(void)","OK","libfftw3f-3.dll.decompiled.part-0001.c"
"63830150","fftwf_the_planner","undefined fftwf_the_planner(void)","OK","libfftw3f-3.dll.decompiled.part-0001.c"
"63830190","fftwf_cleanup","undefined fftwf_cleanup(void)","OK","libfftw3f-3.dll.decompiled.part-0001.c"
"638301c0","fftwf_set_timelimit","undefined fftwf_set_timelimit(void)","OK","libfftw3f-3.dll.decompiled.part-0001.c"
"63830220","fftwf_plan_guru64_dft_c2r","undefined fftwf_plan_guru64_dft_c2r(void)","OK","libfftw3f-3.dll.decompiled.part-0001.c"
"63830330","fftwf_plan_guru64_dft_r2c","undefined fftwf_plan_guru64_dft_r2c(void)","OK","libfftw3f-3.dll.decompiled.part-0001.c"
"63830430","fftwf_plan_guru64_dft","undefined fftwf_plan_guru64_dft(void)","OK","libfftw3f-3.dll.decompiled.part-0001.c"
"63830560","fftwf_plan_guru64_r2r","undefined fftwf_plan_guru64_r2r(void)","OK","libfftw3f-3.dll.decompiled.part-0001.c"
"63830650","fftwf_plan_guru64_split_dft_c2r","undefined fftwf_plan_guru64_split_dft_c2r(void)","OK","libfftw3f-3.dll.decompiled.part-0001.c"
"63830770","fftwf_plan_guru64_split_dft_r2c","undefined fftwf_plan_guru64_split_dft_r2c(void)","OK","libfftw3f-3.dll.decompiled.part-0001.c"
"63830880","fftwf_plan_guru64_split_dft","undefined fftwf_plan_guru64_split_dft(void)","OK","libfftw3f-3.dll.decompiled.part-0001.c"
"638309f0","fftwf_mktensor_iodims64","undefined fftwf_mktensor_iodims64(void)","OK","libfftw3f-3.dll.decompiled.part-0001.c"
"63830c10","fftwf_guru64_kosherp","undefined fftwf_guru64_kosherp(void)","OK","libfftw3f-3.dll.decompiled.part-0001.c"
"63830c90","fftwf_taint","undefined fftwf_taint(void)","OK","libfftw3f-3.dll.decompiled.part-0001.c"
"63830cc0","fftwf_join_taint","undefined fftwf_join_taint(void)","OK","libfftw3f-3.dll.decompiled.part-0001.c"
"63830cd0","fftwf_have_simd_sse2","undefined fftwf_have_simd_sse2(void)","OK","libfftw3f-3.dll.decompiled.part-0001.c"
"63830ce0","fftwf_have_simd_avx","undefined fftwf_have_simd_avx(void)","OK","libfftw3f-3.dll.decompiled.part-0001.c"
"63830d60",".text","undefined .text(void)","OK","libfftw3f-3.dll.decompiled.part-0001.c"
"63830e10","fftwf_codelet_n1fv_2_sse2","undefined fftwf_codelet_n1fv_2_sse2(void)","OK","libfftw3f-3.dll.decompiled.part-0001.c"
"63830e30","n1fv_3","undefined n1fv_3(void)","OK","libfftw3f-3.dll.decompiled.part-0001.c"
"63830f60","fftwf_codelet_n1fv_3_sse2","undefined fftwf_codelet_n1fv_3_sse2(void)","OK","libfftw3f-3.dll.decompiled.part-0001.c"
"63830f80","n1fv_4","undefined n1fv_4(void)","OK","libfftw3f-3.dll.decompiled.part-0001.c"
"638310c0","fftwf_codelet_n1fv_4_sse2","undefined fftwf_codelet_n1fv_4_sse2(void)","OK","libfftw3f-3.dll.decompiled.part-0001.c"
"638310e0","n1fv_5","undefined n1fv_5(void)","OK","libfftw3f-3.dll.decompiled.part-0001.c"
"63831320","fftwf_codelet_n1fv_5_sse2","undefined fftwf_codelet_n1fv_5_sse2(void)","OK","libfftw3f-3.dll.decompiled.part-0001.c"
"63831340","n1fv_6","undefined n1fv_6(void)","OK","libfftw3f-3.dll.decompiled.part-0001.c"
"63831580","fftwf_codelet_n1fv_6_sse2","undefined fftwf_codelet_n1fv_6_sse2(void)","OK","libfftw3f-3.dll.decompiled.part-0001.c"
"638315a0","n1fv_7","undefined n1fv_7(void)","OK","libfftw3f-3.dll.decompiled.part-0001.c"
"63831910","fftwf_codelet_n1fv_7_sse2","undefined fftwf_codelet_n1fv_7_sse2(void)","OK","libfftw3f-3.dll.decompiled.part-0001.c"
"63831930","n1fv_8","undefined n1fv_8(void)","OK","libfftw3f-3.dll.decompiled.part-0001.c"
"63831be0","fftwf_codelet_n1fv_8_sse2","undefined fftwf_codelet_n1fv_8_sse2(void)","OK","libfftw3f-3.dll.decompiled.part-0001.c"
"63831c00","n1fv_9","undefined n1fv_9(void)","OK","libfftw3f-3.dll.decompiled.part-0001.c"
"63832050","fftwf_codelet_n1fv_9_sse2","undefined fftwf_codelet_n1fv_9_sse2(void)","OK","libfftw3f-3.dll.decompiled.part-0001.c"
"63832070","n1fv_10","undefined n1fv_10(void)","OK","libfftw3f-3.dll.decompiled.part-0001.c"
"63832450","fftwf_codelet_n1fv_10_sse2","undefined fftwf_codelet_n1fv_10_sse2(void)","OK","libfftw3f-3.dll.decompiled.part-0001.c"
"63832470","n1fv_11","undefined n1fv_11(void)","OK","libfftw3f-3.dll.decompiled.part-0001.c"
"63832aa0","fftwf_codelet_n1fv_11_sse2","undefined fftwf_codelet_n1fv_11_sse2(void)","OK","libfftw3f-3.dll.decompiled.part-0001.c"
"63832ac0","n1fv_12","undefined n1fv_12(void)","OK","libfftw3f-3.dll.decompiled.part-0001.c"
"63832ef0","fftwf_codelet_n1fv_12_sse2","undefined fftwf_codelet_n1fv_12_sse2(void)","OK","libfftw3f-3.dll.decompiled.part-0001.c"
"63832f10","n1fv_13","undefined n1fv_13(void)","OK","libfftw3f-3.dll.decompiled.part-0001.c"
"63833590","fftwf_codelet_n1fv_13_sse2","undefined fftwf_codelet_n1fv_13_sse2(void)","OK","libfftw3f-3.dll.decompiled.part-0001.c"
"638335b0","n1fv_14","undefined n1fv_14(void)","OK","libfftw3f-3.dll.decompiled.part-0001.c"
"63833c10","fftwf_codelet_n1fv_14_sse2","undefined fftwf_codelet_n1fv_14_sse2(void)","OK","libfftw3f-3.dll.decompiled.part-0001.c"
"63833c30","n1fv_15","undefined n1fv_15(void)","OK","libfftw3f-3.dll.decompiled.part-0001.c"
"638342c0","fftwf_codelet_n1fv_15_sse2","undefined fftwf_codelet_n1fv_15_sse2(void)","OK","libfftw3f-3.dll.decompiled.part-0001.c"
"638342e0","n1fv_16","undefined n1fv_16(void)","OK","libfftw3f-3.dll.decompiled.part-0001.c"
"63834880","fftwf_codelet_n1fv_16_sse2","undefined fftwf_codelet_n1fv_16_sse2(void)","OK","libfftw3f-3.dll.decompiled.part-0001.c"
"638348a0","n1fv_32","undefined n1fv_32(void)","OK","libfftw3f-3.dll.decompiled.part-0001.c"
"638355e0","fftwf_codelet_n1fv_32_sse2","undefined fftwf_codelet_n1fv_32_sse2(void)","OK","libfftw3f-3.dll.decompiled.part-0001.c"
"63835600","n1fv_64","undefined n1fv_64(void)","OK","libfftw3f-3.dll.decompiled.part-0001.c"
"63837580","fftwf_codelet_n1fv_64_sse2","undefined fftwf_codelet_n1fv_64_sse2(void)","OK","libfftw3f-3.dll.decompiled.part-0001.c"
"638375a0","n1fv_128","undefined n1fv_128(void)","OK","libfftw3f-3.dll.decompiled.part-0001.c"
"6383bf20","fftwf_codelet_n1fv_128_sse2","undefined fftwf_codelet_n1fv_128_sse2(void)","OK","libfftw3f-3.dll.decompiled.part-0001.c"
"6383bf40","n1fv_20","undefined n1fv_20(void)","OK","libfftw3f-3.dll.decompiled.part-0001.c"
"6383c780","fftwf_codelet_n1fv_20_sse2","undefined fftwf_codelet_n1fv_20_sse2(void)","OK","libfftw3f-3.dll.decompiled.part-0001.c"
"6383c7a0","n1fv_25","undefined n1fv_25(void)","OK","libfftw3f-3.dll.decompiled.part-0001.c"
"6383da80","fftwf_codelet_n1fv_25_sse2","undefined fftwf_codelet_n1fv_25_sse2(void)","OK","libfftw3f-3.dll.decompiled.part-0001.c"
"6383daa0","n1bv_2","undefined n1bv_2(void)","OK","libfftw3f-3.dll.decompiled.part-0001.c"
"6383db50","fftwf_codelet_n1bv_2_sse2","undefined fftwf_codelet_n1bv_2_sse2(void)","OK","libfftw3f-3.dll.decompiled.part-0001.c"
"6383db70","n1bv_3","undefined n1bv_3(void)","OK","libfftw3f-3.dll.decompiled.part-0001.c"
"6383dca0","fftwf_codelet_n1bv_3_sse2","undefined fftwf_codelet_n1bv_3_sse2(void)","OK","libfftw3f-3.dll.decompiled.part-0001.c"
"6383dcc0","n1bv_4","undefined n1bv_4(void)","OK","libfftw3f-3.dll.decompiled.part-0001.c"
"6383de00","fftwf_codelet_n1bv_4_sse2","undefined fftwf_codelet_n1bv_4_sse2(void)","OK","libfftw3f-3.dll.decompiled.part-0001.c"
"6383de20","n1bv_5","undefined n1bv_5(void)","OK","libfftw3f-3.dll.decompiled.part-0002.c"
"6383e040","fftwf_codelet_n1bv_5_sse2","undefined fftwf_codelet_n1bv_5_sse2(void)","OK","libfftw3f-3.dll.decompiled.part-0002.c"
"6383e060","n1bv_6","undefined n1bv_6(void)","OK","libfftw3f-3.dll.decompiled.part-0002.c"
"6383e2a0","fftwf_codelet_n1bv_6_sse2","undefined fftwf_codelet_n1bv_6_sse2(void)","OK","libfftw3f-3.dll.decompiled.part-0002.c"
"6383e2c0","n1bv_7","undefined n1bv_7(void)","OK","libfftw3f-3.dll.decompiled.part-0002.c"
"6383e620","fftwf_codelet_n1bv_7_sse2","undefined fftwf_codelet_n1bv_7_sse2(void)","OK","libfftw3f-3.dll.decompiled.part-0002.c"
"6383e640","n1bv_8","undefined n1bv_8(void)","OK","libfftw3f-3.dll.decompiled.part-0002.c"
"6383e8f0","fftwf_codelet_n1bv_8_sse2","undefined fftwf_codelet_n1bv_8_sse2(void)","OK","libfftw3f-3.dll.decompiled.part-0002.c"
"6383e910","n1bv_9","undefined n1bv_9(void)","OK","libfftw3f-3.dll.decompiled.part-0002.c"
"6383ed60","fftwf_codelet_n1bv_9_sse2","undefined fftwf_codelet_n1bv_9_sse2(void)","OK","libfftw3f-3.dll.decompiled.part-0002.c"
"6383ed80","n1bv_10","undefined n1bv_10(void)","OK","libfftw3f-3.dll.decompiled.part-0002.c"
"6383f160","fftwf_codelet_n1bv_10_sse2","undefined fftwf_codelet_n1bv_10_sse2(void)","OK","libfftw3f-3.dll.decompiled.part-0002.c"
"6383f180","n1bv_11","undefined n1bv_11(void)","OK","libfftw3f-3.dll.decompiled.part-0002.c"
"6383f7b0","fftwf_codelet_n1bv_11_sse2","undefined fftwf_codelet_n1bv_11_sse2(void)","OK","libfftw3f-3.dll.decompiled.part-0002.c"
"6383f7d0","n1bv_12","undefined n1bv_12(void)","OK","libfftw3f-3.dll.decompiled.part-0002.c"
"6383fc20","fftwf_codelet_n1bv_12_sse2","undefined fftwf_codelet_n1bv_12_sse2(void)","OK","libfftw3f-3.dll.decompiled.part-0002.c"
"6383fc40","n1bv_13","undefined n1bv_13(void)","OK","libfftw3f-3.dll.decompiled.part-0002.c"
"638402b0","fftwf_codelet_n1bv_13_sse2","undefined fftwf_codelet_n1bv_13_sse2(void)","OK","libfftw3f-3.dll.decompiled.part-0002.c"
"638402d0","n1bv_14","undefined n1bv_14(void)","OK","libfftw3f-3.dll.decompiled.part-0002.c"
"63840930","fftwf_codelet_n1bv_14_sse2","undefined fftwf_codelet_n1bv_14_sse2(void)","OK","libfftw3f-3.dll.decompiled.part-0002.c"
"63840950","n1bv_15","undefined n1bv_15(void)","OK","libfftw3f-3.dll.decompiled.part-0002.c"
"63840fe0","fftwf_codelet_n1bv_15_sse2","undefined fftwf_codelet_n1bv_15_sse2(void)","OK","libfftw3f-3.dll.decompiled.part-0002.c"
"63841000","n1bv_16","undefined n1bv_16(void)","OK","libfftw3f-3.dll.decompiled.part-0002.c"
"638415b0","fftwf_codelet_n1bv_16_sse2","undefined fftwf_codelet_n1bv_16_sse2(void)","OK","libfftw3f-3.dll.decompiled.part-0002.c"
"638415d0","n1bv_32","undefined n1bv_32(void)","OK","libfftw3f-3.dll.decompiled.part-0002.c"
"63842310","fftwf_codelet_n1bv_32_sse2","undefined fftwf_codelet_n1bv_32_sse2(void)","OK","libfftw3f-3.dll.decompiled.part-0002.c"
"63842330","n1bv_64","undefined n1bv_64(void)","OK","libfftw3f-3.dll.decompiled.part-0002.c"
"63844280","fftwf_codelet_n1bv_64_sse2","undefined fftwf_codelet_n1bv_64_sse2(void)","OK","libfftw3f-3.dll.decompiled.part-0002.c"
"638442a0","n1bv_128","undefined n1bv_128(void)","OK","libfftw3f-3.dll.decompiled.part-0002.c"
"63848b50","fftwf_codelet_n1bv_128_sse2","undefined fftwf_codelet_n1bv_128_sse2(void)","OK","libfftw3f-3.dll.decompiled.part-0002.c"
"63848b70","n1bv_20","undefined n1bv_20(void)","OK","libfftw3f-3.dll.decompiled.part-0002.c"
"638493d0","fftwf_codelet_n1bv_20_sse2","undefined fftwf_codelet_n1bv_20_sse2(void)","OK","libfftw3f-3.dll.decompiled.part-0002.c"
"638493f0","n1bv_25","undefined n1bv_25(void)","OK","libfftw3f-3.dll.decompiled.part-0002.c"
"6384a680","fftwf_codelet_n1bv_25_sse2","undefined fftwf_codelet_n1bv_25_sse2(void)","OK","libfftw3f-3.dll.decompiled.part-0002.c"
"6384a6a0","n2fv_2","undefined n2fv_2(void)","OK","libfftw3f-3.dll.decompiled.part-0002.c"
"6384a740","fftwf_codelet_n2fv_2_sse2","undefined fftwf_codelet_n2fv_2_sse2(void)","OK","libfftw3f-3.dll.decompiled.part-0002.c"
"6384a760","n2fv_4","undefined n2fv_4(void)","OK","libfftw3f-3.dll.decompiled.part-0002.c"
"6384a850","fftwf_codelet_n2fv_4_sse2","undefined fftwf_codelet_n2fv_4_sse2(void)","OK","libfftw3f-3.dll.decompiled.part-0002.c"
"6384a870","n2fv_6","undefined n2fv_6(void)","OK","libfftw3f-3.dll.decompiled.part-0002.c"
"6384aa50","fftwf_codelet_n2fv_6_sse2","undefined fftwf_codelet_n2fv_6_sse2(void)","OK","libfftw3f-3.dll.decompiled.part-0002.c"
"6384aa70","n2fv_8","undefined n2fv_8(void)","OK","libfftw3f-3.dll.decompiled.part-0002.c"
"6384acc0","fftwf_codelet_n2fv_8_sse2","undefined fftwf_codelet_n2fv_8_sse2(void)","OK","libfftw3f-3.dll.decompiled.part-0002.c"
"6384ace0","n2fv_10","undefined n2fv_10(void)","OK","libfftw3f-3.dll.decompiled.part-0002.c"
"6384b060","fftwf_codelet_n2fv_10_sse2","undefined fftwf_codelet_n2fv_10_sse2(void)","OK","libfftw3f-3.dll.decompiled.part-0002.c"
"6384b080","n2fv_12","undefined n2fv_12(void)","OK","libfftw3f-3.dll.decompiled.part-0002.c"
"6384b450","fftwf_codelet_n2fv_12_sse2","undefined fftwf_codelet_n2fv_12_sse2(void)","OK","libfftw3f-3.dll.decompiled.part-0002.c"
"6384b470","n2fv_14","undefined n2fv_14(void)","OK","libfftw3f-3.dll.decompiled.part-0002.c"
"6384ba70","fftwf_codelet_n2fv_14_sse2","undefined fftwf_codelet_n2fv_14_sse2(void)","OK","libfftw3f-3.dll.decompiled.part-0002.c"
"6384ba90","n2fv_16","undefined n2fv_16(void)","OK","libfftw3f-3.dll.decompiled.part-0002.c"
"6384bfe0","fftwf_codelet_n2fv_16_sse2","undefined fftwf_codelet_n2fv_16_sse2(void)","OK","libfftw3f-3.dll.decompiled.part-0002.c"
"6384c000","n2fv_32","undefined n2fv_32(void)","OK","libfftw3f-3.dll.decompiled.part-0002.c"
"6384cd60","fftwf_codelet_n2fv_32_sse2","undefined fftwf_codelet_n2fv_32_sse2(void)","OK","libfftw3f-3.dll.decompiled.part-0002.c"
"6384cd80","n2fv_64","undefined n2fv_64(void)","OK","libfftw3f-3.dll.decompiled.part-0002.c"
"6384edf0","fftwf_codelet_n2fv_64_sse2","undefined fftwf_codelet_n2fv_64_sse2(void)","OK","libfftw3f-3.dll.decompiled.part-0002.c"
"6384ee10","n2fv_20","undefined n2fv_20(void)","OK","libfftw3f-3.dll.decompiled.part-0002.c"
"6384f620","fftwf_codelet_n2fv_20_sse2","undefined fftwf_codelet_n2fv_20_sse2(void)","OK","libfftw3f-3.dll.decompiled.part-0002.c"
"6384f640","n2bv_2","undefined n2bv_2(void)","OK","libfftw3f-3.dll.decompiled.part-0002.c"
"6384f6e0","fftwf_codelet_n2bv_2_sse2","undefined fftwf_codelet_n2bv_2_sse2(void)","OK","libfftw3f-3.dll.decompiled.part-0002.c"
"6384f700","n2bv_4","undefined n2bv_4(void)","OK","libfftw3f-3.dll.decompiled.part-0002.c"
"6384f7f0","fftwf_codelet_n2bv_4_sse2","undefined fftwf_codelet_n2bv_4_sse2(void)","OK","libfftw3f-3.dll.decompiled.part-0002.c"
"6384f810","n2bv_6","undefined n2bv_6(void)","OK","libfftw3f-3.dll.decompiled.part-0002.c"
"6384f9f0","fftwf_codelet_n2bv_6_sse2","undefined fftwf_codelet_n2bv_6_sse2(void)","OK","libfftw3f-3.dll.decompiled.part-0002.c"
"6384fa10","n2bv_8","undefined n2bv_8(void)","OK","libfftw3f-3.dll.decompiled.part-0002.c"
"6384fc50","fftwf_codelet_n2bv_8_sse2","undefined fftwf_codelet_n2bv_8_sse2(void)","OK","libfftw3f-3.dll.decompiled.part-0002.c"
"6384fc70","n2bv_10","undefined n2bv_10(void)","OK","libfftw3f-3.dll.decompiled.part-0002.c"
"6384fff0","fftwf_codelet_n2bv_10_sse2","undefined fftwf_codelet_n2bv_10_sse2(void)","OK","libfftw3f-3.dll.decompiled.part-0002.c"
"63850010","n2bv_12","undefined n2bv_12(void)","OK","libfftw3f-3.dll.decompiled.part-0002.c"
"638503f0","fftwf_codelet_n2bv_12_sse2","undefined fftwf_codelet_n2bv_12_sse2(void)","OK","libfftw3f-3.dll.decompiled.part-0002.c"
"63850410","n2bv_14","undefined n2bv_14(void)","OK","libfftw3f-3.dll.decompiled.part-0002.c"
"63850a10","fftwf_codelet_n2bv_14_sse2","undefined fftwf_codelet_n2bv_14_sse2(void)","OK","libfftw3f-3.dll.decompiled.part-0002.c"
"63850a30","n2bv_16","undefined n2bv_16(void)","OK","libfftw3f-3.dll.decompiled.part-0002.c"
"63850f80","fftwf_codelet_n2bv_16_sse2","undefined fftwf_codelet_n2bv_16_sse2(void)","OK","libfftw3f-3.dll.decompiled.part-0002.c"
"63850fa0","n2bv_32","undefined n2bv_32(void)","OK","libfftw3f-3.dll.decompiled.part-0002.c"
"63851d00","fftwf_codelet_n2bv_32_sse2","undefined fftwf_codelet_n2bv_32_sse2(void)","OK","libfftw3f-3.dll.decompiled.part-0002.c"
"63851d20","n2bv_64","undefined n2bv_64(void)","OK","libfftw3f-3.dll.decompiled.part-0002.c"
"63853dd0","fftwf_codelet_n2bv_64_sse2","undefined fftwf_codelet_n2bv_64_sse2(void)","OK","libfftw3f-3.dll.decompiled.part-0002.c"
"63853df0","n2bv_20","undefined n2bv_20(void)","OK","libfftw3f-3.dll.decompiled.part-0002.c"
"63854620","fftwf_codelet_n2bv_20_sse2","undefined fftwf_codelet_n2bv_20_sse2(void)","OK","libfftw3f-3.dll.decompiled.part-0002.c"
"63854640","n2sv_4","undefined n2sv_4(void)","OK","libfftw3f-3.dll.decompiled.part-0002.c"
"63854800","fftwf_codelet_n2sv_4_sse2","undefined fftwf_codelet_n2sv_4_sse2(void)","OK","libfftw3f-3.dll.decompiled.part-0002.c"
"63854820","n2sv_8","undefined n2sv_8(void)","OK","libfftw3f-3.dll.decompiled.part-0002.c"
"63854c50","fftwf_codelet_n2sv_8_sse2","undefined fftwf_codelet_n2sv_8_sse2(void)","OK","libfftw3f-3.dll.decompiled.part-0002.c"
"63854c70","n2sv_16","undefined n2sv_16(void)","OK","libfftw3f-3.dll.decompiled.part-0002.c"
"638557c0","fftwf_codelet_n2sv_16_sse2","undefined fftwf_codelet_n2sv_16_sse2(void)","OK","libfftw3f-3.dll.decompiled.part-0002.c"
"638557e0","n2sv_32","undefined n2sv_32(void)","OK","libfftw3f-3.dll.decompiled.part-0002.c"
"63857370","fftwf_codelet_n2sv_32_sse2","undefined fftwf_codelet_n2sv_32_sse2(void)","OK","libfftw3f-3.dll.decompiled.part-0002.c"
"63857390","n2sv_64","undefined n2sv_64(void)","OK","libfftw3f-3.dll.decompiled.part-0002.c"
"6385b700","fftwf_codelet_n2sv_64_sse2","undefined fftwf_codelet_n2sv_64_sse2(void)","OK","libfftw3f-3.dll.decompiled.part-0002.c"
"6385b720","t1fuv_2","undefined t1fuv_2(void)","OK","libfftw3f-3.dll.decompiled.part-0002.c"
"6385b7d0","fftwf_codelet_t1fuv_2_sse2","undefined fftwf_codelet_t1fuv_2_sse2(void)","OK","libfftw3f-3.dll.decompiled.part-0002.c"
"6385b7f0","t1fuv_3","undefined t1fuv_3(void)","OK","libfftw3f-3.dll.decompiled.part-0002.c"
"6385b960","fftwf_codelet_t1fuv_3_sse2","undefined fftwf_codelet_t1fuv_3_sse2(void)","OK","libfftw3f-3.dll.decompiled.part-0002.c"
"6385b980","t1fuv_4","undefined t1fuv_4(void)","OK","libfftw3f-3.dll.decompiled.part-0002.c"
"6385bb00","fftwf_codelet_t1fuv_4_sse2","undefined fftwf_codelet_t1fuv_4_sse2(void)","OK","libfftw3f-3.dll.decompiled.part-0002.c"
"6385bb20","t1fuv_5","undefined t1fuv_5(void)","OK","libfftw3f-3.dll.decompiled.part-0002.c"
"6385bdd0","fftwf_codelet_t1fuv_5_sse2","undefined fftwf_codelet_t1fuv_5_sse2(void)","OK","libfftw3f-3.dll.decompiled.part-0002.c"
"6385bdf0","t1fuv_6","undefined t1fuv_6(void)","OK","libfftw3f-3.dll.decompiled.part-0002.c"
"6385c0c0","fftwf_codelet_t1fuv_6_sse2","undefined fftwf_codelet_t1fuv_6_sse2(void)","OK","libfftw3f-3.dll.decompiled.part-0002.c"
"6385c0e0","t1fuv_7","undefined t1fuv_7(void)","OK","libfftw3f-3.dll.decompiled.part-0002.c"
"6385c4f0","fftwf_codelet_t1fuv_7_sse2","undefined fftwf_codelet_t1fuv_7_sse2(void)","OK","libfftw3f-3.dll.decompiled.part-0002.c"
"6385c510","t1fuv_8","undefined t1fuv_8(void)","OK","libfftw3f-3.dll.decompiled.part-0002.c"
"6385c890","fftwf_codelet_t1fuv_8_sse2","undefined fftwf_codelet_t1fuv_8_sse2(void)","OK","libfftw3f-3.dll.decompiled.part-0002.c"
"6385c8b0","t1fuv_9","undefined t1fuv_9(void)","OK","libfftw3f-3.dll.decompiled.part-0002.c"
"6385cde0","fftwf_codelet_t1fuv_9_sse2","undefined fftwf_codelet_t1fuv_9_sse2(void)","OK","libfftw3f-3.dll.decompiled.part-0002.c"
"6385ce00","t1fuv_10","undefined t1fuv_10(void)","OK","libfftw3f-3.dll.decompiled.part-0002.c"
"6385d320","fftwf_codelet_t1fuv_10_sse2","undefined fftwf_codelet_t1fuv_10_sse2(void)","OK","libfftw3f-3.dll.decompiled.part-0002.c"
"6385d340","t1fv_2","undefined t1fv_2(void)","OK","libfftw3f-3.dll.decompiled.part-0002.c"
"6385d3d0","fftwf_codelet_t1fv_2_sse2","undefined fftwf_codelet_t1fv_2_sse2(void)","OK","libfftw3f-3.dll.decompiled.part-0002.c"
"6385d3f0","t1fv_3","undefined t1fv_3(void)","OK","libfftw3f-3.dll.decompiled.part-0002.c"
"6385d520","fftwf_codelet_t1fv_3_sse2","undefined fftwf_codelet_t1fv_3_sse2(void)","OK","libfftw3f-3.dll.decompiled.part-0002.c"
"6385d540","t1fv_4","undefined t1fv_4(void)","OK","libfftw3f-3.dll.decompiled.part-0002.c"
"6385d690","fftwf_codelet_t1fv_4_sse2","undefined fftwf_codelet_t1fv_4_sse2(void)","OK","libfftw3f-3.dll.decompiled.part-0002.c"
"6385d6b0","t1fv_5","undefined t1fv_5(void)","OK","libfftw3f-3.dll.decompiled.part-0002.c"
"6385d910","fftwf_codelet_t1fv_5_sse2","undefined fftwf_codelet_t1fv_5_sse2(void)","OK","libfftw3f-3.dll.decompiled.part-0002.c"
"6385d930","t1fv_6","undefined t1fv_6(void)","OK","libfftw3f-3.dll.decompiled.part-0002.c"
"6385db90","fftwf_codelet_t1fv_6_sse2","undefined fftwf_codelet_t1fv_6_sse2(void)","OK","libfftw3f-3.dll.decompiled.part-0002.c"
"6385dbb0","t1fv_7","undefined t1fv_7(void)","OK","libfftw3f-3.dll.decompiled.part-0002.c"
"6385df40","fftwf_codelet_t1fv_7_sse2","undefined fftwf_codelet_t1fv_7_sse2(void)","OK","libfftw3f-3.dll.decompiled.part-0002.c"
"6385df60","t1fv_8","undefined t1fv_8(void)","OK","libfftw3f-3.dll.decompiled.part-0002.c"
"6385e250","fftwf_codelet_t1fv_8_sse2","undefined fftwf_codelet_t1fv_8_sse2(void)","OK","libfftw3f-3.dll.decompiled.part-0002.c"
"6385e270","t1fv_9","undefined t1fv_9(void)","OK","libfftw3f-3.dll.decompiled.part-0002.c"
"6385e6f0","fftwf_codelet_t1fv_9_sse2","undefined fftwf_codelet_t1fv_9_sse2(void)","OK","libfftw3f-3.dll.decompiled.part-0002.c"
"6385e710","t1fv_10","undefined t1fv_10(void)","OK","libfftw3f-3.dll.decompiled.part-0002.c"
"6385eb80","fftwf_codelet_t1fv_10_sse2","undefined fftwf_codelet_t1fv_10_sse2(void)","OK","libfftw3f-3.dll.decompiled.part-0002.c"
"6385eba0","t1fv_12","undefined t1fv_12(void)","OK","libfftw3f-3.dll.decompiled.part-0002.c"
"6385f0b0","fftwf_codelet_t1fv_12_sse2","undefined fftwf_codelet_t1fv_12_sse2(void)","OK","libfftw3f-3.dll.decompiled.part-0002.c"
"6385f0d0","t1fv_15","undefined t1fv_15(void)","OK","libfftw3f-3.dll.decompiled.part-0002.c"
"6385f840","fftwf_codelet_t1fv_15_sse2","undefined fftwf_codelet_t1fv_15_sse2(void)","OK","libfftw3f-3.dll.decompiled.part-0002.c"
"6385f860","t1fv_16","undefined t1fv_16(void)","OK","libfftw3f-3.dll.decompiled.part-0002.c"
"6385ff20","fftwf_codelet_t1fv_16_sse2","undefined fftwf_codelet_t1fv_16_sse2(void)","OK","libfftw3f-3.dll.decompiled.part-0002.c"
"6385ff40","t1fv_32","undefined t1fv_32(void)","OK","libfftw3f-3.dll.decompiled.part-0002.c"
"63860f60","fftwf_codelet_t1fv_32_sse2","undefined fftwf_codelet_t1fv_32_sse2(void)","OK","libfftw3f-3.dll.decompiled.part-0002.c"
"63860f80","t1fv_64","undefined t1fv_64(void)","OK","libfftw3f-3.dll.decompiled.part-0002.c"
"638633e0","fftwf_codelet_t1fv_64_sse2","undefined fftwf_codelet_t1fv_64_sse2(void)","OK","libfftw3f-3.dll.decompiled.part-0002.c"
"63863400","t1fv_20","undefined t1fv_20(void)","OK","libfftw3f-3.dll.decompiled.part-0002.c"
"63863e00","fftwf_codelet_t1fv_20_sse2","undefined fftwf_codelet_t1fv_20_sse2(void)","OK","libfftw3f-3.dll.decompiled.part-0002.c"
"63863e20","t1fv_25","undefined t1fv_25(void)","OK","libfftw3f-3.dll.decompiled.part-0002.c"
"638651e0","fftwf_codelet_t1fv_25_sse2","undefined fftwf_codelet_t1fv_25_sse2(void)","OK","libfftw3f-3.dll.decompiled.part-0002.c"
"63865200","t2fv_2","undefined t2fv_2(void)","OK","libfftw3f-3.dll.decompiled.part-0002.c"
"63865280","fftwf_codelet_t2fv_2_sse2","undefined fftwf_codelet_t2fv_2_sse2(void)","OK","libfftw3f-3.dll.decompiled.part-0002.c"
"638652a0","t2fv_4","undefined t2fv_4(void)","OK","libfftw3f-3.dll.decompiled.part-0002.c"
"638653c0","fftwf_codelet_t2fv_4_sse2","undefined fftwf_codelet_t2fv_4_sse2(void)","OK","libfftw3f-3.dll.decompiled.part-0002.c"
"638653e0","t2fv_8","undefined t2fv_8(void)","OK","libfftw3f-3.dll.decompiled.part-0002.c"
"63865670","fftwf_codelet_t2fv_8_sse2","undefined fftwf_codelet_t2fv_8_sse2(void)","OK","libfftw3f-3.dll.decompiled.part-0002.c"
"63865690","t2fv_16","undefined t2fv_16(void)","OK","libfftw3f-3.dll.decompiled.part-0002.c"
"63865c90","fftwf_codelet_t2fv_16_sse2","undefined fftwf_codelet_t2fv_16_sse2(void)","OK","libfftw3f-3.dll.decompiled.part-0002.c"
"63865cb0","t2fv_32","undefined t2fv_32(void)","OK","libfftw3f-3.dll.decompiled.part-0002.c"
"63866ad0","fftwf_codelet_t2fv_32_sse2","undefined fftwf_codelet_t2fv_32_sse2(void)","OK","libfftw3f-3.dll.decompiled.part-0002.c"
"63866af0","t2fv_64","undefined t2fv_64(void)","OK","libfftw3f-3.dll.decompiled.part-0002.c"
"63868c60","fftwf_codelet_t2fv_64_sse2","undefined fftwf_codelet_t2fv_64_sse2(void)","OK","libfftw3f-3.dll.decompiled.part-0002.c"
"63868c80","t2fv_5","undefined t2fv_5(void)","OK","libfftw3f-3.dll.decompiled.part-0002.c"
"63868e90","fftwf_codelet_t2fv_5_sse2","undefined fftwf_codelet_t2fv_5_sse2(void)","OK","libfftw3f-3.dll.decompiled.part-0002.c"
"63868eb0","t2fv_10","undefined t2fv_10(void)","OK","libfftw3f-3.dll.decompiled.part-0002.c"
"638692b0","fftwf_codelet_t2fv_10_sse2","undefined fftwf_codelet_t2fv_10_sse2(void)","OK","libfftw3f-3.dll.decompiled.part-0002.c"
"638692d0","t2fv_20","undefined t2fv_20(void)","OK","libfftw3f-3.dll.decompiled.part-0002.c"
"63869ba0","fftwf_codelet_t2fv_20_sse2","undefined fftwf_codelet_t2fv_20_sse2(void)","OK","libfftw3f-3.dll.decompiled.part-0002.c"
"63869bc0","t2fv_25","undefined t2fv_25(void)","OK","libfftw3f-3.dll.decompiled.part-0002.c"
"6386ae60","fftwf_codelet_t2fv_25_sse2","undefined fftwf_codelet_t2fv_25_sse2(void)","OK","libfftw3f-3.dll.decompiled.part-0002.c"
"6386ae80","t3fv_4","undefined t3fv_4(void)","OK","libfftw3f-3.dll.decompiled.part-0002.c"
"6386aff0","fftwf_codelet_t3fv_4_sse2","undefined fftwf_codelet_t3fv_4_sse2(void)","OK","libfftw3f-3.dll.decompiled.part-0002.c"
"6386b010","t3fv_8","undefined t3fv_8(void)","OK","libfftw3f-3.dll.decompiled.part-0002.c"
"6386b370","fftwf_codelet_t3fv_8_sse2","undefined fftwf_codelet_t3fv_8_sse2(void)","OK","libfftw3f-3.dll.decompiled.part-0002.c"
"6386b390","t3fv_16","undefined t3fv_16(void)","OK","libfftw3f-3.dll.decompiled.part-0002.c"
"6386bb30","fftwf_codelet_t3fv_16_sse2","undefined fftwf_codelet_t3fv_16_sse2(void)","OK","libfftw3f-3.dll.decompiled.part-0002.c"
"6386bb50","t3fv_32","undefined t3fv_32(void)","OK","libfftw3f-3.dll.decompiled.part-0002.c"
"6386ce00","fftwf_codelet_t3fv_32_sse2","undefined fftwf_codelet_t3fv_32_sse2(void)","OK","libfftw3f-3.dll.decompiled.part-0002.c"
"6386ce20","t3fv_5","undefined t3fv_5(void)","OK","libfftw3f-3.dll.decompiled.part-0002.c"
"6386d080","fftwf_codelet_t3fv_5_sse2","undefined fftwf_codelet_t3fv_5_sse2(void)","OK","libfftw3f-3.dll.decompiled.part-0002.c"
"6386d0a0","t3fv_10","undefined t3fv_10(void)","OK","libfftw3f-3.dll.decompiled.part-0002.c"
"6386d560","fftwf_codelet_t3fv_10_sse2","undefined fftwf_codelet_t3fv_10_sse2(void)","OK","libfftw3f-3.dll.decompiled.part-0002.c"
"6386d580","t3fv_20","undefined t3fv_20(void)","OK","libfftw3f-3.dll.decompiled.part-0002.c"
"6386e080","fftwf_codelet_t3fv_20_sse2","undefined fftwf_codelet_t3fv_20_sse2(void)","OK","libfftw3f-3.dll.decompiled.part-0002.c"
"6386e0a0","t3fv_25","undefined t3fv_25(void)","OK","libfftw3f-3.dll.decompiled.part-0002.c"
"6386f690","fftwf_codelet_t3fv_25_sse2","undefined fftwf_codelet_t3fv_25_sse2(void)","OK","libfftw3f-3.dll.decompiled.part-0002.c"
"6386f6b0","t1buv_2","undefined t1buv_2(void)","OK","libfftw3f-3.dll.decompiled.part-0002.c"
"6386f760","fftwf_codelet_t1buv_2_sse2","undefined fftwf_codelet_t1buv_2_sse2(void)","OK","libfftw3f-3.dll.decompiled.part-0002.c"
"6386f780","t1buv_3","undefined t1buv_3(void)","OK","libfftw3f-3.dll.decompiled.part-0002.c"
"6386f8e0","fftwf_codelet_t1buv_3_sse2","undefined fftwf_codelet_t1buv_3_sse2(void)","OK","libfftw3f-3.dll.decompiled.part-0002.c"
"6386f900","t1buv_4","undefined t1buv_4(void)","OK","libfftw3f-3.dll.decompiled.part-0002.c"
"6386fa90","fftwf_codelet_t1buv_4_sse2","undefined fftwf_codelet_t1buv_4_sse2(void)","OK","libfftw3f-3.dll.decompiled.part-0002.c"
"6386fab0","t1buv_5","undefined t1buv_5(void)","OK","libfftw3f-3.dll.decompiled.part-0002.c"
"6386fd50","fftwf_codelet_t1buv_5_sse2","undefined fftwf_codelet_t1buv_5_sse2(void)","OK","libfftw3f-3.dll.decompiled.part-0002.c"
"6386fd70","t1buv_6","undefined t1buv_6(void)","OK","libfftw3f-3.dll.decompiled.part-0002.c"
"63870040","fftwf_codelet_t1buv_6_sse2","undefined fftwf_codelet_t1buv_6_sse2(void)","OK","libfftw3f-3.dll.decompiled.part-0002.c"
"63870060","t1buv_7","undefined t1buv_7(void)","OK","libfftw3f-3.dll.decompiled.part-0002.c"
"63870480","fftwf_codelet_t1buv_7_sse2","undefined fftwf_codelet_t1buv_7_sse2(void)","OK","libfftw3f-3.dll.decompiled.part-0002.c"
"638704a0","t1buv_8","undefined t1buv_8(void)","OK","libfftw3f-3.dll.decompiled.part-0002.c"
"63870820","fftwf_codelet_t1buv_8_sse2","undefined fftwf_codelet_t1buv_8_sse2(void)","OK","libfftw3f-3.dll.decompiled.part-0002.c"
"63870840","t1buv_9","undefined t1buv_9(void)","OK","libfftw3f-3.dll.decompiled.part-0002.c"
"63870d80","fftwf_codelet_t1buv_9_sse2","undefined fftwf_codelet_t1buv_9_sse2(void)","OK","libfftw3f-3.dll.decompiled.part-0002.c"
"63870da0","t1buv_10","undefined t1buv_10(void)","OK","libfftw3f-3.dll.decompiled.part-0002.c"
"638712d0","fftwf_codelet_t1buv_10_sse2","undefined fftwf_codelet_t1buv_10_sse2(void)","OK","libfftw3f-3.dll.decompiled.part-0002.c"
"638712f0","t1bv_2","undefined t1bv_2(void)","OK","libfftw3f-3.dll.decompiled.part-0002.c"
"63871390","fftwf_codelet_t1bv_2_sse2","undefined fftwf_codelet_t1bv_2_sse2(void)","OK","libfftw3f-3.dll.decompiled.part-0002.c"
"638713b0","t1bv_3","undefined t1bv_3(void)","OK","libfftw3f-3.dll.decompiled.part-0002.c"
"638714d0","fftwf_codelet_t1bv_3_sse2","undefined fftwf_codelet_t1bv_3_sse2(void)","OK","libfftw3f-3.dll.decompiled.part-0002.c"
"638714f0","t1bv_4","undefined t1bv_4(void)","OK","libfftw3f-3.dll.decompiled.part-0002.c"
"63871640","fftwf_codelet_t1bv_4_sse2","undefined fftwf_codelet_t1bv_4_sse2(void)","OK","libfftw3f-3.dll.decompiled.part-0002.c"
"63871660","t1bv_5","undefined t1bv_5(void)","OK","libfftw3f-3.dll.decompiled.part-0002.c"
"638718a0","fftwf_codelet_t1bv_5_sse2","undefined fftwf_codelet_t1bv_5_sse2(void)","OK","libfftw3f-3.dll.decompiled.part-0002.c"
"638718c0","t1bv_6","undefined t1bv_6(void)","OK","libfftw3f-3.dll.decompiled.part-0002.c"
"63871b30","fftwf_codelet_t1bv_6_sse2","undefined fftwf_codelet_t1bv_6_sse2(void)","OK","libfftw3f-3.dll.decompiled.part-0002.c"
"63871b50","t1bv_7","undefined t1bv_7(void)","OK","libfftw3f-3.dll.decompiled.part-0002.c"
"63871ef0","fftwf_codelet_t1bv_7_sse2","undefined fftwf_codelet_t1bv_7_sse2(void)","OK","libfftw3f-3.dll.decompiled.part-0002.c"
"63871f10","t1bv_8","undefined t1bv_8(void)","OK","libfftw3f-3.dll.decompiled.part-0002.c"
"63872200","fftwf_codelet_t1bv_8_sse2","undefined fftwf_codelet_t1bv_8_sse2(void)","OK","libfftw3f-3.dll.decompiled.part-0002.c"
"63872220","t1bv_9","undefined t1bv_9(void)","OK","libfftw3f-3.dll.decompiled.part-0002.c"
"638726b0","fftwf_codelet_t1bv_9_sse2","undefined fftwf_codelet_t1bv_9_sse2(void)","OK","libfftw3f-3.dll.decompiled.part-0002.c"
"638726d0","t1bv_10","undefined t1bv_10(void)","OK","libfftw3f-3.dll.decompiled.part-0002.c"
"63872b50","fftwf_codelet_t1bv_10_sse2","undefined fftwf_codelet_t1bv_10_sse2(void)","OK","libfftw3f-3.dll.decompiled.part-0002.c"
"63872b70","t1bv_12","undefined t1bv_12(void)","OK","libfftw3f-3.dll.decompiled.part-0002.c"
"638730b0","fftwf_codelet_t1bv_12_sse2","undefined fftwf_codelet_t1bv_12_sse2(void)","OK","libfftw3f-3.dll.decompiled.part-0002.c"
"638730d0","t1bv_15","undefined t1bv_15(void)","OK","libfftw3f-3.dll.decompiled.part-0002.c"
"63873860","fftwf_codelet_t1bv_15_sse2","undefined fftwf_codelet_t1bv_15_sse2(void)","OK","libfftw3f-3.dll.decompiled.part-0002.c"
"63873880","t1bv_16","undefined t1bv_16(void)","OK","libfftw3f-3.dll.decompiled.part-0002.c"
"63873f60","fftwf_codelet_t1bv_16_sse2","undefined fftwf_codelet_t1bv_16_sse2(void)","OK","libfftw3f-3.dll.decompiled.part-0002.c"
"63873f80","t1bv_32","undefined t1bv_32(void)","OK","libfftw3f-3.dll.decompiled.part-0002.c"
"63875040","fftwf_codelet_t1bv_32_sse2","undefined fftwf_codelet_t1bv_32_sse2(void)","OK","libfftw3f-3.dll.decompiled.part-0002.c"
"63875060","t1bv_64","undefined t1bv_64(void)","OK","libfftw3f-3.dll.decompiled.part-0002.c"
"63877650","fftwf_codelet_t1bv_64_sse2","undefined fftwf_codelet_t1bv_64_sse2(void)","OK","libfftw3f-3.dll.decompiled.part-0002.c"
"63877670","t1bv_20","undefined t1bv_20(void)","OK","libfftw3f-3.dll.decompiled.part-0002.c"
"63878050","fftwf_codelet_t1bv_20_sse2","undefined fftwf_codelet_t1bv_20_sse2(void)","OK","libfftw3f-3.dll.decompiled.part-0002.c"
"63878070","t1bv_25","undefined t1bv_25(void)","OK","libfftw3f-3.dll.decompiled.part-0002.c"
"638794a0","fftwf_codelet_t1bv_25_sse2","undefined fftwf_codelet_t1bv_25_sse2(void)","OK","libfftw3f-3.dll.decompiled.part-0002.c"
"638794c0","t2bv_2","undefined t2bv_2(void)","OK","libfftw3f-3.dll.decompiled.part-0002.c"
"63879540","fftwf_codelet_t2bv_2_sse2","undefined fftwf_codelet_t2bv_2_sse2(void)","OK","libfftw3f-3.dll.decompiled.part-0002.c"
"63879560","t2bv_4","undefined t2bv_4(void)","OK","libfftw3f-3.dll.decompiled.part-0002.c"
"63879680","fftwf_codelet_t2bv_4_sse2","undefined fftwf_codelet_t2bv_4_sse2(void)","OK","libfftw3f-3.dll.decompiled.part-0002.c"
"638796a0","t2bv_8","undefined t2bv_8(void)","OK","libfftw3f-3.dll.decompiled.part-0002.c"
"63879920","fftwf_codelet_t2bv_8_sse2","undefined fftwf_codelet_t2bv_8_sse2(void)","OK","libfftw3f-3.dll.decompiled.part-0002.c"
"63879940","t2bv_16","undefined t2bv_16(void)","OK","libfftw3f-3.dll.decompiled.part-0002.c"
"63879f50","fftwf_codelet_t2bv_16_sse2","undefined fftwf_codelet_t2bv_16_sse2(void)","OK","libfftw3f-3.dll.decompiled.part-0002.c"
"63879f70","t2bv_32","undefined t2bv_32(void)","OK","libfftw3f-3.dll.decompiled.part-0002.c"
"6387ae40","fftwf_codelet_t2bv_32_sse2","undefined fftwf_codelet_t2bv_32_sse2(void)","OK","libfftw3f-3.dll.decompiled.part-0002.c"
"6387ae60","t2bv_64","undefined t2bv_64(void)","OK","libfftw3f-3.dll.decompiled.part-0002.c"
"6387cf90","fftwf_codelet_t2bv_64_sse2","undefined fftwf_codelet_t2bv_64_sse2(void)","OK","libfftw3f-3.dll.decompiled.part-0002.c"
"6387cfb0","t2bv_5","undefined t2bv_5(void)","OK","libfftw3f-3.dll.decompiled.part-0002.c"
"6387d1a0","fftwf_codelet_t2bv_5_sse2","undefined fftwf_codelet_t2bv_5_sse2(void)","OK","libfftw3f-3.dll.decompiled.part-0002.c"
"6387d1c0","t2bv_10","undefined t2bv_10(void)","OK","libfftw3f-3.dll.decompiled.part-0002.c"
"6387d5b0","fftwf_codelet_t2bv_10_sse2","undefined fftwf_codelet_t2bv_10_sse2(void)","OK","libfftw3f-3.dll.decompiled.part-0002.c"
"6387d5d0","t2bv_20","undefined t2bv_20(void)","OK","libfftw3f-3.dll.decompiled.part-0002.c"
"6387de90","fftwf_codelet_t2bv_20_sse2","undefined fftwf_codelet_t2bv_20_sse2(void)","OK","libfftw3f-3.dll.decompiled.part-0002.c"
"6387deb0","t2bv_25","undefined t2bv_25(void)","OK","libfftw3f-3.dll.decompiled.part-0002.c"
"6387f100","fftwf_codelet_t2bv_25_sse2","undefined fftwf_codelet_t2bv_25_sse2(void)","OK","libfftw3f-3.dll.decompiled.part-0002.c"
"6387f120","t3bv_4","undefined t3bv_4(void)","OK","libfftw3f-3.dll.decompiled.part-0002.c"
"6387f290","fftwf_codelet_t3bv_4_sse2","undefined fftwf_codelet_t3bv_4_sse2(void)","OK","libfftw3f-3.dll.decompiled.part-0002.c"
"6387f2b0","t3bv_8","undefined t3bv_8(void)","OK","libfftw3f-3.dll.decompiled.part-0002.c"
"6387f600","fftwf_codelet_t3bv_8_sse2","undefined fftwf_codelet_t3bv_8_sse2(void)","OK","libfftw3f-3.dll.decompiled.part-0002.c"
"6387f620","t3bv_16","undefined t3bv_16(void)","OK","libfftw3f-3.dll.decompiled.part-0002.c"
"6387fdc0","fftwf_codelet_t3bv_16_sse2","undefined fftwf_codelet_t3bv_16_sse2(void)","OK","libfftw3f-3.dll.decompiled.part-0002.c"
"6387fde0","t3bv_32","undefined t3bv_32(void)","OK","libfftw3f-3.dll.decompiled.part-0002.c"
"63881110","fftwf_codelet_t3bv_32_sse2","undefined fftwf_codelet_t3bv_32_sse2(void)","OK","libfftw3f-3.dll.decompiled.part-0002.c"
"63881130","t3bv_5","undefined t3bv_5(void)","OK","libfftw3f-3.dll.decompiled.part-0002.c"
"638813c0","fftwf_codelet_t3bv_5_sse2","undefined fftwf_codelet_t3bv_5_sse2(void)","OK","libfftw3f-3.dll.decompiled.part-0002.c"
"638813e0","t3bv_10","undefined t3bv_10(void)","OK","libfftw3f-3.dll.decompiled.part-0002.c"
"638818b0","fftwf_codelet_t3bv_10_sse2","undefined fftwf_codelet_t3bv_10_sse2(void)","OK","libfftw3f-3.dll.decompiled.part-0002.c"
"638818d0","t3bv_20","undefined t3bv_20(void)","OK","libfftw3f-3.dll.decompiled.part-0002.c"
"638823b0","fftwf_codelet_t3bv_20_sse2","undefined fftwf_codelet_t3bv_20_sse2(void)","OK","libfftw3f-3.dll.decompiled.part-0002.c"
"638823d0","t3bv_25","undefined t3bv_25(void)","OK","libfftw3f-3.dll.decompiled.part-0002.c"
"63883980","fftwf_codelet_t3bv_25_sse2","undefined fftwf_codelet_t3bv_25_sse2(void)","OK","libfftw3f-3.dll.decompiled.part-0002.c"
"638839a0","t1sv_2","undefined t1sv_2(void)","OK","libfftw3f-3.dll.decompiled.part-0002.c"
"63883a70","fftwf_codelet_t1sv_2_sse2","undefined fftwf_codelet_t1sv_2_sse2(void)","OK","libfftw3f-3.dll.decompiled.part-0002.c"
"63883a90","t1sv_4","undefined t1sv_4(void)","OK","libfftw3f-3.dll.decompiled.part-0002.c"
"63883c70","fftwf_codelet_t1sv_4_sse2","undefined fftwf_codelet_t1sv_4_sse2(void)","OK","libfftw3f-3.dll.decompiled.part-0002.c"
"63883c90","t1sv_8","undefined t1sv_8(void)","OK","libfftw3f-3.dll.decompiled.part-0002.c"
"63884120","fftwf_codelet_t1sv_8_sse2","undefined fftwf_codelet_t1sv_8_sse2(void)","OK","libfftw3f-3.dll.decompiled.part-0002.c"
"63884140","t1sv_16","undefined t1sv_16(void)","OK","libfftw3f-3.dll.decompiled.part-0002.c"
"63884cb0","fftwf_codelet_t1sv_16_sse2","undefined fftwf_codelet_t1sv_16_sse2(void)","OK","libfftw3f-3.dll.decompiled.part-0002.c"
"63884cd0","t1sv_32","undefined t1sv_32(void)","OK","libfftw3f-3.dll.decompiled.part-0002.c"
"63886780","fftwf_codelet_t1sv_32_sse2","undefined fftwf_codelet_t1sv_32_sse2(void)","OK","libfftw3f-3.dll.decompiled.part-0002.c"
"638867a0","t2sv_4","undefined t2sv_4(void)","OK","libfftw3f-3.dll.decompiled.part-0002.c"
"638869a0","fftwf_codelet_t2sv_4_sse2","undefined fftwf_codelet_t2sv_4_sse2(void)","OK","libfftw3f-3.dll.decompiled.part-0002.c"
"638869c0","t2sv_8","undefined t2sv_8(void)","OK","libfftw3f-3.dll.decompiled.part-0002.c"
"63886e90","fftwf_codelet_t2sv_8_sse2","undefined fftwf_codelet_t2sv_8_sse2(void)","OK","libfftw3f-3.dll.decompiled.part-0002.c"
"63886eb0","t2sv_16","undefined t2sv_16(void)","OK","libfftw3f-3.dll.decompiled.part-0002.c"
"63887b60","fftwf_codelet_t2sv_16_sse2","undefined fftwf_codelet_t2sv_16_sse2(void)","OK","libfftw3f-3.dll.decompiled.part-0002.c"
"63887b80","t2sv_32","undefined t2sv_32(void)","OK","libfftw3f-3.dll.decompiled.part-0002.c"
"63889c10","fftwf_codelet_t2sv_32_sse2","undefined fftwf_codelet_t2sv_32_sse2(void)","OK","libfftw3f-3.dll.decompiled.part-0002.c"
"63889c30","q1fv_2","undefined q1fv_2(void)","OK","libfftw3f-3.dll.decompiled.part-0002.c"
"63889da0","fftwf_codelet_q1fv_2_sse2","undefined fftwf_codelet_q1fv_2_sse2(void)","OK","libfftw3f-3.dll.decompiled.part-0002.c"
"63889dc0","q1fv_4","undefined q1fv_4(void)","OK","libfftw3f-3.dll.decompiled.part-0002.c"
"6388a3e0","fftwf_codelet_q1fv_4_sse2","undefined fftwf_codelet_q1fv_4_sse2(void)","OK","libfftw3f-3.dll.decompiled.part-0002.c"
"6388a400","q1fv_5","undefined q1fv_5(void)","OK","libfftw3f-3.dll.decompiled.part-0002.c"
"6388afa0","fftwf_codelet_q1fv_5_sse2","undefined fftwf_codelet_q1fv_5_sse2(void)","OK","libfftw3f-3.dll.decompiled.part-0002.c"
"6388afc0","q1fv_8","undefined q1fv_8(void)","OK","libfftw3f-3.dll.decompiled.part-0002.c"
"6388cc90","fftwf_codelet_q1fv_8_sse2","undefined fftwf_codelet_q1fv_8_sse2(void)","OK","libfftw3f-3.dll.decompiled.part-0002.c"
"6388ccb0","q1bv_2","undefined q1bv_2(void)","OK","libfftw3f-3.dll.decompiled.part-0002.c"
"6388ce20","fftwf_codelet_q1bv_2_sse2","undefined fftwf_codelet_q1bv_2_sse2(void)","OK","libfftw3f-3.dll.decompiled.part-0002.c"
"6388ce40","q1bv_4","undefined q1bv_4(void)","OK","libfftw3f-3.dll.decompiled.part-0002.c"
"6388d460","fftwf_codelet_q1bv_4_sse2","undefined fftwf_codelet_q1bv_4_sse2(void)","OK","libfftw3f-3.dll.decompiled.part-0002.c"
"6388d480","q1bv_5","undefined q1bv_5(void)","OK","libfftw3f-3.dll.decompiled.part-0002.c"
"6388e070","fftwf_codelet_q1bv_5_sse2","undefined fftwf_codelet_q1bv_5_sse2(void)","OK","libfftw3f-3.dll.decompiled.part-0002.c"
"6388e090","q1bv_8","undefined q1bv_8(void)","OK","libfftw3f-3.dll.decompiled.part-0002.c"
"6388ff80","fftwf_codelet_q1bv_8_sse2","undefined fftwf_codelet_q1bv_8_sse2(void)","OK","libfftw3f-3.dll.decompiled.part-0002.c"
"6388ffa0","n1b_okp","undefined n1b_okp(void)","OK","libfftw3f-3.dll.decompiled.part-0002.c"
"63890050","n1f_okp","undefined n1f_okp(void)","OK","libfftw3f-3.dll.decompiled.part-0002.c"
"63890100","n2b_okp","undefined n2b_okp(void)","OK","libfftw3f-3.dll.decompiled.part-0002.c"
"638901c0","n2f_okp","undefined n2f_okp(void)","OK","libfftw3f-3.dll.decompiled.part-0002.c"
"63890280","n2s_okp","undefined n2s_okp(void)","OK","libfftw3f-3.dll.decompiled.part-0002.c"
"63890330","q1b_okp","undefined q1b_okp(void)","OK","libfftw3f-3.dll.decompiled.part-0002.c"
"638903c0","q1f_okp","undefined q1f_okp(void)","OK","libfftw3f-3.dll.decompiled.part-0002.c"
"63890450","ts_okp","undefined ts_okp(void)","OK","libfftw3f-3.dll.decompiled.part-0002.c"
"638904d0","t_okp_t1f","undefined t_okp_t1f(void)","OK","libfftw3f-3.dll.decompiled.part-0002.c"
"63890560","t_okp_t1bu","undefined t_okp_t1bu(void)","OK","libfftw3f-3.dll.decompiled.part-0002.c"
"638905e0","t_okp_t1fu","undefined t_okp_t1fu(void)","OK","libfftw3f-3.dll.decompiled.part-0002.c"
"63890660","t_okp_t2f","undefined t_okp_t2f(void)","OK","libfftw3f-3.dll.decompiled.part-0002.c"
"63890700","t_okp_t2b","undefined t_okp_t2b(void)","OK","libfftw3f-3.dll.decompiled.part-0002.c"
"638907a0","t_okp_t1b","undefined t_okp_t1b(void)","OK","libfftw3f-3.dll.decompiled.part-0002.c"
"63890830",".text","undefined .text(void)","OK","libfftw3f-3.dll.decompiled.part-0002.c"
"63890930","fftwf_codelet_hc2cfdftv_2_sse2","undefined fftwf_codelet_hc2cfdftv_2_sse2(void)","OK","libfftw3f-3.dll.decompiled.part-0002.c"
"63890950","hc2cfdftv_4","undefined hc2cfdftv_4(void)","OK","libfftw3f-3.dll.decompiled.part-0002.c"
"63890b50","fftwf_codelet_hc2cfdftv_4_sse2","undefined fftwf_codelet_hc2cfdftv_4_sse2(void)","OK","libfftw3f-3.dll.decompiled.part-0002.c"
"63890b70","hc2cfdftv_6","undefined hc2cfdftv_6(void)","OK","libfftw3f-3.dll.decompiled.part-0002.c"
"63890f00","fftwf_codelet_hc2cfdftv_6_sse2","undefined fftwf_codelet_hc2cfdftv_6_sse2(void)","OK","libfftw3f-3.dll.decompiled.part-0002.c"
"63890f20","hc2cfdftv_8","undefined hc2cfdftv_8(void)","OK","libfftw3f-3.dll.decompiled.part-0002.c"
"63891360","fftwf_codelet_hc2cfdftv_8_sse2","undefined fftwf_codelet_hc2cfdftv_8_sse2(void)","OK","libfftw3f-3.dll.decompiled.part-0002.c"
"63891380","hc2cfdftv_10","undefined hc2cfdftv_10(void)","OK","libfftw3f-3.dll.decompiled.part-0002.c"
"63891970","fftwf_codelet_hc2cfdftv_10_sse2","undefined fftwf_codelet_hc2cfdftv_10_sse2(void)","OK","libfftw3f-3.dll.decompiled.part-0002.c"
"63891990","hc2cfdftv_12","undefined hc2cfdftv_12(void)","OK","libfftw3f-3.dll.decompiled.part-0002.c"
"63892090","fftwf_codelet_hc2cfdftv_12_sse2","undefined fftwf_codelet_hc2cfdftv_12_sse2(void)","OK","libfftw3f-3.dll.decompiled.part-0002.c"
"638920b0","hc2cfdftv_16","undefined hc2cfdftv_16(void)","OK","libfftw3f-3.dll.decompiled.part-0002.c"
"638929b0","fftwf_codelet_hc2cfdftv_16_sse2","undefined fftwf_codelet_hc2cfdftv_16_sse2(void)","OK","libfftw3f-3.dll.decompiled.part-0002.c"
"638929d0","hc2cfdftv_32","undefined hc2cfdftv_32(void)","OK","libfftw3f-3.dll.decompiled.part-0002.c"
"63893e30","fftwf_codelet_hc2cfdftv_32_sse2","undefined fftwf_codelet_hc2cfdftv_32_sse2(void)","OK","libfftw3f-3.dll.decompiled.part-0002.c"
"63893e50","hc2cfdftv_20","undefined hc2cfdftv_20(void)","OK","libfftw3f-3.dll.decompiled.part-0002.c"
"63894b20","fftwf_codelet_hc2cfdftv_20_sse2","undefined fftwf_codelet_hc2cfdftv_20_sse2(void)","OK","libfftw3f-3.dll.decompiled.part-0002.c"
"63894b40","hc2cbdftv_2","undefined hc2cbdftv_2(void)","OK","libfftw3f-3.dll.decompiled.part-0002.c"
"63894c20","fftwf_codelet_hc2cbdftv_2_sse2","undefined fftwf_codelet_hc2cbdftv_2_sse2(void)","OK","libfftw3f-3.dll.decompiled.part-0002.c"
"63894c40","hc2cbdftv_4","undefined hc2cbdftv_4(void)","OK","libfftw3f-3.dll.decompiled.part-0002.c"
"63894e20","fftwf_codelet_hc2cbdftv_4_sse2","undefined fftwf_codelet_hc2cbdftv_4_sse2(void)","OK","libfftw3f-3.dll.decompiled.part-0002.c"
"63894e40","hc2cbdftv_6","undefined hc2cbdftv_6(void)","OK","libfftw3f-3.dll.decompiled.part-0002.c"
"63895190","fftwf_codelet_hc2cbdftv_6_sse2","undefined fftwf_codelet_hc2cbdftv_6_sse2(void)","OK","libfftw3f-3.dll.decompiled.part-0002.c"
"638951b0","hc2cbdftv_8","undefined hc2cbdftv_8(void)","OK","libfftw3f-3.dll.decompiled.part-0002.c"
"638955f0","fftwf_codelet_hc2cbdftv_8_sse2","undefined fftwf_codelet_hc2cbdftv_8_sse2(void)","OK","libfftw3f-3.dll.decompiled.part-0002.c"
"63895610","hc2cbdftv_10","undefined hc2cbdftv_10(void)","OK","libfftw3f-3.dll.decompiled.part-0003.c"
"63895bd0","fftwf_codelet_hc2cbdftv_10_sse2","undefined fftwf_codelet_hc2cbdftv_10_sse2(void)","OK","libfftw3f-3.dll.decompiled.part-0003.c"
"63895bf0","hc2cbdftv_12","undefined hc2cbdftv_12(void)","OK","libfftw3f-3.dll.decompiled.part-0003.c"
"63896290","fftwf_codelet_hc2cbdftv_12_sse2","undefined fftwf_codelet_hc2cbdftv_12_sse2(void)","OK","libfftw3f-3.dll.decompiled.part-0003.c"
"638962b0","hc2cbdftv_16","undefined hc2cbdftv_16(void)","OK","libfftw3f-3.dll.decompiled.part-0003.c"
"63896c30","fftwf_codelet_hc2cbdftv_16_sse2","undefined fftwf_codelet_hc2cbdftv_16_sse2(void)","OK","libfftw3f-3.dll.decompiled.part-0003.c"
"63896c50","hc2cbdftv_32","undefined hc2cbdftv_32(void)","OK","libfftw3f-3.dll.decompiled.part-0003.c"
"63898160","fftwf_codelet_hc2cbdftv_32_sse2","undefined fftwf_codelet_hc2cbdftv_32_sse2(void)","OK","libfftw3f-3.dll.decompiled.part-0003.c"
"63898180","hc2cbdftv_20","undefined hc2cbdftv_20(void)","OK","libfftw3f-3.dll.decompiled.part-0003.c"
"63898ec0","fftwf_codelet_hc2cbdftv_20_sse2","undefined fftwf_codelet_hc2cbdftv_20_sse2(void)","OK","libfftw3f-3.dll.decompiled.part-0003.c"
"63898ee0","hc2cbv_okp","undefined hc2cbv_okp(void)","OK","libfftw3f-3.dll.decompiled.part-0003.c"
"63898f50","hc2cfv_okp","undefined hc2cfv_okp(void)","OK","libfftw3f-3.dll.decompiled.part-0003.c"
"63898fc0",".text","undefined .text(void)","OK","libfftw3f-3.dll.decompiled.part-0003.c"
"638990f0","fftwf_codelet_n1fv_2_avx","undefined fftwf_codelet_n1fv_2_avx(void)","OK","libfftw3f-3.dll.decompiled.part-0003.c"
"63899110","n1fv_3","undefined n1fv_3(void)","OK","libfftw3f-3.dll.decompiled.part-0003.c"
"638992f0","fftwf_codelet_n1fv_3_avx","undefined fftwf_codelet_n1fv_3_avx(void)","OK","libfftw3f-3.dll.decompiled.part-0003.c"
"63899310","n1fv_4","undefined n1fv_4(void)","OK","libfftw3f-3.dll.decompiled.part-0003.c"
"63899510","fftwf_codelet_n1fv_4_avx","undefined fftwf_codelet_n1fv_4_avx(void)","OK","libfftw3f-3.dll.decompiled.part-0003.c"
"63899530","n1fv_5","undefined n1fv_5(void)","OK","libfftw3f-3.dll.decompiled.part-0003.c"
"63899850","fftwf_codelet_n1fv_5_avx","undefined fftwf_codelet_n1fv_5_avx(void)","OK","libfftw3f-3.dll.decompiled.part-0003.c"
"63899870","n1fv_6","undefined n1fv_6(void)","OK","libfftw3f-3.dll.decompiled.part-0003.c"
"63899bc0","fftwf_codelet_n1fv_6_avx","undefined fftwf_codelet_n1fv_6_avx(void)","OK","libfftw3f-3.dll.decompiled.part-0003.c"
"63899be0","n1fv_7","undefined n1fv_7(void)","OK","libfftw3f-3.dll.decompiled.part-0003.c"
"6389a030","fftwf_codelet_n1fv_7_avx","undefined fftwf_codelet_n1fv_7_avx(void)","OK","libfftw3f-3.dll.decompiled.part-0003.c"
"6389a050","n1fv_8","undefined n1fv_8(void)","OK","libfftw3f-3.dll.decompiled.part-0003.c"
"6389a440","fftwf_codelet_n1fv_8_avx","undefined fftwf_codelet_n1fv_8_avx(void)","OK","libfftw3f-3.dll.decompiled.part-0003.c"
"6389a460","n1fv_9","undefined n1fv_9(void)","OK","libfftw3f-3.dll.decompiled.part-0003.c"
"6389a9d0","fftwf_codelet_n1fv_9_avx","undefined fftwf_codelet_n1fv_9_avx(void)","OK","libfftw3f-3.dll.decompiled.part-0003.c"
"6389a9f0","n1fv_10","undefined n1fv_10(void)","OK","libfftw3f-3.dll.decompiled.part-0003.c"
"6389af30","fftwf_codelet_n1fv_10_avx","undefined fftwf_codelet_n1fv_10_avx(void)","OK","libfftw3f-3.dll.decompiled.part-0003.c"
"6389af50","n1fv_11","undefined n1fv_11(void)","OK","libfftw3f-3.dll.decompiled.part-0003.c"
"6389b690","fftwf_codelet_n1fv_11_avx","undefined fftwf_codelet_n1fv_11_avx(void)","OK","libfftw3f-3.dll.decompiled.part-0003.c"
"6389b6b0","n1fv_12","undefined n1fv_12(void)","OK","libfftw3f-3.dll.decompiled.part-0003.c"
"6389bcb0","fftwf_codelet_n1fv_12_avx","undefined fftwf_codelet_n1fv_12_avx(void)","OK","libfftw3f-3.dll.decompiled.part-0003.c"
"6389bcd0","n1fv_13","undefined n1fv_13(void)","OK","libfftw3f-3.dll.decompiled.part-0003.c"
"6389c4e0","fftwf_codelet_n1fv_13_avx","undefined fftwf_codelet_n1fv_13_avx(void)","OK","libfftw3f-3.dll.decompiled.part-0003.c"
"6389c500","n1fv_14","undefined n1fv_14(void)","OK","libfftw3f-3.dll.decompiled.part-0003.c"
"6389cd00","fftwf_codelet_n1fv_14_avx","undefined fftwf_codelet_n1fv_14_avx(void)","OK","libfftw3f-3.dll.decompiled.part-0003.c"
"6389cd20","n1fv_15","undefined n1fv_15(void)","OK","libfftw3f-3.dll.decompiled.part-0003.c"
"6389d5a0","fftwf_codelet_n1fv_15_avx","undefined fftwf_codelet_n1fv_15_avx(void)","OK","libfftw3f-3.dll.decompiled.part-0003.c"
"6389d5c0","n1fv_16","undefined n1fv_16(void)","OK","libfftw3f-3.dll.decompiled.part-0003.c"
"6389dda0","fftwf_codelet_n1fv_16_avx","undefined fftwf_codelet_n1fv_16_avx(void)","OK","libfftw3f-3.dll.decompiled.part-0003.c"
"6389ddc0","n1fv_32","undefined n1fv_32(void)","OK","libfftw3f-3.dll.decompiled.part-0003.c"
"6389ef00","fftwf_codelet_n1fv_32_avx","undefined fftwf_codelet_n1fv_32_avx(void)","OK","libfftw3f-3.dll.decompiled.part-0003.c"
"6389ef20","n1fv_64","undefined n1fv_64(void)","OK","libfftw3f-3.dll.decompiled.part-0003.c"
"638a1540","fftwf_codelet_n1fv_64_avx","undefined fftwf_codelet_n1fv_64_avx(void)","OK","libfftw3f-3.dll.decompiled.part-0003.c"
"638a1560","n1fv_128","undefined n1fv_128(void)","OK","libfftw3f-3.dll.decompiled.part-0003.c"
"638a6970","fftwf_codelet_n1fv_128_avx","undefined fftwf_codelet_n1fv_128_avx(void)","OK","libfftw3f-3.dll.decompiled.part-0003.c"
"638a6990","n1fv_20","undefined n1fv_20(void)","OK","libfftw3f-3.dll.decompiled.part-0003.c"
"638a7440","fftwf_codelet_n1fv_20_avx","undefined fftwf_codelet_n1fv_20_avx(void)","OK","libfftw3f-3.dll.decompiled.part-0003.c"
"638a7460","n1fv_25","undefined n1fv_25(void)","OK","libfftw3f-3.dll.decompiled.part-0003.c"
"638a8970","fftwf_codelet_n1fv_25_avx","undefined fftwf_codelet_n1fv_25_avx(void)","OK","libfftw3f-3.dll.decompiled.part-0003.c"
"638a8990","n1bv_2","undefined n1bv_2(void)","OK","libfftw3f-3.dll.decompiled.part-0003.c"
"638a8ac0","fftwf_codelet_n1bv_2_avx","undefined fftwf_codelet_n1bv_2_avx(void)","OK","libfftw3f-3.dll.decompiled.part-0003.c"
"638a8ae0","n1bv_3","undefined n1bv_3(void)","OK","libfftw3f-3.dll.decompiled.part-0003.c"
"638a8cc0","fftwf_codelet_n1bv_3_avx","undefined fftwf_codelet_n1bv_3_avx(void)","OK","libfftw3f-3.dll.decompiled.part-0003.c"
"638a8ce0","n1bv_4","undefined n1bv_4(void)","OK","libfftw3f-3.dll.decompiled.part-0003.c"
"638a8ee0","fftwf_codelet_n1bv_4_avx","undefined fftwf_codelet_n1bv_4_avx(void)","OK","libfftw3f-3.dll.decompiled.part-0003.c"
"638a8f00","n1bv_5","undefined n1bv_5(void)","OK","libfftw3f-3.dll.decompiled.part-0003.c"
"638a9200","fftwf_codelet_n1bv_5_avx","undefined fftwf_codelet_n1bv_5_avx(void)","OK","libfftw3f-3.dll.decompiled.part-0003.c"
"638a9220","n1bv_6","undefined n1bv_6(void)","OK","libfftw3f-3.dll.decompiled.part-0003.c"
"638a9570","fftwf_codelet_n1bv_6_avx","undefined fftwf_codelet_n1bv_6_avx(void)","OK","libfftw3f-3.dll.decompiled.part-0003.c"
"638a9590","n1bv_7","undefined n1bv_7(void)","OK","libfftw3f-3.dll.decompiled.part-0003.c"
"638a99e0","fftwf_codelet_n1bv_7_avx","undefined fftwf_codelet_n1bv_7_avx(void)","OK","libfftw3f-3.dll.decompiled.part-0003.c"
"638a9a00","n1bv_8","undefined n1bv_8(void)","OK","libfftw3f-3.dll.decompiled.part-0003.c"
"638a9df0","fftwf_codelet_n1bv_8_avx","undefined fftwf_codelet_n1bv_8_avx(void)","OK","libfftw3f-3.dll.decompiled.part-0003.c"
"638a9e10","n1bv_9","undefined n1bv_9(void)","OK","libfftw3f-3.dll.decompiled.part-0003.c"
"638aa3a0","fftwf_codelet_n1bv_9_avx","undefined fftwf_codelet_n1bv_9_avx(void)","OK","libfftw3f-3.dll.decompiled.part-0003.c"
"638aa3c0","n1bv_10","undefined n1bv_10(void)","OK","libfftw3f-3.dll.decompiled.part-0003.c"
"638aa900","fftwf_codelet_n1bv_10_avx","undefined fftwf_codelet_n1bv_10_avx(void)","OK","libfftw3f-3.dll.decompiled.part-0003.c"
"638aa920","n1bv_11","undefined n1bv_11(void)","OK","libfftw3f-3.dll.decompiled.part-0003.c"
"638ab060","fftwf_codelet_n1bv_11_avx","undefined fftwf_codelet_n1bv_11_avx(void)","OK","libfftw3f-3.dll.decompiled.part-0003.c"
"638ab080","n1bv_12","undefined n1bv_12(void)","OK","libfftw3f-3.dll.decompiled.part-0003.c"
"638ab660","fftwf_codelet_n1bv_12_avx","undefined fftwf_codelet_n1bv_12_avx(void)","OK","libfftw3f-3.dll.decompiled.part-0003.c"
"638ab680","n1bv_13","undefined n1bv_13(void)","OK","libfftw3f-3.dll.decompiled.part-0003.c"
"638abe90","fftwf_codelet_n1bv_13_avx","undefined fftwf_codelet_n1bv_13_avx(void)","OK","libfftw3f-3.dll.decompiled.part-0003.c"
"638abeb0","n1bv_14","undefined n1bv_14(void)","OK","libfftw3f-3.dll.decompiled.part-0003.c"
"638ac6b0","fftwf_codelet_n1bv_14_avx","undefined fftwf_codelet_n1bv_14_avx(void)","OK","libfftw3f-3.dll.decompiled.part-0003.c"
"638ac6d0","n1bv_15","undefined n1bv_15(void)","OK","libfftw3f-3.dll.decompiled.part-0003.c"
"638acf40","fftwf_codelet_n1bv_15_avx","undefined fftwf_codelet_n1bv_15_avx(void)","OK","libfftw3f-3.dll.decompiled.part-0003.c"
"638acf60","n1bv_16","undefined n1bv_16(void)","OK","libfftw3f-3.dll.decompiled.part-0003.c"
"638ad740","fftwf_codelet_n1bv_16_avx","undefined fftwf_codelet_n1bv_16_avx(void)","OK","libfftw3f-3.dll.decompiled.part-0003.c"
"638ad760","n1bv_32","undefined n1bv_32(void)","OK","libfftw3f-3.dll.decompiled.part-0003.c"
"638ae8b0","fftwf_codelet_n1bv_32_avx","undefined fftwf_codelet_n1bv_32_avx(void)","OK","libfftw3f-3.dll.decompiled.part-0003.c"
"638ae8d0","n1bv_64","undefined n1bv_64(void)","OK","libfftw3f-3.dll.decompiled.part-0003.c"
"638b0f20","fftwf_codelet_n1bv_64_avx","undefined fftwf_codelet_n1bv_64_avx(void)","OK","libfftw3f-3.dll.decompiled.part-0003.c"
"638b0f40","n1bv_128","undefined n1bv_128(void)","OK","libfftw3f-3.dll.decompiled.part-0003.c"
"638b6310","fftwf_codelet_n1bv_128_avx","undefined fftwf_codelet_n1bv_128_avx(void)","OK","libfftw3f-3.dll.decompiled.part-0003.c"
"638b6330","n1bv_20","undefined n1bv_20(void)","OK","libfftw3f-3.dll.decompiled.part-0003.c"
"638b6e00","fftwf_codelet_n1bv_20_avx","undefined fftwf_codelet_n1bv_20_avx(void)","OK","libfftw3f-3.dll.decompiled.part-0003.c"
"638b6e20","n1bv_25","undefined n1bv_25(void)","OK","libfftw3f-3.dll.decompiled.part-0003.c"
"638b8320","fftwf_codelet_n1bv_25_avx","undefined fftwf_codelet_n1bv_25_avx(void)","OK","libfftw3f-3.dll.decompiled.part-0003.c"
"638b8340","n2fv_2","undefined n2fv_2(void)","OK","libfftw3f-3.dll.decompiled.part-0003.c"
"638b8400","fftwf_codelet_n2fv_2_avx","undefined fftwf_codelet_n2fv_2_avx(void)","OK","libfftw3f-3.dll.decompiled.part-0003.c"
"638b8420","n2fv_4","undefined n2fv_4(void)","OK","libfftw3f-3.dll.decompiled.part-0003.c"
"638b8580","fftwf_codelet_n2fv_4_avx","undefined fftwf_codelet_n2fv_4_avx(void)","OK","libfftw3f-3.dll.decompiled.part-0003.c"
"638b85a0","n2fv_6","undefined n2fv_6(void)","OK","libfftw3f-3.dll.decompiled.part-0003.c"
"638b87d0","fftwf_codelet_n2fv_6_avx","undefined fftwf_codelet_n2fv_6_avx(void)","OK","libfftw3f-3.dll.decompiled.part-0003.c"
"638b87f0","n2fv_8","undefined n2fv_8(void)","OK","libfftw3f-3.dll.decompiled.part-0003.c"
"638b8ab0","fftwf_codelet_n2fv_8_avx","undefined fftwf_codelet_n2fv_8_avx(void)","OK","libfftw3f-3.dll.decompiled.part-0003.c"
"638b8ad0","n2fv_10","undefined n2fv_10(void)","OK","libfftw3f-3.dll.decompiled.part-0003.c"
"638b8e70","fftwf_codelet_n2fv_10_avx","undefined fftwf_codelet_n2fv_10_avx(void)","OK","libfftw3f-3.dll.decompiled.part-0003.c"
"638b8e90","n2fv_12","undefined n2fv_12(void)","OK","libfftw3f-3.dll.decompiled.part-0003.c"
"638b9280","fftwf_codelet_n2fv_12_avx","undefined fftwf_codelet_n2fv_12_avx(void)","OK","libfftw3f-3.dll.decompiled.part-0003.c"
"638b92a0","n2fv_14","undefined n2fv_14(void)","OK","libfftw3f-3.dll.decompiled.part-0003.c"
"638b98d0","fftwf_codelet_n2fv_14_avx","undefined fftwf_codelet_n2fv_14_avx(void)","OK","libfftw3f-3.dll.decompiled.part-0003.c"
"638b98f0","n2fv_16","undefined n2fv_16(void)","OK","libfftw3f-3.dll.decompiled.part-0003.c"
"638b9e50","fftwf_codelet_n2fv_16_avx","undefined fftwf_codelet_n2fv_16_avx(void)","OK","libfftw3f-3.dll.decompiled.part-0003.c"
"638b9e70","n2fv_32","undefined n2fv_32(void)","OK","libfftw3f-3.dll.decompiled.part-0003.c"
"638bab50","fftwf_codelet_n2fv_32_avx","undefined fftwf_codelet_n2fv_32_avx(void)","OK","libfftw3f-3.dll.decompiled.part-0003.c"
"638bab70","n2fv_64","undefined n2fv_64(void)","OK","libfftw3f-3.dll.decompiled.part-0003.c"
"638bc940","fftwf_codelet_n2fv_64_avx","undefined fftwf_codelet_n2fv_64_avx(void)","OK","libfftw3f-3.dll.decompiled.part-0003.c"
"638bc960","n2fv_20","undefined n2fv_20(void)","OK","libfftw3f-3.dll.decompiled.part-0003.c"
"638bd110","fftwf_codelet_n2fv_20_avx","undefined fftwf_codelet_n2fv_20_avx(void)","OK","libfftw3f-3.dll.decompiled.part-0003.c"
"638bd130","n2bv_2","undefined n2bv_2(void)","OK","libfftw3f-3.dll.decompiled.part-0003.c"
"638bd1f0","fftwf_codelet_n2bv_2_avx","undefined fftwf_codelet_n2bv_2_avx(void)","OK","libfftw3f-3.dll.decompiled.part-0003.c"
"638bd210","n2bv_4","undefined n2bv_4(void)","OK","libfftw3f-3.dll.decompiled.part-0003.c"
"638bd350","fftwf_codelet_n2bv_4_avx","undefined fftwf_codelet_n2bv_4_avx(void)","OK","libfftw3f-3.dll.decompiled.part-0003.c"
"638bd370","n2bv_6","undefined n2bv_6(void)","OK","libfftw3f-3.dll.decompiled.part-0003.c"
"638bd5a0","fftwf_codelet_n2bv_6_avx","undefined fftwf_codelet_n2bv_6_avx(void)","OK","libfftw3f-3.dll.decompiled.part-0003.c"
"638bd5c0","n2bv_8","undefined n2bv_8(void)","OK","libfftw3f-3.dll.decompiled.part-0003.c"
"638bd880","fftwf_codelet_n2bv_8_avx","undefined fftwf_codelet_n2bv_8_avx(void)","OK","libfftw3f-3.dll.decompiled.part-0003.c"
"638bd8a0","n2bv_10","undefined n2bv_10(void)","OK","libfftw3f-3.dll.decompiled.part-0003.c"
"638bdc40","fftwf_codelet_n2bv_10_avx","undefined fftwf_codelet_n2bv_10_avx(void)","OK","libfftw3f-3.dll.decompiled.part-0003.c"
"638bdc60","n2bv_12","undefined n2bv_12(void)","OK","libfftw3f-3.dll.decompiled.part-0003.c"
"638be030","fftwf_codelet_n2bv_12_avx","undefined fftwf_codelet_n2bv_12_avx(void)","OK","libfftw3f-3.dll.decompiled.part-0003.c"
"638be050","n2bv_14","undefined n2bv_14(void)","OK","libfftw3f-3.dll.decompiled.part-0003.c"
"638be650","fftwf_codelet_n2bv_14_avx","undefined fftwf_codelet_n2bv_14_avx(void)","OK","libfftw3f-3.dll.decompiled.part-0003.c"
"638be670","n2bv_16","undefined n2bv_16(void)","OK","libfftw3f-3.dll.decompiled.part-0003.c"
"638bebc0","fftwf_codelet_n2bv_16_avx","undefined fftwf_codelet_n2bv_16_avx(void)","OK","libfftw3f-3.dll.decompiled.part-0003.c"
"638bebe0","n2bv_32","undefined n2bv_32(void)","OK","libfftw3f-3.dll.decompiled.part-0003.c"
"638bf8d0","fftwf_codelet_n2bv_32_avx","undefined fftwf_codelet_n2bv_32_avx(void)","OK","libfftw3f-3.dll.decompiled.part-0003.c"
"638bf8f0","n2bv_64","undefined n2bv_64(void)","OK","libfftw3f-3.dll.decompiled.part-0003.c"
"638c1700","fftwf_codelet_n2bv_64_avx","undefined fftwf_codelet_n2bv_64_avx(void)","OK","libfftw3f-3.dll.decompiled.part-0003.c"
"638c1720","n2bv_20","undefined n2bv_20(void)","OK","libfftw3f-3.dll.decompiled.part-0003.c"
"638c1ef0","fftwf_codelet_n2bv_20_avx","undefined fftwf_codelet_n2bv_20_avx(void)","OK","libfftw3f-3.dll.decompiled.part-0003.c"
"638c1f10","n2sv_4","undefined n2sv_4(void)","OK","libfftw3f-3.dll.decompiled.part-0003.c"
"638c2140","fftwf_codelet_n2sv_4_avx","undefined fftwf_codelet_n2sv_4_avx(void)","OK","libfftw3f-3.dll.decompiled.part-0003.c"
"638c2160","n2sv_8","undefined n2sv_8(void)","OK","libfftw3f-3.dll.decompiled.part-0004.c"
"638c2670","fftwf_codelet_n2sv_8_avx","undefined fftwf_codelet_n2sv_8_avx(void)","OK","libfftw3f-3.dll.decompiled.part-0004.c"
"638c2690","n2sv_16","undefined n2sv_16(void)","OK","libfftw3f-3.dll.decompiled.part-0004.c"
"638c3280","fftwf_codelet_n2sv_16_avx","undefined fftwf_codelet_n2sv_16_avx(void)","OK","libfftw3f-3.dll.decompiled.part-0004.c"
"638c32a0","n2sv_32","undefined n2sv_32(void)","OK","libfftw3f-3.dll.decompiled.part-0004.c"
"638c4e90","fftwf_codelet_n2sv_32_avx","undefined fftwf_codelet_n2sv_32_avx(void)","OK","libfftw3f-3.dll.decompiled.part-0004.c"
"638c4eb0","n2sv_64","undefined n2sv_64(void)","OK","libfftw3f-3.dll.decompiled.part-0004.c"
"638c9210","fftwf_codelet_n2sv_64_avx","undefined fftwf_codelet_n2sv_64_avx(void)","OK","libfftw3f-3.dll.decompiled.part-0004.c"
"638c9230","t1fuv_2","undefined t1fuv_2(void)","OK","libfftw3f-3.dll.decompiled.part-0004.c"
"638c9360","fftwf_codelet_t1fuv_2_avx","undefined fftwf_codelet_t1fuv_2_avx(void)","OK","libfftw3f-3.dll.decompiled.part-0004.c"
"638c9380","t1fuv_3","undefined t1fuv_3(void)","OK","libfftw3f-3.dll.decompiled.part-0004.c"
"638c9590","fftwf_codelet_t1fuv_3_avx","undefined fftwf_codelet_t1fuv_3_avx(void)","OK","libfftw3f-3.dll.decompiled.part-0004.c"
"638c95b0","t1fuv_4","undefined t1fuv_4(void)","OK","libfftw3f-3.dll.decompiled.part-0004.c"
"638c9810","fftwf_codelet_t1fuv_4_avx","undefined fftwf_codelet_t1fuv_4_avx(void)","OK","libfftw3f-3.dll.decompiled.part-0004.c"
"638c9830","t1fuv_5","undefined t1fuv_5(void)","OK","libfftw3f-3.dll.decompiled.part-0004.c"
"638c9ba0","fftwf_codelet_t1fuv_5_avx","undefined fftwf_codelet_t1fuv_5_avx(void)","OK","libfftw3f-3.dll.decompiled.part-0004.c"
"638c9bc0","t1fuv_6","undefined t1fuv_6(void)","OK","libfftw3f-3.dll.decompiled.part-0004.c"
"638c9fa0","fftwf_codelet_t1fuv_6_avx","undefined fftwf_codelet_t1fuv_6_avx(void)","OK","libfftw3f-3.dll.decompiled.part-0004.c"
"638c9fc0","t1fuv_7","undefined t1fuv_7(void)","OK","libfftw3f-3.dll.decompiled.part-0004.c"
"638ca510","fftwf_codelet_t1fuv_7_avx","undefined fftwf_codelet_t1fuv_7_avx(void)","OK","libfftw3f-3.dll.decompiled.part-0004.c"
"638ca530","t1fuv_8","undefined t1fuv_8(void)","OK","libfftw3f-3.dll.decompiled.part-0004.c"
"638caa30","fftwf_codelet_t1fuv_8_avx","undefined fftwf_codelet_t1fuv_8_avx(void)","OK","libfftw3f-3.dll.decompiled.part-0004.c"
"638caa50","t1fuv_9","undefined t1fuv_9(void)","OK","libfftw3f-3.dll.decompiled.part-0004.c"
"638cb110","fftwf_codelet_t1fuv_9_avx","undefined fftwf_codelet_t1fuv_9_avx(void)","OK","libfftw3f-3.dll.decompiled.part-0004.c"
"638cb130","t1fuv_10","undefined t1fuv_10(void)","OK","libfftw3f-3.dll.decompiled.part-0004.c"
"638cb7f0","fftwf_codelet_t1fuv_10_avx","undefined fftwf_codelet_t1fuv_10_avx(void)","OK","libfftw3f-3.dll.decompiled.part-0004.c"
"638cb810","t1fv_2","undefined t1fv_2(void)","OK","libfftw3f-3.dll.decompiled.part-0004.c"
"638cb8c0","fftwf_codelet_t1fv_2_avx","undefined fftwf_codelet_t1fv_2_avx(void)","OK","libfftw3f-3.dll.decompiled.part-0004.c"
"638cb8e0","t1fv_3","undefined t1fv_3(void)","OK","libfftw3f-3.dll.decompiled.part-0004.c"
"638cba20","fftwf_codelet_t1fv_3_avx","undefined fftwf_codelet_t1fv_3_avx(void)","OK","libfftw3f-3.dll.decompiled.part-0004.c"
"638cba40","t1fv_4","undefined t1fv_4(void)","OK","libfftw3f-3.dll.decompiled.part-0004.c"
"638cbba0","fftwf_codelet_t1fv_4_avx","undefined fftwf_codelet_t1fv_4_avx(void)","OK","libfftw3f-3.dll.decompiled.part-0004.c"
"638cbbc0","t1fv_5","undefined t1fv_5(void)","OK","libfftw3f-3.dll.decompiled.part-0004.c"
"638cbe20","fftwf_codelet_t1fv_5_avx","undefined fftwf_codelet_t1fv_5_avx(void)","OK","libfftw3f-3.dll.decompiled.part-0004.c"
"638cbe40","t1fv_6","undefined t1fv_6(void)","OK","libfftw3f-3.dll.decompiled.part-0004.c"
"638cc0a0","fftwf_codelet_t1fv_6_avx","undefined fftwf_codelet_t1fv_6_avx(void)","OK","libfftw3f-3.dll.decompiled.part-0004.c"
"638cc0c0","t1fv_7","undefined t1fv_7(void)","OK","libfftw3f-3.dll.decompiled.part-0004.c"
"638cc460","fftwf_codelet_t1fv_7_avx","undefined fftwf_codelet_t1fv_7_avx(void)","OK","libfftw3f-3.dll.decompiled.part-0004.c"
"638cc480","t1fv_8","undefined t1fv_8(void)","OK","libfftw3f-3.dll.decompiled.part-0004.c"
"638cc780","fftwf_codelet_t1fv_8_avx","undefined fftwf_codelet_t1fv_8_avx(void)","OK","libfftw3f-3.dll.decompiled.part-0004.c"
"638cc7a0","t1fv_9","undefined t1fv_9(void)","OK","libfftw3f-3.dll.decompiled.part-0004.c"
"638ccc40","fftwf_codelet_t1fv_9_avx","undefined fftwf_codelet_t1fv_9_avx(void)","OK","libfftw3f-3.dll.decompiled.part-0004.c"
"638ccc60","t1fv_10","undefined t1fv_10(void)","OK","libfftw3f-3.dll.decompiled.part-0004.c"
"638cd0d0","fftwf_codelet_t1fv_10_avx","undefined fftwf_codelet_t1fv_10_avx(void)","OK","libfftw3f-3.dll.decompiled.part-0004.c"
"638cd0f0","t1fv_12","undefined t1fv_12(void)","OK","libfftw3f-3.dll.decompiled.part-0004.c"
"638cd5f0","fftwf_codelet_t1fv_12_avx","undefined fftwf_codelet_t1fv_12_avx(void)","OK","libfftw3f-3.dll.decompiled.part-0004.c"
"638cd610","t1fv_15","undefined t1fv_15(void)","OK","libfftw3f-3.dll.decompiled.part-0004.c"
"638cdd40","fftwf_codelet_t1fv_15_avx","undefined fftwf_codelet_t1fv_15_avx(void)","OK","libfftw3f-3.dll.decompiled.part-0004.c"
"638cdd60","t1fv_16","undefined t1fv_16(void)","OK","libfftw3f-3.dll.decompiled.part-0004.c"
"638ce430","fftwf_codelet_t1fv_16_avx","undefined fftwf_codelet_t1fv_16_avx(void)","OK","libfftw3f-3.dll.decompiled.part-0004.c"
"638ce450","t1fv_32","undefined t1fv_32(void)","OK","libfftw3f-3.dll.decompiled.part-0004.c"
"638cf3a0","fftwf_codelet_t1fv_32_avx","undefined fftwf_codelet_t1fv_32_avx(void)","OK","libfftw3f-3.dll.decompiled.part-0004.c"
"638cf3c0","t1fv_64","undefined t1fv_64(void)","OK","libfftw3f-3.dll.decompiled.part-0004.c"
"638d1630","fftwf_codelet_t1fv_64_avx","undefined fftwf_codelet_t1fv_64_avx(void)","OK","libfftw3f-3.dll.decompiled.part-0004.c"
"638d1650","t1fv_20","undefined t1fv_20(void)","OK","libfftw3f-3.dll.decompiled.part-0004.c"
"638d1fe0","fftwf_codelet_t1fv_20_avx","undefined fftwf_codelet_t1fv_20_avx(void)","OK","libfftw3f-3.dll.decompiled.part-0004.c"
"638d2000","t1fv_25","undefined t1fv_25(void)","OK","libfftw3f-3.dll.decompiled.part-0004.c"
"638d32a0","fftwf_codelet_t1fv_25_avx","undefined fftwf_codelet_t1fv_25_avx(void)","OK","libfftw3f-3.dll.decompiled.part-0004.c"
"638d32c0","t2fv_2","undefined t2fv_2(void)","OK","libfftw3f-3.dll.decompiled.part-0004.c"
"638d3340","fftwf_codelet_t2fv_2_avx","undefined fftwf_codelet_t2fv_2_avx(void)","OK","libfftw3f-3.dll.decompiled.part-0004.c"
"638d3360","t2fv_4","undefined t2fv_4(void)","OK","libfftw3f-3.dll.decompiled.part-0004.c"
"638d3490","fftwf_codelet_t2fv_4_avx","undefined fftwf_codelet_t2fv_4_avx(void)","OK","libfftw3f-3.dll.decompiled.part-0004.c"
"638d34b0","t2fv_8","undefined t2fv_8(void)","OK","libfftw3f-3.dll.decompiled.part-0004.c"
"638d3750","fftwf_codelet_t2fv_8_avx","undefined fftwf_codelet_t2fv_8_avx(void)","OK","libfftw3f-3.dll.decompiled.part-0004.c"
"638d3770","t2fv_16","undefined t2fv_16(void)","OK","libfftw3f-3.dll.decompiled.part-0004.c"
"638d3d60","fftwf_codelet_t2fv_16_avx","undefined fftwf_codelet_t2fv_16_avx(void)","OK","libfftw3f-3.dll.decompiled.part-0004.c"
"638d3d80","t2fv_32","undefined t2fv_32(void)","OK","libfftw3f-3.dll.decompiled.part-0004.c"
"638d4b30","fftwf_codelet_t2fv_32_avx","undefined fftwf_codelet_t2fv_32_avx(void)","OK","libfftw3f-3.dll.decompiled.part-0004.c"
"638d4b50","t2fv_64","undefined t2fv_64(void)","OK","libfftw3f-3.dll.decompiled.part-0004.c"
"638d6a70","fftwf_codelet_t2fv_64_avx","undefined fftwf_codelet_t2fv_64_avx(void)","OK","libfftw3f-3.dll.decompiled.part-0004.c"
"638d6a90","t2fv_5","undefined t2fv_5(void)","OK","libfftw3f-3.dll.decompiled.part-0004.c"
"638d6ca0","fftwf_codelet_t2fv_5_avx","undefined fftwf_codelet_t2fv_5_avx(void)","OK","libfftw3f-3.dll.decompiled.part-0004.c"
"638d6cc0","t2fv_10","undefined t2fv_10(void)","OK","libfftw3f-3.dll.decompiled.part-0004.c"
"638d70b0","fftwf_codelet_t2fv_10_avx","undefined fftwf_codelet_t2fv_10_avx(void)","OK","libfftw3f-3.dll.decompiled.part-0004.c"
"638d70d0","t2fv_20","undefined t2fv_20(void)","OK","libfftw3f-3.dll.decompiled.part-0004.c"
"638d7930","fftwf_codelet_t2fv_20_avx","undefined fftwf_codelet_t2fv_20_avx(void)","OK","libfftw3f-3.dll.decompiled.part-0004.c"
"638d7950","t2fv_25","undefined t2fv_25(void)","OK","libfftw3f-3.dll.decompiled.part-0004.c"
"638d8aa0","fftwf_codelet_t2fv_25_avx","undefined fftwf_codelet_t2fv_25_avx(void)","OK","libfftw3f-3.dll.decompiled.part-0004.c"
"638d8ac0","t3fv_4","undefined t3fv_4(void)","OK","libfftw3f-3.dll.decompiled.part-0004.c"
"638d8c40","fftwf_codelet_t3fv_4_avx","undefined fftwf_codelet_t3fv_4_avx(void)","OK","libfftw3f-3.dll.decompiled.part-0004.c"
"638d8c60","t3fv_8","undefined t3fv_8(void)","OK","libfftw3f-3.dll.decompiled.part-0004.c"
"638d8fd0","fftwf_codelet_t3fv_8_avx","undefined fftwf_codelet_t3fv_8_avx(void)","OK","libfftw3f-3.dll.decompiled.part-0004.c"
"638d8ff0","t3fv_16","undefined t3fv_16(void)","OK","libfftw3f-3.dll.decompiled.part-0004.c"
"638d9750","fftwf_codelet_t3fv_16_avx","undefined fftwf_codelet_t3fv_16_avx(void)","OK","libfftw3f-3.dll.decompiled.part-0004.c"
"638d9770","t3fv_32","undefined t3fv_32(void)","OK","libfftw3f-3.dll.decompiled.part-0004.c"
"638da930","fftwf_codelet_t3fv_32_avx","undefined fftwf_codelet_t3fv_32_avx(void)","OK","libfftw3f-3.dll.decompiled.part-0004.c"
"638da950","t3fv_5","undefined t3fv_5(void)","OK","libfftw3f-3.dll.decompiled.part-0004.c"
"638dabc0","fftwf_codelet_t3fv_5_avx","undefined fftwf_codelet_t3fv_5_avx(void)","OK","libfftw3f-3.dll.decompiled.part-0004.c"
"638dabe0","t3fv_10","undefined t3fv_10(void)","OK","libfftw3f-3.dll.decompiled.part-0004.c"
"638db070","fftwf_codelet_t3fv_10_avx","undefined fftwf_codelet_t3fv_10_avx(void)","OK","libfftw3f-3.dll.decompiled.part-0004.c"
"638db090","t3fv_20","undefined t3fv_20(void)","OK","libfftw3f-3.dll.decompiled.part-0004.c"
"638dbb40","fftwf_codelet_t3fv_20_avx","undefined fftwf_codelet_t3fv_20_avx(void)","OK","libfftw3f-3.dll.decompiled.part-0004.c"
"638dbb60","t3fv_25","undefined t3fv_25(void)","OK","libfftw3f-3.dll.decompiled.part-0004.c"
"638dd010","fftwf_codelet_t3fv_25_avx","undefined fftwf_codelet_t3fv_25_avx(void)","OK","libfftw3f-3.dll.decompiled.part-0004.c"
"638dd030","t1buv_2","undefined t1buv_2(void)","OK","libfftw3f-3.dll.decompiled.part-0004.c"
"638dd160","fftwf_codelet_t1buv_2_avx","undefined fftwf_codelet_t1buv_2_avx(void)","OK","libfftw3f-3.dll.decompiled.part-0004.c"
"638dd180","t1buv_3","undefined t1buv_3(void)","OK","libfftw3f-3.dll.decompiled.part-0004.c"
"638dd390","fftwf_codelet_t1buv_3_avx","undefined fftwf_codelet_t1buv_3_avx(void)","OK","libfftw3f-3.dll.decompiled.part-0004.c"
"638dd3b0","t1buv_4","undefined t1buv_4(void)","OK","libfftw3f-3.dll.decompiled.part-0004.c"
"638dd620","fftwf_codelet_t1buv_4_avx","undefined fftwf_codelet_t1buv_4_avx(void)","OK","libfftw3f-3.dll.decompiled.part-0004.c"
"638dd640","t1buv_5","undefined t1buv_5(void)","OK","libfftw3f-3.dll.decompiled.part-0004.c"
"638dd9b0","fftwf_codelet_t1buv_5_avx","undefined fftwf_codelet_t1buv_5_avx(void)","OK","libfftw3f-3.dll.decompiled.part-0004.c"
"638dd9d0","t1buv_6","undefined t1buv_6(void)","OK","libfftw3f-3.dll.decompiled.part-0004.c"
"638dddb0","fftwf_codelet_t1buv_6_avx","undefined fftwf_codelet_t1buv_6_avx(void)","OK","libfftw3f-3.dll.decompiled.part-0004.c"
"638dddd0","t1buv_7","undefined t1buv_7(void)","OK","libfftw3f-3.dll.decompiled.part-0004.c"
"638de310","fftwf_codelet_t1buv_7_avx","undefined fftwf_codelet_t1buv_7_avx(void)","OK","libfftw3f-3.dll.decompiled.part-0004.c"
"638de330","t1buv_8","undefined t1buv_8(void)","OK","libfftw3f-3.dll.decompiled.part-0004.c"
"638de830","fftwf_codelet_t1buv_8_avx","undefined fftwf_codelet_t1buv_8_avx(void)","OK","libfftw3f-3.dll.decompiled.part-0004.c"
"638de850","t1buv_9","undefined t1buv_9(void)","OK","libfftw3f-3.dll.decompiled.part-0004.c"
"638def10","fftwf_codelet_t1buv_9_avx","undefined fftwf_codelet_t1buv_9_avx(void)","OK","libfftw3f-3.dll.decompiled.part-0004.c"
"638def30","t1buv_10","undefined t1buv_10(void)","OK","libfftw3f-3.dll.decompiled.part-0004.c"
"638df5f0","fftwf_codelet_t1buv_10_avx","undefined fftwf_codelet_t1buv_10_avx(void)","OK","libfftw3f-3.dll.decompiled.part-0004.c"
"638df610","t1bv_2","undefined t1bv_2(void)","OK","libfftw3f-3.dll.decompiled.part-0004.c"
"638df6c0","fftwf_codelet_t1bv_2_avx","undefined fftwf_codelet_t1bv_2_avx(void)","OK","libfftw3f-3.dll.decompiled.part-0004.c"
"638df6e0","t1bv_3","undefined t1bv_3(void)","OK","libfftw3f-3.dll.decompiled.part-0004.c"
"638df820","fftwf_codelet_t1bv_3_avx","undefined fftwf_codelet_t1bv_3_avx(void)","OK","libfftw3f-3.dll.decompiled.part-0004.c"
"638df840","t1bv_4","undefined t1bv_4(void)","OK","libfftw3f-3.dll.decompiled.part-0004.c"
"638df9a0","fftwf_codelet_t1bv_4_avx","undefined fftwf_codelet_t1bv_4_avx(void)","OK","libfftw3f-3.dll.decompiled.part-0004.c"
"638df9c0","t1bv_5","undefined t1bv_5(void)","OK","libfftw3f-3.dll.decompiled.part-0004.c"
"638dfc00","fftwf_codelet_t1bv_5_avx","undefined fftwf_codelet_t1bv_5_avx(void)","OK","libfftw3f-3.dll.decompiled.part-0004.c"
"638dfc20","t1bv_6","undefined t1bv_6(void)","OK","libfftw3f-3.dll.decompiled.part-0004.c"
"638dfe90","fftwf_codelet_t1bv_6_avx","undefined fftwf_codelet_t1bv_6_avx(void)","OK","libfftw3f-3.dll.decompiled.part-0004.c"
"638dfeb0","t1bv_7","undefined t1bv_7(void)","OK","libfftw3f-3.dll.decompiled.part-0004.c"
"638e0240","fftwf_codelet_t1bv_7_avx","undefined fftwf_codelet_t1bv_7_avx(void)","OK","libfftw3f-3.dll.decompiled.part-0004.c"
"638e0260","t1bv_8","undefined t1bv_8(void)","OK","libfftw3f-3.dll.decompiled.part-0004.c"
"638e0560","fftwf_codelet_t1bv_8_avx","undefined fftwf_codelet_t1bv_8_avx(void)","OK","libfftw3f-3.dll.decompiled.part-0004.c"
"638e0580","t1bv_9","undefined t1bv_9(void)","OK","libfftw3f-3.dll.decompiled.part-0004.c"
"638e0a00","fftwf_codelet_t1bv_9_avx","undefined fftwf_codelet_t1bv_9_avx(void)","OK","libfftw3f-3.dll.decompiled.part-0004.c"
"638e0a20","t1bv_10","undefined t1bv_10(void)","OK","libfftw3f-3.dll.decompiled.part-0004.c"
"638e0e90","fftwf_codelet_t1bv_10_avx","undefined fftwf_codelet_t1bv_10_avx(void)","OK","libfftw3f-3.dll.decompiled.part-0004.c"
"638e0eb0","t1bv_12","undefined t1bv_12(void)","OK","libfftw3f-3.dll.decompiled.part-0004.c"
"638e13f0","fftwf_codelet_t1bv_12_avx","undefined fftwf_codelet_t1bv_12_avx(void)","OK","libfftw3f-3.dll.decompiled.part-0004.c"
"638e1410","t1bv_15","undefined t1bv_15(void)","OK","libfftw3f-3.dll.decompiled.part-0004.c"
"638e1b30","fftwf_codelet_t1bv_15_avx","undefined fftwf_codelet_t1bv_15_avx(void)","OK","libfftw3f-3.dll.decompiled.part-0004.c"
"638e1b50","t1bv_16","undefined t1bv_16(void)","OK","libfftw3f-3.dll.decompiled.part-0004.c"
"638e2210","fftwf_codelet_t1bv_16_avx","undefined fftwf_codelet_t1bv_16_avx(void)","OK","libfftw3f-3.dll.decompiled.part-0004.c"
"638e2230","t1bv_32","undefined t1bv_32(void)","OK","libfftw3f-3.dll.decompiled.part-0004.c"
"638e3170","fftwf_codelet_t1bv_32_avx","undefined fftwf_codelet_t1bv_32_avx(void)","OK","libfftw3f-3.dll.decompiled.part-0004.c"
"638e3190","t1bv_64","undefined t1bv_64(void)","OK","libfftw3f-3.dll.decompiled.part-0004.c"
"638e5400","fftwf_codelet_t1bv_64_avx","undefined fftwf_codelet_t1bv_64_avx(void)","OK","libfftw3f-3.dll.decompiled.part-0004.c"
"638e5420","t1bv_20","undefined t1bv_20(void)","OK","libfftw3f-3.dll.decompiled.part-0004.c"
"638e5db0","fftwf_codelet_t1bv_20_avx","undefined fftwf_codelet_t1bv_20_avx(void)","OK","libfftw3f-3.dll.decompiled.part-0004.c"
"638e5dd0","t1bv_25","undefined t1bv_25(void)","OK","libfftw3f-3.dll.decompiled.part-0004.c"
"638e7080","fftwf_codelet_t1bv_25_avx","undefined fftwf_codelet_t1bv_25_avx(void)","OK","libfftw3f-3.dll.decompiled.part-0004.c"
"638e70a0","t2bv_2","undefined t2bv_2(void)","OK","libfftw3f-3.dll.decompiled.part-0004.c"
"638e7120","fftwf_codelet_t2bv_2_avx","undefined fftwf_codelet_t2bv_2_avx(void)","OK","libfftw3f-3.dll.decompiled.part-0004.c"
"638e7140","t2bv_4","undefined t2bv_4(void)","OK","libfftw3f-3.dll.decompiled.part-0004.c"
"638e7270","fftwf_codelet_t2bv_4_avx","undefined fftwf_codelet_t2bv_4_avx(void)","OK","libfftw3f-3.dll.decompiled.part-0004.c"
"638e7290","t2bv_8","undefined t2bv_8(void)","OK","libfftw3f-3.dll.decompiled.part-0005.c"
"638e7530","fftwf_codelet_t2bv_8_avx","undefined fftwf_codelet_t2bv_8_avx(void)","OK","libfftw3f-3.dll.decompiled.part-0005.c"
"638e7550","t2bv_16","undefined t2bv_16(void)","OK","libfftw3f-3.dll.decompiled.part-0005.c"
"638e7b40","fftwf_codelet_t2bv_16_avx","undefined fftwf_codelet_t2bv_16_avx(void)","OK","libfftw3f-3.dll.decompiled.part-0005.c"
"638e7b60","t2bv_32","undefined t2bv_32(void)","OK","libfftw3f-3.dll.decompiled.part-0005.c"
"638e8910","fftwf_codelet_t2bv_32_avx","undefined fftwf_codelet_t2bv_32_avx(void)","OK","libfftw3f-3.dll.decompiled.part-0005.c"
"638e8930","t2bv_64","undefined t2bv_64(void)","OK","libfftw3f-3.dll.decompiled.part-0005.c"
"638ea840","fftwf_codelet_t2bv_64_avx","undefined fftwf_codelet_t2bv_64_avx(void)","OK","libfftw3f-3.dll.decompiled.part-0005.c"
"638ea860","t2bv_5","undefined t2bv_5(void)","OK","libfftw3f-3.dll.decompiled.part-0005.c"
"638eaa80","fftwf_codelet_t2bv_5_avx","undefined fftwf_codelet_t2bv_5_avx(void)","OK","libfftw3f-3.dll.decompiled.part-0005.c"
"638eaaa0","t2bv_10","undefined t2bv_10(void)","OK","libfftw3f-3.dll.decompiled.part-0005.c"
"638eae90","fftwf_codelet_t2bv_10_avx","undefined fftwf_codelet_t2bv_10_avx(void)","OK","libfftw3f-3.dll.decompiled.part-0005.c"
"638eaeb0","t2bv_20","undefined t2bv_20(void)","OK","libfftw3f-3.dll.decompiled.part-0005.c"
"638eb730","fftwf_codelet_t2bv_20_avx","undefined fftwf_codelet_t2bv_20_avx(void)","OK","libfftw3f-3.dll.decompiled.part-0005.c"
"638eb750","t2bv_25","undefined t2bv_25(void)","OK","libfftw3f-3.dll.decompiled.part-0005.c"
"638ec8a0","fftwf_codelet_t2bv_25_avx","undefined fftwf_codelet_t2bv_25_avx(void)","OK","libfftw3f-3.dll.decompiled.part-0005.c"
"638ec8c0","t3bv_4","undefined t3bv_4(void)","OK","libfftw3f-3.dll.decompiled.part-0005.c"
"638eca40","fftwf_codelet_t3bv_4_avx","undefined fftwf_codelet_t3bv_4_avx(void)","OK","libfftw3f-3.dll.decompiled.part-0005.c"
"638eca60","t3bv_8","undefined t3bv_8(void)","OK","libfftw3f-3.dll.decompiled.part-0005.c"
"638ecdb0","fftwf_codelet_t3bv_8_avx","undefined fftwf_codelet_t3bv_8_avx(void)","OK","libfftw3f-3.dll.decompiled.part-0005.c"
"638ecdd0","t3bv_16","undefined t3bv_16(void)","OK","libfftw3f-3.dll.decompiled.part-0005.c"
"638ed530","fftwf_codelet_t3bv_16_avx","undefined fftwf_codelet_t3bv_16_avx(void)","OK","libfftw3f-3.dll.decompiled.part-0005.c"
"638ed550","t3bv_32","undefined t3bv_32(void)","OK","libfftw3f-3.dll.decompiled.part-0005.c"
"638ee740","fftwf_codelet_t3bv_32_avx","undefined fftwf_codelet_t3bv_32_avx(void)","OK","libfftw3f-3.dll.decompiled.part-0005.c"
"638ee760","t3bv_5","undefined t3bv_5(void)","OK","libfftw3f-3.dll.decompiled.part-0005.c"
"638ee9c0","fftwf_codelet_t3bv_5_avx","undefined fftwf_codelet_t3bv_5_avx(void)","OK","libfftw3f-3.dll.decompiled.part-0005.c"
"638ee9e0","t3bv_10","undefined t3bv_10(void)","OK","libfftw3f-3.dll.decompiled.part-0005.c"
"638eee60","fftwf_codelet_t3bv_10_avx","undefined fftwf_codelet_t3bv_10_avx(void)","OK","libfftw3f-3.dll.decompiled.part-0005.c"
"638eee80","t3bv_20","undefined t3bv_20(void)","OK","libfftw3f-3.dll.decompiled.part-0005.c"
"638ef8f0","fftwf_codelet_t3bv_20_avx","undefined fftwf_codelet_t3bv_20_avx(void)","OK","libfftw3f-3.dll.decompiled.part-0005.c"
"638ef910","t3bv_25","undefined t3bv_25(void)","OK","libfftw3f-3.dll.decompiled.part-0005.c"
"638f0de0","fftwf_codelet_t3bv_25_avx","undefined fftwf_codelet_t3bv_25_avx(void)","OK","libfftw3f-3.dll.decompiled.part-0005.c"
"638f0e00","t1sv_2","undefined t1sv_2(void)","OK","libfftw3f-3.dll.decompiled.part-0005.c"
"638f0ed0","fftwf_codelet_t1sv_2_avx","undefined fftwf_codelet_t1sv_2_avx(void)","OK","libfftw3f-3.dll.decompiled.part-0005.c"
"638f0ef0","t1sv_4","undefined t1sv_4(void)","OK","libfftw3f-3.dll.decompiled.part-0005.c"
"638f10d0","fftwf_codelet_t1sv_4_avx","undefined fftwf_codelet_t1sv_4_avx(void)","OK","libfftw3f-3.dll.decompiled.part-0005.c"
"638f10f0","t1sv_8","undefined t1sv_8(void)","OK","libfftw3f-3.dll.decompiled.part-0005.c"
"638f1580","fftwf_codelet_t1sv_8_avx","undefined fftwf_codelet_t1sv_8_avx(void)","OK","libfftw3f-3.dll.decompiled.part-0005.c"
"638f15a0","t1sv_16","undefined t1sv_16(void)","OK","libfftw3f-3.dll.decompiled.part-0005.c"
"638f2080","fftwf_codelet_t1sv_16_avx","undefined fftwf_codelet_t1sv_16_avx(void)","OK","libfftw3f-3.dll.decompiled.part-0005.c"
"638f20a0","t1sv_32","undefined t1sv_32(void)","OK","libfftw3f-3.dll.decompiled.part-0005.c"
"638f39e0","fftwf_codelet_t1sv_32_avx","undefined fftwf_codelet_t1sv_32_avx(void)","OK","libfftw3f-3.dll.decompiled.part-0005.c"
"638f3a00","t2sv_4","undefined t2sv_4(void)","OK","libfftw3f-3.dll.decompiled.part-0005.c"
"638f3c00","fftwf_codelet_t2sv_4_avx","undefined fftwf_codelet_t2sv_4_avx(void)","OK","libfftw3f-3.dll.decompiled.part-0005.c"
"638f3c20","t2sv_8","undefined t2sv_8(void)","OK","libfftw3f-3.dll.decompiled.part-0005.c"
"638f40c0","fftwf_codelet_t2sv_8_avx","undefined fftwf_codelet_t2sv_8_avx(void)","OK","libfftw3f-3.dll.decompiled.part-0005.c"
"638f40e0","t2sv_16","undefined t2sv_16(void)","OK","libfftw3f-3.dll.decompiled.part-0005.c"
"638f4d00","fftwf_codelet_t2sv_16_avx","undefined fftwf_codelet_t2sv_16_avx(void)","OK","libfftw3f-3.dll.decompiled.part-0005.c"
"638f4d20","t2sv_32","undefined t2sv_32(void)","OK","libfftw3f-3.dll.decompiled.part-0005.c"
"638f6ad0","fftwf_codelet_t2sv_32_avx","undefined fftwf_codelet_t2sv_32_avx(void)","OK","libfftw3f-3.dll.decompiled.part-0005.c"
"638f6af0","q1fv_2","undefined q1fv_2(void)","OK","libfftw3f-3.dll.decompiled.part-0005.c"
"638f6d40","fftwf_codelet_q1fv_2_avx","undefined fftwf_codelet_q1fv_2_avx(void)","OK","libfftw3f-3.dll.decompiled.part-0005.c"
"638f6d60","q1fv_4","undefined q1fv_4(void)","OK","libfftw3f-3.dll.decompiled.part-0005.c"
"638f7670","fftwf_codelet_q1fv_4_avx","undefined fftwf_codelet_q1fv_4_avx(void)","OK","libfftw3f-3.dll.decompiled.part-0005.c"
"638f7690","q1fv_5","undefined q1fv_5(void)","OK","libfftw3f-3.dll.decompiled.part-0005.c"
"638f8660","fftwf_codelet_q1fv_5_avx","undefined fftwf_codelet_q1fv_5_avx(void)","OK","libfftw3f-3.dll.decompiled.part-0005.c"
"638f8680","q1fv_8","undefined q1fv_8(void)","OK","libfftw3f-3.dll.decompiled.part-0005.c"
"638fade0","fftwf_codelet_q1fv_8_avx","undefined fftwf_codelet_q1fv_8_avx(void)","OK","libfftw3f-3.dll.decompiled.part-0005.c"
"638fae00","q1bv_2","undefined q1bv_2(void)","OK","libfftw3f-3.dll.decompiled.part-0005.c"
"638fb050","fftwf_codelet_q1bv_2_avx","undefined fftwf_codelet_q1bv_2_avx(void)","OK","libfftw3f-3.dll.decompiled.part-0005.c"
"638fb070","q1bv_4","undefined q1bv_4(void)","OK","libfftw3f-3.dll.decompiled.part-0005.c"
"638fb980","fftwf_codelet_q1bv_4_avx","undefined fftwf_codelet_q1bv_4_avx(void)","OK","libfftw3f-3.dll.decompiled.part-0005.c"
"638fb9a0","q1bv_5","undefined q1bv_5(void)","OK","libfftw3f-3.dll.decompiled.part-0005.c"
"638fc960","fftwf_codelet_q1bv_5_avx","undefined fftwf_codelet_q1bv_5_avx(void)","OK","libfftw3f-3.dll.decompiled.part-0005.c"
"638fc980","q1bv_8","undefined q1bv_8(void)","OK","libfftw3f-3.dll.decompiled.part-0005.c"
"638ff050","fftwf_codelet_q1bv_8_avx","undefined fftwf_codelet_q1bv_8_avx(void)","OK","libfftw3f-3.dll.decompiled.part-0005.c"
"638ff070","n1b_okp","undefined n1b_okp(void)","OK","libfftw3f-3.dll.decompiled.part-0005.c"
"638ff120","n1f_okp","undefined n1f_okp(void)","OK","libfftw3f-3.dll.decompiled.part-0005.c"
"638ff1d0","n2b_okp","undefined n2b_okp(void)","OK","libfftw3f-3.dll.decompiled.part-0005.c"
"638ff290","n2f_okp","undefined n2f_okp(void)","OK","libfftw3f-3.dll.decompiled.part-0005.c"
"638ff350","n2s_okp","undefined n2s_okp(void)","OK","libfftw3f-3.dll.decompiled.part-0005.c"
"638ff400","q1b_okp","undefined q1b_okp(void)","OK","libfftw3f-3.dll.decompiled.part-0005.c"
"638ff490","q1f_okp","undefined q1f_okp(void)","OK","libfftw3f-3.dll.decompiled.part-0005.c"
"638ff520","ts_okp","undefined ts_okp(void)","OK","libfftw3f-3.dll.decompiled.part-0005.c"
"638ff5a0","t_okp_t1f","undefined t_okp_t1f(void)","OK","libfftw3f-3.dll.decompiled.part-0005.c"
"638ff630","t_okp_t1bu","undefined t_okp_t1bu(void)","OK","libfftw3f-3.dll.decompiled.part-0005.c"
"638ff6b0","t_okp_t1fu","undefined t_okp_t1fu(void)","OK","libfftw3f-3.dll.decompiled.part-0005.c"
"638ff730","t_okp_t2f","undefined t_okp_t2f(void)","OK","libfftw3f-3.dll.decompiled.part-0005.c"
"638ff7d0","t_okp_t2b","undefined t_okp_t2b(void)","OK","libfftw3f-3.dll.decompiled.part-0005.c"
"638ff870","t_okp_t1b","undefined t_okp_t1b(void)","OK","libfftw3f-3.dll.decompiled.part-0005.c"
"638ff900",".text","undefined .text(void)","OK","libfftw3f-3.dll.decompiled.part-0005.c"
"638ffab0","fftwf_codelet_hc2cfdftv_2_avx","undefined fftwf_codelet_hc2cfdftv_2_avx(void)","OK","libfftw3f-3.dll.decompiled.part-0005.c"
"638ffad0","hc2cfdftv_4","undefined hc2cfdftv_4(void)","OK","libfftw3f-3.dll.decompiled.part-0005.c"
"638ffe20","fftwf_codelet_hc2cfdftv_4_avx","undefined fftwf_codelet_hc2cfdftv_4_avx(void)","OK","libfftw3f-3.dll.decompiled.part-0005.c"
"638ffe40","hc2cfdftv_6","undefined hc2cfdftv_6(void)","OK","libfftw3f-3.dll.decompiled.part-0005.c"
"63900320","fftwf_codelet_hc2cfdftv_6_avx","undefined fftwf_codelet_hc2cfdftv_6_avx(void)","OK","libfftw3f-3.dll.decompiled.part-0005.c"
"63900340","hc2cfdftv_8","undefined hc2cfdftv_8(void)","OK","libfftw3f-3.dll.decompiled.part-0005.c"
"63900980","fftwf_codelet_hc2cfdftv_8_avx","undefined fftwf_codelet_hc2cfdftv_8_avx(void)","OK","libfftw3f-3.dll.decompiled.part-0005.c"
"639009a0","hc2cfdftv_10","undefined hc2cfdftv_10(void)","OK","libfftw3f-3.dll.decompiled.part-0005.c"
"639011f0","fftwf_codelet_hc2cfdftv_10_avx","undefined fftwf_codelet_hc2cfdftv_10_avx(void)","OK","libfftw3f-3.dll.decompiled.part-0005.c"
"63901210","hc2cfdftv_12","undefined hc2cfdftv_12(void)","OK","libfftw3f-3.dll.decompiled.part-0005.c"
"63901bb0","fftwf_codelet_hc2cfdftv_12_avx","undefined fftwf_codelet_hc2cfdftv_12_avx(void)","OK","libfftw3f-3.dll.decompiled.part-0005.c"
"63901bd0","hc2cfdftv_16","undefined hc2cfdftv_16(void)","OK","libfftw3f-3.dll.decompiled.part-0005.c"
"63902840","fftwf_codelet_hc2cfdftv_16_avx","undefined fftwf_codelet_hc2cfdftv_16_avx(void)","OK","libfftw3f-3.dll.decompiled.part-0005.c"
"63902860","hc2cfdftv_32","undefined hc2cfdftv_32(void)","OK","libfftw3f-3.dll.decompiled.part-0005.c"
"63904280","fftwf_codelet_hc2cfdftv_32_avx","undefined fftwf_codelet_hc2cfdftv_32_avx(void)","OK","libfftw3f-3.dll.decompiled.part-0005.c"
"639042a0","hc2cfdftv_20","undefined hc2cfdftv_20(void)","OK","libfftw3f-3.dll.decompiled.part-0005.c"
"63905340","fftwf_codelet_hc2cfdftv_20_avx","undefined fftwf_codelet_hc2cfdftv_20_avx(void)","OK","libfftw3f-3.dll.decompiled.part-0005.c"
"63905360","hc2cbdftv_2","undefined hc2cbdftv_2(void)","OK","libfftw3f-3.dll.decompiled.part-0005.c"
"639054f0","fftwf_codelet_hc2cbdftv_2_avx","undefined fftwf_codelet_hc2cbdftv_2_avx(void)","OK","libfftw3f-3.dll.decompiled.part-0005.c"
"63905510","hc2cbdftv_4","undefined hc2cbdftv_4(void)","OK","libfftw3f-3.dll.decompiled.part-0005.c"
"63905810","fftwf_codelet_hc2cbdftv_4_avx","undefined fftwf_codelet_hc2cbdftv_4_avx(void)","OK","libfftw3f-3.dll.decompiled.part-0005.c"
"63905830","hc2cbdftv_6","undefined hc2cbdftv_6(void)","OK","libfftw3f-3.dll.decompiled.part-0005.c"
"63905d20","fftwf_codelet_hc2cbdftv_6_avx","undefined fftwf_codelet_hc2cbdftv_6_avx(void)","OK","libfftw3f-3.dll.decompiled.part-0005.c"
"63905d40","hc2cbdftv_8","undefined hc2cbdftv_8(void)","OK","libfftw3f-3.dll.decompiled.part-0005.c"
"63906330","fftwf_codelet_hc2cbdftv_8_avx","undefined fftwf_codelet_hc2cbdftv_8_avx(void)","OK","libfftw3f-3.dll.decompiled.part-0005.c"
"63906350","hc2cbdftv_10","undefined hc2cbdftv_10(void)","OK","libfftw3f-3.dll.decompiled.part-0005.c"
"63906b30","fftwf_codelet_hc2cbdftv_10_avx","undefined fftwf_codelet_hc2cbdftv_10_avx(void)","OK","libfftw3f-3.dll.decompiled.part-0005.c"
"63906b50","hc2cbdftv_12","undefined hc2cbdftv_12(void)","OK","libfftw3f-3.dll.decompiled.part-0005.c"
"63907470","fftwf_codelet_hc2cbdftv_12_avx","undefined fftwf_codelet_hc2cbdftv_12_avx(void)","OK","libfftw3f-3.dll.decompiled.part-0005.c"
"63907490","hc2cbdftv_16","undefined hc2cbdftv_16(void)","OK","libfftw3f-3.dll.decompiled.part-0005.c"
"639080f0","fftwf_codelet_hc2cbdftv_16_avx","undefined fftwf_codelet_hc2cbdftv_16_avx(void)","OK","libfftw3f-3.dll.decompiled.part-0005.c"
"63908110","hc2cbdftv_32","undefined hc2cbdftv_32(void)","OK","libfftw3f-3.dll.decompiled.part-0005.c"
"63909b00","fftwf_codelet_hc2cbdftv_32_avx","undefined fftwf_codelet_hc2cbdftv_32_avx(void)","OK","libfftw3f-3.dll.decompiled.part-0005.c"
"63909b20","hc2cbdftv_20","undefined hc2cbdftv_20(void)","OK","libfftw3f-3.dll.decompiled.part-0005.c"
"6390ab90","fftwf_codelet_hc2cbdftv_20_avx","undefined fftwf_codelet_hc2cbdftv_20_avx(void)","OK","libfftw3f-3.dll.decompiled.part-0005.c"
"6390abb0","hc2cbv_okp","undefined hc2cbv_okp(void)","OK","libfftw3f-3.dll.decompiled.part-0005.c"
"6390ac20","hc2cfv_okp","undefined hc2cfv_okp(void)","OK","libfftw3f-3.dll.decompiled.part-0005.c"
"6390ac90","fftwf_init_threads","undefined fftwf_init_threads(void)","OK","libfftw3f-3.dll.decompiled.part-0005.c"
"6390ad00","fftwf_cleanup_threads","undefined fftwf_cleanup_threads(void)","OK","libfftw3f-3.dll.decompiled.part-0005.c"
"6390ad50","fftwf_plan_with_nthreads","undefined fftwf_plan_with_nthreads(void)","OK","libfftw3f-3.dll.decompiled.part-0005.c"
"6390ade0","fftwf_make_planner_thread_safe","undefined fftwf_make_planner_thread_safe(void)","OK","libfftw3f-3.dll.decompiled.part-0005.c"
"6390adf0","fftwf_threads_conf_standard","undefined fftwf_threads_conf_standard(void)","OK","libfftw3f-3.dll.decompiled.part-0005.c"
"6390ae00","lock_planner_mutex","undefined lock_planner_mutex(void)","OK","libfftw3f-3.dll.decompiled.part-0005.c"
"6390ae20","unlock_planner_mutex","undefined unlock_planner_mutex(void)","OK","libfftw3f-3.dll.decompiled.part-0005.c"
"6390ae30","worker","undefined worker(void)","OK","libfftw3f-3.dll.decompiled.part-0005.c"
"6390aea0","fftwf_ithreads_init","undefined fftwf_ithreads_init(void)","OK","libfftw3f-3.dll.decompiled.part-0005.c"
"6390af30","fftwf_spawn_loop","undefined fftwf_spawn_loop(void)","OK","libfftw3f-3.dll.decompiled.part-0005.c"
"6390b160","fftwf_threads_cleanup","undefined fftwf_threads_cleanup(void)","OK","libfftw3f-3.dll.decompiled.part-0005.c"
"6390b230","fftwf_threads_register_planner_hooks","undefined fftwf_threads_register_planner_hooks(void)","OK","libfftw3f-3.dll.decompiled.part-0005.c"
"6390b2b0","spawn_apply","undefined spawn_apply(void)","OK","libfftw3f-3.dll.decompiled.part-0005.c"
"6390b310","print","undefined print(void)","OK","libfftw3f-3.dll.decompiled.part-0005.c"
"6390b3b0","destroy","undefined destroy(void)","OK","libfftw3f-3.dll.decompiled.part-0005.c"
"6390b3f0","apply","undefined apply(void)","OK","libfftw3f-3.dll.decompiled.part-0005.c"
"6390b450","awake","undefined awake(void)","OK","libfftw3f-3.dll.decompiled.part-0005.c"
"6390b490","mkplan","undefined mkplan(void)","OK","libfftw3f-3.dll.decompiled.part-0005.c"
"6390b860","fftwf_dft_thr_vrank_geq1_register","undefined fftwf_dft_thr_vrank_geq1_register(void)","OK","libfftw3f-3.dll.decompiled.part-0005.c"
"6390b8e0","spawn_apply","undefined spawn_apply(void)","OK","libfftw3f-3.dll.decompiled.part-0005.c"
"6390b910","print","undefined print(void)","OK","libfftw3f-3.dll.decompiled.part-0005.c"
"6390b9c0","destroy","undefined destroy(void)","OK","libfftw3f-3.dll.decompiled.part-0005.c"
"6390ba10","apply_dif","undefined apply_dif(void)","OK","libfftw3f-3.dll.decompiled.part-0005.c"
"6390ba80","apply_dit","undefined apply_dit(void)","OK","libfftw3f-3.dll.decompiled.part-0005.c"
"6390bae0","awake","undefined awake(void)","OK","libfftw3f-3.dll.decompiled.part-0005.c"
"6390bb20","mkplan","undefined mkplan(void)","OK","libfftw3f-3.dll.decompiled.part-0005.c"
"6390c180","fftwf_mksolver_ct_threads","undefined fftwf_mksolver_ct_threads(void)","OK","libfftw3f-3.dll.decompiled.part-0005.c"
"6390c1c0","spawn_apply","undefined spawn_apply(void)","OK","libfftw3f-3.dll.decompiled.part-0005.c"
"6390c200","print","undefined print(void)","OK","libfftw3f-3.dll.decompiled.part-0005.c"
"6390c2a0","destroy","undefined destroy(void)","OK","libfftw3f-3.dll.decompiled.part-0005.c"
"6390c2e0","apply","undefined apply(void)","OK","libfftw3f-3.dll.decompiled.part-0005.c"
"6390c330","awake","undefined awake(void)","OK","libfftw3f-3.dll.decompiled.part-0005.c"
"6390c370","mkplan","undefined mkplan(void)","OK","libfftw3f-3.dll.decompiled.part-0005.c"
"6390c730","fftwf_rdft_thr_vrank_geq1_register","undefined fftwf_rdft_thr_vrank_geq1_register(void)","OK","libfftw3f-3.dll.decompiled.part-0005.c"
"6390c7b0","spawn_apply","undefined spawn_apply(void)","OK","libfftw3f-3.dll.decompiled.part-0005.c"
"6390c7e0","print","undefined print(void)","OK","libfftw3f-3.dll.decompiled.part-0005.c"
"6390c890","destroy","undefined destroy(void)","OK","libfftw3f-3.dll.decompiled.part-0005.c"
"6390c8e0","apply_dif","undefined apply_dif(void)","OK","libfftw3f-3.dll.decompiled.part-0005.c"
"6390c930","apply_dit","undefined apply_dit(void)","OK","libfftw3f-3.dll.decompiled.part-0005.c"
"6390c980","awake","undefined awake(void)","OK","libfftw3f-3.dll.decompiled.part-0005.c"
"6390c9c0","mkplan","undefined mkplan(void)","OK","libfftw3f-3.dll.decompiled.part-0005.c"
"6390cf20","fftwf_mksolver_hc2hc_threads","undefined fftwf_mksolver_hc2hc_threads(void)","OK","libfftw3f-3.dll.decompiled.part-0005.c"
"6390cf50","spawn_apply","undefined spawn_apply(void)","OK","libfftw3f-3.dll.decompiled.part-0005.c"
"6390cfb0","print","undefined print(void)","OK","libfftw3f-3.dll.decompiled.part-0005.c"
"6390d050","destroy","undefined destroy(void)","OK","libfftw3f-3.dll.decompiled.part-0005.c"
"6390d090","apply","undefined apply(void)","OK","libfftw3f-3.dll.decompiled.part-0005.c"
"6390d0f0","awake","undefined awake(void)","OK","libfftw3f-3.dll.decompiled.part-0005.c"
"6390d130","mkplan","undefined mkplan(void)","OK","libfftw3f-3.dll.decompiled.part-0005.c"
"6390d510","fftwf_rdft2_thr_vrank_geq1_register","undefined fftwf_rdft2_thr_vrank_geq1_register(void)","OK","libfftw3f-3.dll.decompiled.part-0005.c"
"6390d590","sfftw_plan_with_nthreads__","undefined sfftw_plan_with_nthreads__(void)","OK","libfftw3f-3.dll.decompiled.part-0005.c"
"6390d5a0","sfftw_init_threads__","undefined sfftw_init_threads__(void)","OK","libfftw3f-3.dll.decompiled.part-0005.c"
"6390d5c0","sfftw_cleanup_threads__","undefined sfftw_cleanup_threads__(void)","OK","libfftw3f-3.dll.decompiled.part-0005.c"
"6390d5d0","sfftw_plan_with_nthreads_","undefined sfftw_plan_with_nthreads_(void)","OK","libfftw3f-3.dll.decompiled.part-0005.c"
"6390d5e0","sfftw_init_threads_","undefined sfftw_init_threads_(void)","OK","libfftw3f-3.dll.decompiled.part-0005.c"
"6390d600","sfftw_cleanup_threads_","undefined sfftw_cleanup_threads_(void)","OK","libfftw3f-3.dll.decompiled.part-0005.c"
"6390d610","SFFTW_PLAN_WITH_NTHREADS","undefined SFFTW_PLAN_WITH_NTHREADS(void)","OK","libfftw3f-3.dll.decompiled.part-0005.c"
"6390d620","SFFTW_INIT_THREADS","undefined SFFTW_INIT_THREADS(void)","OK","libfftw3f-3.dll.decompiled.part-0005.c"
"6390d640","SFFTW_CLEANUP_THREADS","undefined SFFTW_CLEANUP_THREADS(void)","OK","libfftw3f-3.dll.decompiled.part-0005.c"
"6390d650","__do_global_dtors","undefined __do_global_dtors(void)","OK","libfftw3f-3.dll.decompiled.part-0005.c"
"6390d690","__do_global_ctors","undefined __do_global_ctors(void)","OK","libfftw3f-3.dll.decompiled.part-0005.c"
"6390d700","__main","undefined __main(void)","OK","libfftw3f-3.dll.decompiled.part-0005.c"
"6390d720",".text","void __cdecl .text(void)","OK","libfftw3f-3.dll.decompiled.part-0005.c"
"6390d800","__report_gsfailure","noreturn void __cdecl __report_gsfailure(uintptr_t _StackCookie)","OK","libfftw3f-3.dll.decompiled.part-0005.c"
"6390d900","tls_callback_1","undefined tls_callback_1(void)","OK","libfftw3f-3.dll.decompiled.part-0005.c"
"6390d930","tls_callback_0","undefined tls_callback_0(void)","OK","libfftw3f-3.dll.decompiled.part-0005.c"
"6390d9b0","__tlregdtor","undefined __tlregdtor(void)","OK","libfftw3f-3.dll.decompiled.part-0005.c"
"6390d9c0",".text","undefined .text(void)","OK","libfftw3f-3.dll.decompiled.part-0005.c"
"6390d9d0","_encode_pointer","undefined _encode_pointer(void)","OK","libfftw3f-3.dll.decompiled.part-0005.c"
"6390d9e0","__write_memory.part.0","undefined __write_memory.part.0(void)","OK","libfftw3f-3.dll.decompiled.part-0005.c"
"6390dbb0","_pei386_runtime_relocator","undefined _pei386_runtime_relocator(void)","OK","libfftw3f-3.dll.decompiled.part-0005.c"
"6390de70","__mingw_SEH_error_handler","undefined __mingw_SEH_error_handler(void)","OK","libfftw3f-3.dll.decompiled.part-0005.c"
"6390e010","__mingw_init_ehandler","undefined __mingw_init_ehandler(void)","OK","libfftw3f-3.dll.decompiled.part-0005.c"
"6390e100","_gnu_exception_handler","undefined _gnu_exception_handler(void)","OK","libfftw3f-3.dll.decompiled.part-0005.c"
"6390e2f0","__mingwthr_run_key_dtors.part.0","undefined __mingwthr_run_key_dtors.part.0(void)","OK","libfftw3f-3.dll.decompiled.part-0005.c"
"6390e360","___w64_mingwthr_add_key_dtor","undefined ___w64_mingwthr_add_key_dtor(void)","OK","libfftw3f-3.dll.decompiled.part-0005.c"
"6390e3e0","___w64_mingwthr_remove_key_dtor","undefined ___w64_mingwthr_remove_key_dtor(void)","OK","libfftw3f-3.dll.decompiled.part-0005.c"
"6390e480","__mingw_TLScallback","undefined __mingw_TLScallback(void)","OK","libfftw3f-3.dll.decompiled.part-0005.c"
"6390e560",".text","undefined .text(void)","OK","libfftw3f-3.dll.decompiled.part-0005.c"
"6390e580","_ValidateImageBase","BOOL __cdecl _ValidateImageBase(PBYTE pImageBase)","OK","libfftw3f-3.dll.decompiled.part-0005.c"
"6390e5a0","_FindPESection","PIMAGE_SECTION_HEADER __cdecl _FindPESection(PBYTE pImageBase, DWORD_PTR rva)","OK","libfftw3f-3.dll.decompiled.part-0005.c"
"6390e5f0","_FindPESectionByName","undefined _FindPESectionByName(void)","OK","libfftw3f-3.dll.decompiled.part-0005.c"
"6390e680","__mingw_GetSectionForAddress","undefined __mingw_GetSectionForAddress(void)","OK","libfftw3f-3.dll.decompiled.part-0005.c"
"6390e700","__mingw_GetSectionCount","undefined __mingw_GetSectionCount(void)","OK","libfftw3f-3.dll.decompiled.part-0005.c"
"6390e740","_FindPESectionExec","undefined _FindPESectionExec(void)","OK","libfftw3f-3.dll.decompiled.part-0005.c"
"6390e7b0","_GetPEImageBase","undefined _GetPEImageBase(void)","OK","libfftw3f-3.dll.decompiled.part-0005.c"
"6390e7f0","_IsNonwritableInCurrentImage","BOOL __cdecl _IsNonwritableInCurrentImage(PBYTE pTarget)","OK","libfftw3f-3.dll.decompiled.part-0005.c"
"6390e890","__mingw_enum_import_library_names","undefined __mingw_enum_import_library_names(void)","OK","libfftw3f-3.dll.decompiled.part-0005.c"
"6390e940","_fpreset","void __cdecl _fpreset(void)","OK","libfftw3f-3.dll.decompiled.part-0005.c"
"6390e950","___chkstk_ms","undefined ___chkstk_ms(void)","OK","libfftw3f-3.dll.decompiled.part-0005.c"
"6390e990",".text","undefined .text(void)","OK","libfftw3f-3.dll.decompiled.part-0005.c"
"6390e9a0","DllMain","undefined DllMain(void)","OK","libfftw3f-3.dll.decompiled.part-0005.c"
"6390e9b0","getntptimeofday","undefined getntptimeofday(void)","OK","libfftw3f-3.dll.decompiled.part-0005.c"
"6390ea50","gettimeofday","undefined gettimeofday(void)","OK","libfftw3f-3.dll.decompiled.part-0005.c"
"6390eaa0","mingw_gettimeofday","undefined mingw_gettimeofday(void)","OK","libfftw3f-3.dll.decompiled.part-0005.c"
"6390eaf0","cos","double __cdecl cos(double _X)","OK","libfftw3f-3.dll.decompiled.part-0005.c"
"6390ebf0","__cosl_internal","undefined __cosl_internal(void)","OK","libfftw3f-3.dll.decompiled.part-0005.c"
"6390ec20","log","double __cdecl log(double _X)","OK","libfftw3f-3.dll.decompiled.part-0005.c"
"6390ed40","sin","double __cdecl sin(double _X)","OK","libfftw3f-3.dll.decompiled.part-0005.c"
"6390ee40","__sinl_internal","undefined __sinl_internal(void)","OK","libfftw3f-3.dll.decompiled.part-0005.c"
"6390ee90","__logl_internal","undefined __logl_internal(void)","OK","libfftw3f-3.dll.decompiled.part-0005.c"
"6390eee0","vfprintf","int __cdecl vfprintf(FILE * _File, char * _Format, va_list _ArgList)","OK","libfftw3f-3.dll.decompiled.part-0005.c"
"6390eee8","strncmp","int __cdecl strncmp(char * _Str1, char * _Str2, size_t _MaxCount)","OK","libfftw3f-3.dll.decompiled.part-0005.c"
"6390eef0","strlen","size_t __cdecl strlen(char * _Str)","OK","libfftw3f-3.dll.decompiled.part-0005.c"
"6390eef8","strcmp","int __cdecl strcmp(char * _Str1, char * _Str2)","OK","libfftw3f-3.dll.decompiled.part-0005.c"
"6390ef00","signal","void signal(int param_1)","OK","libfftw3f-3.dll.decompiled.part-0005.c"
"6390ef08","qsort","void __cdecl qsort(void * _Base, size_t _NumOfElements, size_t _SizeOfElements, _PtFuncCompare * _PtFuncCompare)","OK","libfftw3f-3.dll.decompiled.part-0005.c"
"6390ef10","memset","void * __cdecl memset(void * _Dst, int _Val, size_t _Size)","OK","libfftw3f-3.dll.decompiled.part-0005.c"
"6390ef18","memmove","void * __cdecl memmove(void * _Dst, void * _Src, size_t _Size)","OK","libfftw3f-3.dll.decompiled.part-0005.c"
"6390ef20","memcpy","void * __cdecl memcpy(void * _Dst, void * _Src, size_t _Size)","OK","libfftw3f-3.dll.decompiled.part-0005.c"
"6390ef28","malloc","void * __cdecl malloc(size_t _Size)","OK","libfftw3f-3.dll.decompiled.part-0005.c"
"6390ef30","fwrite","size_t __cdecl fwrite(void * _Str, size_t _Size, size_t _Count, FILE * _File)","OK","libfftw3f-3.dll.decompiled.part-0005.c"
"6390ef38","free","void __cdecl free(void * _Memory)","OK","libfftw3f-3.dll.decompiled.part-0005.c"
"6390ef40","fread","size_t __cdecl fread(void * _DstBuf, size_t _ElementSize, size_t _Count, FILE * _File)","OK","libfftw3f-3.dll.decompiled.part-0005.c"
"6390ef48","fprintf","int __cdecl fprintf(FILE * _File, char * _Format, ...)","OK","libfftw3f-3.dll.decompiled.part-0005.c"
"6390ef50","fopen","FILE * __cdecl fopen(char * _Filename, char * _Mode)","OK","libfftw3f-3.dll.decompiled.part-0005.c"
"6390ef58","fflush","int __cdecl fflush(FILE * _File)","OK","libfftw3f-3.dll.decompiled.part-0005.c"
"6390ef60","ferror","int __cdecl ferror(FILE * _File)","OK","libfftw3f-3.dll.decompiled.part-0005.c"
"6390ef68","fclose","int __cdecl fclose(FILE * _File)","OK","libfftw3f-3.dll.decompiled.part-0005.c"
"6390ef70","calloc","void * __cdecl calloc(size_t _Count, size_t _Size)","OK","libfftw3f-3.dll.decompiled.part-0005.c"
"6390ef78","abort","noreturn void __cdecl abort(void)","OK","libfftw3f-3.dll.decompiled.part-0005.c"
"6390ef80","_initterm","undefined _initterm(void)","OK","libfftw3f-3.dll.decompiled.part-0005.c"
"6390ef88","_errno","int * __cdecl _errno(void)","OK","libfftw3f-3.dll.decompiled.part-0005.c"
"6390ef90","_endthreadex","void __cdecl _endthreadex(uint _Retval)","OK","libfftw3f-3.dll.decompiled.part-0005.c"
"6390ef98","_beginthreadex","uintptr_t __cdecl _beginthreadex(void * _Security, uint _StackSize, _StartAddress * _StartAddress, void * _ArgList, uint _InitFlag, uint * _ThrdAddr)","OK","libfftw3f-3.dll.decompiled.part-0005.c"
"6390efa0","_amsg_exit","void __cdecl _amsg_exit(int param_1)","OK","libfftw3f-3.dll.decompiled.part-0005.c"
"6390efb0","_initialize_onexit_table","undefined _initialize_onexit_table(void)","OK","libfftw3f-3.dll.decompiled.part-0005.c"
"6390efe0","_register_onexit_function","undefined _register_onexit_function(void)","OK","libfftw3f-3.dll.decompiled.part-0005.c"
"6390f0b0","_execute_onexit_table","undefined _execute_onexit_table(void)","OK","libfftw3f-3.dll.decompiled.part-0005.c"
"6390f120","__acrt_iob_func","undefined __acrt_iob_func(void)","OK","libfftw3f-3.dll.decompiled.part-0005.c"
"6390f140","realloc","void * __cdecl realloc(void * _Memory, size_t _NewSize)","OK","libfftw3f-3.dll.decompiled.part-0005.c"
"6390f148","_unlock","void __cdecl _unlock(int _File)","OK","libfftw3f-3.dll.decompiled.part-0005.c"
"6390f150","_lock","void __cdecl _lock(int _File)","OK","libfftw3f-3.dll.decompiled.part-0005.c"
"6390f158","__iob_func","FILE * __cdecl __iob_func(void)","OK","libfftw3f-3.dll.decompiled.part-0005.c"
"6390f160","WaitForSingleObject","DWORD __stdcall WaitForSingleObject(HANDLE hHandle, DWORD dwMilliseconds)","OK","libfftw3f-3.dll.decompiled.part-0005.c"
"6390f168","VirtualQuery","SIZE_T __stdcall VirtualQuery(LPCVOID lpAddress, PMEMORY_BASIC_INFORMATION lpBuffer, SIZE_T dwLength)","OK","libfftw3f-3.dll.decompiled.part-0005.c"
"6390f170","VirtualProtect","BOOL __stdcall VirtualProtect(LPVOID lpAddress, SIZE_T dwSize, DWORD flNewProtect, PDWORD lpflOldProtect)","OK","libfftw3f-3.dll.decompiled.part-0005.c"
"6390f178","UnhandledExceptionFilter","LONG __stdcall UnhandledExceptionFilter(_EXCEPTION_POINTERS * ExceptionInfo)","OK","libfftw3f-3.dll.decompiled.part-0005.c"
"6390f180","TlsGetValue","LPVOID __stdcall TlsGetValue(DWORD dwTlsIndex)","OK","libfftw3f-3.dll.decompiled.part-0005.c"
"6390f188","TerminateProcess","BOOL __stdcall TerminateProcess(HANDLE hProcess, UINT uExitCode)","OK","libfftw3f-3.dll.decompiled.part-0005.c"
"6390f190","Sleep","void __stdcall Sleep(DWORD dwMilliseconds)","OK","libfftw3f-3.dll.decompiled.part-0005.c"
"6390f198","SetUnhandledExceptionFilter","LPTOP_LEVEL_EXCEPTION_FILTER __stdcall SetUnhandledExceptionFilter(LPTOP_LEVEL_EXCEPTION_FILTER lpTopLevelExceptionFilter)","OK","libfftw3f-3.dll.decompiled.part-0005.c"
"6390f1a0","RtlVirtualUnwind","PEXCEPTION_ROUTINE __stdcall RtlVirtualUnwind(DWORD HandlerType, DWORD64 ImageBase, DWORD64 ControlPc, PRUNTIME_FUNCTION FunctionEntry, PCONTEXT ContextRecord, PVOID * HandlerData, PDWORD64 EstablisherFrame, PKNONVOLATILE_CONTEXT_POINTERS ContextPointers)","OK","libfftw3f-3.dll.decompiled.part-0005.c"
"6390f1a8","RtlLookupFunctionEntry","PRUNTIME_FUNCTION __stdcall RtlLookupFunctionEntry(DWORD64 ControlPc, PDWORD64 ImageBase, PUNWIND_HISTORY_TABLE HistoryTable)","OK","libfftw3f-3.dll.decompiled.part-0005.c"
"6390f1b8","RtlAddFunctionTable","BOOLEAN __cdecl RtlAddFunctionTable(PRUNTIME_FUNCTION FunctionTable, DWORD EntryCount, DWORD64 BaseAddress)","OK","libfftw3f-3.dll.decompiled.part-0005.c"
"6390f1c0","ReleaseSemaphore","BOOL __stdcall ReleaseSemaphore(HANDLE hSemaphore, LONG lReleaseCount, LPLONG lpPreviousCount)","OK","libfftw3f-3.dll.decompiled.part-0005.c"
"6390f1c8","ReleaseMutex","BOOL __stdcall ReleaseMutex(HANDLE hMutex)","OK","libfftw3f-3.dll.decompiled.part-0005.c"
"6390f1d0","QueryPerformanceCounter","BOOL __stdcall QueryPerformanceCounter(LARGE_INTEGER * lpPerformanceCount)","OK","libfftw3f-3.dll.decompiled.part-0005.c"
"6390f1d8","LeaveCriticalSection","void __stdcall LeaveCriticalSection(LPCRITICAL_SECTION lpCriticalSection)","OK","libfftw3f-3.dll.decompiled.part-0005.c"
"6390f1e0","InitializeCriticalSection","void __stdcall InitializeCriticalSection(LPCRITICAL_SECTION lpCriticalSection)","OK","libfftw3f-3.dll.decompiled.part-0005.c"
"6390f1e8","GetTimeZoneInformation","DWORD __stdcall GetTimeZoneInformation(LPTIME_ZONE_INFORMATION lpTimeZoneInformation)","OK","libfftw3f-3.dll.decompiled.part-0005.c"
"6390f1f0","GetTickCount","DWORD __stdcall GetTickCount(void)","OK","libfftw3f-3.dll.decompiled.part-0005.c"
"6390f1f8","GetSystemTimeAsFileTime","void __stdcall GetSystemTimeAsFileTime(LPFILETIME lpSystemTimeAsFileTime)","OK","libfftw3f-3.dll.decompiled.part-0005.c"
"6390f200","GetLastError","DWORD __stdcall GetLastError(void)","OK","libfftw3f-3.dll.decompiled.part-0005.c"
"6390f208","GetCurrentThreadId","DWORD __stdcall GetCurrentThreadId(void)","OK","libfftw3f-3.dll.decompiled.part-0005.c"
"6390f210","GetCurrentProcessId","DWORD __stdcall GetCurrentProcessId(void)","OK","libfftw3f-3.dll.decompiled.part-0005.c"
"6390f218","GetCurrentProcess","HANDLE __stdcall GetCurrentProcess(void)","OK","libfftw3f-3.dll.decompiled.part-0005.c"
"6390f220","EnterCriticalSection","void __stdcall EnterCriticalSection(LPCRITICAL_SECTION lpCriticalSection)","OK","libfftw3f-3.dll.decompiled.part-0005.c"
"6390f228","DeleteCriticalSection","void __stdcall DeleteCriticalSection(LPCRITICAL_SECTION lpCriticalSection)","OK","libfftw3f-3.dll.decompiled.part-0005.c"
"6390f230","CreateSemaphoreA","HANDLE __stdcall CreateSemaphoreA(LPSECURITY_ATTRIBUTES lpSemaphoreAttributes, LONG lInitialCount, LONG lMaximumCount, LPCSTR lpName)","OK","libfftw3f-3.dll.decompiled.part-0005.c"
"6390f238","CreateMutexA","HANDLE __stdcall CreateMutexA(LPSECURITY_ATTRIBUTES lpMutexAttributes, BOOL bInitialOwner, LPCSTR lpName)","OK","libfftw3f-3.dll.decompiled.part-0005.c"
"6390f240","CloseHandle","BOOL __stdcall CloseHandle(HANDLE hObject)","OK","libfftw3f-3.dll.decompiled.part-0005.c"
"6390f250",".text","undefined .text(void)","OK","libfftw3f-3.dll.decompiled.part-0005.c"
"6390f2a0","__mingw_setusermatherr","undefined __mingw_setusermatherr(void)","OK","libfftw3f-3.dll.decompiled.part-0005.c"
"6390f2b0","_matherr","int __cdecl _matherr(_exception * _Except)","OK","libfftw3f-3.dll.decompiled.part-0005.c"
"6390f3b0","__setusermatherr","undefined __setusermatherr(void)","OK","libfftw3f-3.dll.decompiled.part-0005.c"
"6390f3c0","__report_error","noreturn undefined __report_error(void)","OK","libfftw3f-3.dll.decompiled.part-0005.c"
"6390f430","register_frame_ctor","undefined register_frame_ctor(void)","OK","libfftw3f-3.dll.decompiled.part-0005.c"
