entry,name,signature,status,chunk
"70681000","FUN_70681000","undefined FUN_70681000(void)","OK","libfftw3-3.dll.decompiled.part-0001.c"
"70681010","_CRT_INIT","undefined _CRT_INIT(void)","OK","libfftw3-3.dll.decompiled.part-0001.c"
"70681200","__DllMainCRTStartup","undefined __DllMainCRTStartup(void)","OK","libfftw3-3.dll.decompiled.part-0001.c"
"70681330","DllMainCRTStartup","undefined DllMainCRTStartup(void)","OK","libfftw3-3.dll.decompiled.part-0001.c"
"70681380","atexit","int __cdecl atexit(_func_5014 * param_1)","OK","libfftw3-3.dll.decompiled.part-0001.c"
"70681390","__gcc_register_frame","undefined __gcc_register_frame(void)","OK","libfftw3-3.dll.decompiled.part-0001.c"
"706813a0","__gcc_deregister_frame","undefined __gcc_deregister_frame(void)","OK","libfftw3-3.dll.decompiled.part-0001.c"
"706813b0","fftw_ialignment_of","undefined fftw_ialignment_of(void)","OK","libfftw3-3.dll.decompiled.part-0001.c"
"706813c0","fftw_malloc_plain","undefined fftw_malloc_plain(void)","OK","libfftw3-3.dll.decompiled.part-0001.c"
"70681410","fftw_ifree","undefined fftw_ifree(void)","OK","libfftw3-3.dll.decompiled.part-0001.c"
"70681420","fftw_ifree0","undefined fftw_ifree0(void)","OK","libfftw3-3.dll.decompiled.part-0001.c"
"70681440","fftw_assertion_failed","undefined fftw_assertion_failed(void)","OK","libfftw3-3.dll.decompiled.part-0001.c"
"70681490","fftw_null_awake","undefined fftw_null_awake(void)","OK","libfftw3-3.dll.decompiled.part-0001.c"
"706814a0","fftw_nbuf","undefined fftw_nbuf(void)","OK","libfftw3-3.dll.decompiled.part-0001.c"
"70681550","fftw_bufdist","undefined fftw_bufdist(void)","OK","libfftw3-3.dll.decompiled.part-0001.c"
"70681580","fftw_toobig","undefined fftw_toobig(void)","OK","libfftw3-3.dll.decompiled.part-0001.c"
"70681590","fftw_nbuf_redundant","undefined fftw_nbuf_redundant(void)","OK","libfftw3-3.dll.decompiled.part-0001.c"
"70681710","fftw_cpy1d","undefined fftw_cpy1d(void)","OK","libfftw3-3.dll.decompiled.part-0001.c"
"706819a0","fftw_cpy2d_pair","undefined fftw_cpy2d_pair(void)","OK","libfftw3-3.dll.decompiled.part-0001.c"
"70681a70","fftw_zero1d_pair","undefined fftw_zero1d_pair(void)","OK","libfftw3-3.dll.decompiled.part-0001.c"
"70681aa0","fftw_cpy2d_pair_ci","undefined fftw_cpy2d_pair_ci(void)","OK","libfftw3-3.dll.decompiled.part-0001.c"
"70681c30","fftw_cpy2d_pair_co","undefined fftw_cpy2d_pair_co(void)","OK","libfftw3-3.dll.decompiled.part-0001.c"
"70681dc0","dotile","undefined dotile(void)","OK","libfftw3-3.dll.decompiled.part-0001.c"
"70682090","fftw_cpy2d","undefined fftw_cpy2d(void)","OK","libfftw3-3.dll.decompiled.part-0001.c"
"70682330","dotile_buf","undefined dotile_buf(void)","OK","libfftw3-3.dll.decompiled.part-0001.c"
"706824b0","fftw_cpy2d_ci","undefined fftw_cpy2d_ci(void)","OK","libfftw3-3.dll.decompiled.part-0001.c"
"70682780","fftw_cpy2d_co","undefined fftw_cpy2d_co(void)","OK","libfftw3-3.dll.decompiled.part-0001.c"
"70682a40","fftw_cpy2d_tiled","undefined fftw_cpy2d_tiled(void)","OK","libfftw3-3.dll.decompiled.part-0001.c"
"70682af0","fftw_cpy2d_tiledbuf","undefined fftw_cpy2d_tiledbuf(void)","OK","libfftw3-3.dll.decompiled.part-0001.c"
"70682bb0","fftw_ct_uglyp","undefined fftw_ct_uglyp(void)","OK","libfftw3-3.dll.decompiled.part-0001.c"
"70682bf0",".text","undefined .text(void)","OK","libfftw3-3.dll.decompiled.part-0001.c"
"70682c10","fftw_hash","undefined fftw_hash(void)","OK","libfftw3-3.dll.decompiled.part-0001.c"
"70682c30","fftw_iabs","undefined fftw_iabs(void)","OK","libfftw3-3.dll.decompiled.part-0001.c"
"70682c50","fftw_kernel_malloc","undefined fftw_kernel_malloc(void)","OK","libfftw3-3.dll.decompiled.part-0001.c"
"70682c90","fftw_kernel_free","undefined fftw_kernel_free(void)","OK","libfftw3-3.dll.decompiled.part-0001.c"
"70682cb0","fftw_md5putb","undefined fftw_md5putb(void)","OK","libfftw3-3.dll.decompiled.part-0001.c"
"70682cf0","fftw_md5puts","undefined fftw_md5puts(void)","OK","libfftw3-3.dll.decompiled.part-0001.c"
"70682d20","fftw_md5int","undefined fftw_md5int(void)","OK","libfftw3-3.dll.decompiled.part-0001.c"
"70682d70","fftw_md5INT","undefined fftw_md5INT(void)","OK","libfftw3-3.dll.decompiled.part-0001.c"
"70682db0","fftw_md5unsigned","undefined fftw_md5unsigned(void)","OK","libfftw3-3.dll.decompiled.part-0001.c"
"70682e00","doblock","undefined doblock(void)","OK","libfftw3-3.dll.decompiled.part-0001.c"
"70682f20","fftw_md5begin","undefined fftw_md5begin(void)","OK","libfftw3-3.dll.decompiled.part-0001.c"
"70682f50","fftw_md5putc","undefined fftw_md5putc(void)","OK","libfftw3-3.dll.decompiled.part-0001.c"
"70683090","fftw_md5end","undefined fftw_md5end(void)","OK","libfftw3-3.dll.decompiled.part-0001.c"
"70683380","fftw_imax","undefined fftw_imax(void)","OK","libfftw3-3.dll.decompiled.part-0001.c"
"70683390","fftw_imin","undefined fftw_imin(void)","OK","libfftw3-3.dll.decompiled.part-0001.c"
"706833a0","fftw_ops_zero","undefined fftw_ops_zero(void)","OK","libfftw3-3.dll.decompiled.part-0001.c"
"706833c0","fftw_ops_cpy","undefined fftw_ops_cpy(void)","OK","libfftw3-3.dll.decompiled.part-0001.c"
"706833e0","fftw_ops_other","undefined fftw_ops_other(void)","OK","libfftw3-3.dll.decompiled.part-0001.c"
"70683410","fftw_ops_madd","undefined fftw_ops_madd(void)","OK","libfftw3-3.dll.decompiled.part-0001.c"
"70683470","fftw_ops_add","undefined fftw_ops_add(void)","OK","libfftw3-3.dll.decompiled.part-0001.c"
"706834b0","fftw_ops_add2","undefined fftw_ops_add2(void)","OK","libfftw3-3.dll.decompiled.part-0001.c"
"706834f0","fftw_ops_madd2","undefined fftw_ops_madd2(void)","OK","libfftw3-3.dll.decompiled.part-0001.c"
"70683550","fftw_pickdim","undefined fftw_pickdim(void)","OK","libfftw3-3.dll.decompiled.part-0001.c"
"70683830","fftw_mkplan","undefined fftw_mkplan(void)","OK","libfftw3-3.dll.decompiled.part-0001.c"
"70683870","fftw_plan_destroy_internal","undefined fftw_plan_destroy_internal(void)","OK","libfftw3-3.dll.decompiled.part-0001.c"
"706838a0","fftw_plan_null_destroy","undefined fftw_plan_null_destroy(void)","OK","libfftw3-3.dll.decompiled.part-0001.c"
"706838b0","fftw_plan_awake","undefined fftw_plan_awake(void)","OK","libfftw3-3.dll.decompiled.part-0001.c"
"706838d0","register_solver","undefined register_solver(void)","OK","libfftw3-3.dll.decompiled.part-0001.c"
"706839b0","htab_lookup","undefined htab_lookup(void)","OK","libfftw3-3.dll.decompiled.part-0001.c"
"70683b30","hgrow","undefined hgrow(void)","OK","libfftw3-3.dll.decompiled.part-0001.c"
"70683d10","htab_insert","undefined htab_insert(void)","OK","libfftw3-3.dll.decompiled.part-0001.c"
"70684040","imprt","undefined imprt(void)","OK","libfftw3-3.dll.decompiled.part-0001.c"
"70684540","forget","undefined forget(void)","OK","libfftw3-3.dll.decompiled.part-0001.c"
"70684610","exprt","undefined exprt(void)","OK","libfftw3-3.dll.decompiled.part-0001.c"
"70684780","search0.isra.13","undefined search0.isra.13(void)","OK","libfftw3-3.dll.decompiled.part-0001.c"
"70684c40","mkplan","undefined mkplan(void)","OK","libfftw3-3.dll.decompiled.part-0001.c"
"706851c0","fftw_iestimate_cost","undefined fftw_iestimate_cost(void)","OK","libfftw3-3.dll.decompiled.part-0001.c"
"70685200","fftw_mkplanner","undefined fftw_mkplanner(void)","OK","libfftw3-3.dll.decompiled.part-0001.c"
"70685370","fftw_planner_destroy","undefined fftw_planner_destroy(void)","OK","libfftw3-3.dll.decompiled.part-0001.c"
"706853f0","fftw_mkplan_d","undefined fftw_mkplan_d(void)","OK","libfftw3-3.dll.decompiled.part-0001.c"
"70685420","fftw_mkplan_f_d","undefined fftw_mkplan_f_d(void)","OK","libfftw3-3.dll.decompiled.part-0001.c"
"706854c0","fftw_safe_mulmod","undefined fftw_safe_mulmod(void)","OK","libfftw3-3.dll.decompiled.part-0001.c"
"70685530","fftw_power_mod","undefined fftw_power_mod(void)","OK","libfftw3-3.dll.decompiled.part-0001.c"
"706856a0","fftw_find_generator","undefined fftw_find_generator(void)","OK","libfftw3-3.dll.decompiled.part-0001.c"
"70685940","fftw_first_divisor","undefined fftw_first_divisor(void)","OK","libfftw3-3.dll.decompiled.part-0001.c"
"706859c0","fftw_is_prime","undefined fftw_is_prime(void)","OK","libfftw3-3.dll.decompiled.part-0001.c"
"70685a40","fftw_next_prime","undefined fftw_next_prime(void)","OK","libfftw3-3.dll.decompiled.part-0001.c"
"70685ac0","fftw_factors_into","undefined fftw_factors_into(void)","OK","libfftw3-3.dll.decompiled.part-0001.c"
"70685b10","fftw_isqrt","undefined fftw_isqrt(void)","OK","libfftw3-3.dll.decompiled.part-0001.c"
"70685b50","fftw_choose_radix","undefined fftw_choose_radix(void)","OK","libfftw3-3.dll.decompiled.part-0001.c"
"70685c40","fftw_modulo","undefined fftw_modulo(void)","OK","libfftw3-3.dll.decompiled.part-0001.c"
"70685c70","fftw_factors_into_small_primes","undefined fftw_factors_into_small_primes(void)","OK","libfftw3-3.dll.decompiled.part-0001.c"
"70685cc0","vprint","undefined vprint(void)","OK","libfftw3-3.dll.decompiled.part-0001.c"
"70686180","print","undefined print(void)","OK","libfftw3-3.dll.decompiled.part-0001.c"
"706861b0","fftw_mkprinter","undefined fftw_mkprinter(void)","OK","libfftw3-3.dll.decompiled.part-0001.c"
"70686200","fftw_printer_destroy","undefined fftw_printer_destroy(void)","OK","libfftw3-3.dll.decompiled.part-0001.c"
"70686220","unsolvable_destroy","undefined unsolvable_destroy(void)","OK","libfftw3-3.dll.decompiled.part-0001.c"
"70686230","unsolvable_print","undefined unsolvable_print(void)","OK","libfftw3-3.dll.decompiled.part-0001.c"
"70686240","unsolvable_hash","undefined unsolvable_hash(void)","OK","libfftw3-3.dll.decompiled.part-0001.c"
"70686250","unsolvable_zero","undefined unsolvable_zero(void)","OK","libfftw3-3.dll.decompiled.part-0001.c"
"70686260","fftw_mkproblem","undefined fftw_mkproblem(void)","OK","libfftw3-3.dll.decompiled.part-0001.c"
"70686280","fftw_problem_destroy","undefined fftw_problem_destroy(void)","OK","libfftw3-3.dll.decompiled.part-0001.c"
"706862a0","fftw_mkproblem_unsolvable","undefined fftw_mkproblem_unsolvable(void)","OK","libfftw3-3.dll.decompiled.part-0001.c"
"706862b0","fftw_rader_tl_insert","undefined fftw_rader_tl_insert(void)","OK","libfftw3-3.dll.decompiled.part-0001.c"
"70686300","fftw_rader_tl_find","undefined fftw_rader_tl_find(void)","OK","libfftw3-3.dll.decompiled.part-0001.c"
"70686340","fftw_rader_tl_delete","undefined fftw_rader_tl_delete(void)","OK","libfftw3-3.dll.decompiled.part-0001.c"
"706863b0","getlong","undefined getlong(void)","OK","libfftw3-3.dll.decompiled.part-0001.c"
"706864a0","vscan","undefined vscan(void)","OK","libfftw3-3.dll.decompiled.part-0001.c"
"70686650","scan","undefined scan(void)","OK","libfftw3-3.dll.decompiled.part-0001.c"
"70686680","fftw_mkscanner","undefined fftw_mkscanner(void)","OK","libfftw3-3.dll.decompiled.part-0001.c"
"706866c0","fftw_scanner_destroy","undefined fftw_scanner_destroy(void)","OK","libfftw3-3.dll.decompiled.part-0001.c"
"706866d0","fftw_mksolver","undefined fftw_mksolver(void)","OK","libfftw3-3.dll.decompiled.part-0001.c"
"706866f0","fftw_solver_use","undefined fftw_solver_use(void)","OK","libfftw3-3.dll.decompiled.part-0001.c"
"70686700","fftw_solver_destroy","undefined fftw_solver_destroy(void)","OK","libfftw3-3.dll.decompiled.part-0001.c"
"70686740","fftw_solver_register","undefined fftw_solver_register(void)","OK","libfftw3-3.dll.decompiled.part-0001.c"
"70686750","fftw_solvtab_exec","undefined fftw_solvtab_exec(void)","OK","libfftw3-3.dll.decompiled.part-0001.c"
"706867a0","fftw_mkstride","undefined fftw_mkstride(void)","OK","libfftw3-3.dll.decompiled.part-0001.c"
"70686880","fftw_stride_destroy","undefined fftw_stride_destroy(void)","OK","libfftw3-3.dll.decompiled.part-0001.c"
"70686890","fftw_mktensor","undefined fftw_mktensor(void)","OK","libfftw3-3.dll.decompiled.part-0001.c"
"706868e0","fftw_tensor_destroy","undefined fftw_tensor_destroy(void)","OK","libfftw3-3.dll.decompiled.part-0001.c"
"706868f0","fftw_tensor_sz","undefined fftw_tensor_sz(void)","OK","libfftw3-3.dll.decompiled.part-0001.c"
"70686a30","fftw_tensor_md5","undefined fftw_tensor_md5(void)","OK","libfftw3-3.dll.decompiled.part-0001.c"
"70686aa0","fftw_tensor_tornk1","undefined fftw_tensor_tornk1(void)","OK","libfftw3-3.dll.decompiled.part-0001.c"
"70686ae0","fftw_tensor_print","undefined fftw_tensor_print(void)","OK","libfftw3-3.dll.decompiled.part-0001.c"
"70686b90","fftw_mktensor_0d","undefined fftw_mktensor_0d(void)","OK","libfftw3-3.dll.decompiled.part-0001.c"
"70686ba0","fftw_mktensor_1d","undefined fftw_mktensor_1d(void)","OK","libfftw3-3.dll.decompiled.part-0001.c"
"70686bd0","fftw_mktensor_2d","undefined fftw_mktensor_2d(void)","OK","libfftw3-3.dll.decompiled.part-0001.c"
"70686c20","fftw_mktensor_3d","undefined fftw_mktensor_3d(void)","OK","libfftw3-3.dll.decompiled.part-0001.c"
"70686c90","fftw_mktensor_4d","undefined fftw_mktensor_4d(void)","OK","libfftw3-3.dll.decompiled.part-0001.c"
"70686d30","fftw_mktensor_5d","undefined fftw_mktensor_5d(void)","OK","libfftw3-3.dll.decompiled.part-0001.c"
"70686df0","fftw_tensor_max_index","undefined fftw_tensor_max_index(void)","OK","libfftw3-3.dll.decompiled.part-0001.c"
"70686e70","fftw_tensor_min_istride","undefined fftw_tensor_min_istride(void)","OK","libfftw3-3.dll.decompiled.part-0001.c"
"70686ee0","fftw_tensor_min_ostride","undefined fftw_tensor_min_ostride(void)","OK","libfftw3-3.dll.decompiled.part-0001.c"
"70686f50","fftw_tensor_min_stride","undefined fftw_tensor_min_stride(void)","OK","libfftw3-3.dll.decompiled.part-0001.c"
"70687010","fftw_tensor_inplace_strides","undefined fftw_tensor_inplace_strides(void)","OK","libfftw3-3.dll.decompiled.part-0001.c"
"70687060","fftw_tensor_inplace_strides2","undefined fftw_tensor_inplace_strides2(void)","OK","libfftw3-3.dll.decompiled.part-0001.c"
"706870e0","fftw_tensor_strides_decrease","undefined fftw_tensor_strides_decrease(void)","OK","libfftw3-3.dll.decompiled.part-0001.c"
"706871b0","fftw_tensor_copy","undefined fftw_tensor_copy(void)","OK","libfftw3-3.dll.decompiled.part-0001.c"
"70687210","fftw_tensor_copy_inplace","undefined fftw_tensor_copy_inplace(void)","OK","libfftw3-3.dll.decompiled.part-0001.c"
"706872d0","fftw_tensor_copy_except","undefined fftw_tensor_copy_except(void)","OK","libfftw3-3.dll.decompiled.part-0001.c"
"70687390","fftw_tensor_copy_sub","undefined fftw_tensor_copy_sub(void)","OK","libfftw3-3.dll.decompiled.part-0001.c"
"70687400","fftw_tensor_append","undefined fftw_tensor_append(void)","OK","libfftw3-3.dll.decompiled.part-0001.c"
"706874d0","compare_by_istride","undefined compare_by_istride(void)","OK","libfftw3-3.dll.decompiled.part-0001.c"
"70687510","fftw_dimcmp","undefined fftw_dimcmp(void)","OK","libfftw3-3.dll.decompiled.part-0001.c"
"706875f0","fftw_tensor_compress_contiguous.part.1","undefined fftw_tensor_compress_contiguous.part.1(void)","OK","libfftw3-3.dll.decompiled.part-0001.c"
"70687820","fftw_tensor_compress","undefined fftw_tensor_compress(void)","OK","libfftw3-3.dll.decompiled.part-0001.c"
"706878e0","fftw_tensor_compress_contiguous","undefined fftw_tensor_compress_contiguous(void)","OK","libfftw3-3.dll.decompiled.part-0001.c"
"70687910","fftw_tensor_split","undefined fftw_tensor_split(void)","OK","libfftw3-3.dll.decompiled.part-0001.c"
"70687950","fftw_tensor_equal","undefined fftw_tensor_equal(void)","OK","libfftw3-3.dll.decompiled.part-0001.c"
"706879e0","fftw_tensor_inplace_locations","undefined fftw_tensor_inplace_locations(void)","OK","libfftw3-3.dll.decompiled.part-0001.c"
"70687b30","fftw_tensor_destroy2","undefined fftw_tensor_destroy2(void)","OK","libfftw3-3.dll.decompiled.part-0001.c"
"70687b50","fftw_tensor_destroy4","undefined fftw_tensor_destroy4(void)","OK","libfftw3-3.dll.decompiled.part-0001.c"
"70687b90","fftw_tensor_kosherp","undefined fftw_tensor_kosherp(void)","OK","libfftw3-3.dll.decompiled.part-0001.c"
"70687be0","fftw_tile2d","undefined fftw_tile2d(void)","OK","libfftw3-3.dll.decompiled.part-0001.c"
"70687cd0","fftw_compute_tilesz","undefined fftw_compute_tilesz(void)","OK","libfftw3-3.dll.decompiled.part-0001.c"
"70687cf0","fftw_get_crude_time","undefined fftw_get_crude_time(void)","OK","libfftw3-3.dll.decompiled.part-0001.c"
"70687d10","fftw_elapsed_since","undefined fftw_elapsed_since(void)","OK","libfftw3-3.dll.decompiled.part-0001.c"
"70687d80","fftw_measure_execution_time","undefined fftw_measure_execution_time(void)","OK","libfftw3-3.dll.decompiled.part-0001.c"
"70687fc0","dotile","undefined dotile(void)","OK","libfftw3-3.dll.decompiled.part-0001.c"
"706883b0","transpose_rec","undefined transpose_rec(void)","OK","libfftw3-3.dll.decompiled.part-0001.c"
"70688430","dotile_buf","undefined dotile_buf(void)","OK","libfftw3-3.dll.decompiled.part-0001.c"
"706885a0","fftw_transpose","undefined fftw_transpose(void)","OK","libfftw3-3.dll.decompiled.part-0001.c"
"706888c0","fftw_transpose_tiled","undefined fftw_transpose_tiled(void)","OK","libfftw3-3.dll.decompiled.part-0001.c"
"70688990","fftw_transpose_tiledbuf","undefined fftw_transpose_tiledbuf(void)","OK","libfftw3-3.dll.decompiled.part-0001.c"
"70688a70","cexpl_sqrtn_table","undefined cexpl_sqrtn_table(void)","OK","libfftw3-3.dll.decompiled.part-0001.c"
"70688af0","rotate_sqrtn_table","undefined rotate_sqrtn_table(void)","OK","libfftw3-3.dll.decompiled.part-0001.c"
"70688bb0","cexp_zero","undefined cexp_zero(void)","OK","libfftw3-3.dll.decompiled.part-0001.c"
"70688bc0","rotate_generic","undefined rotate_generic(void)","OK","libfftw3-3.dll.decompiled.part-0001.c"
"70688c30","real_cexp","undefined real_cexp(void)","OK","libfftw3-3.dll.decompiled.part-0001.c"
"70688d60","cexpl_zero","undefined cexpl_zero(void)","OK","libfftw3-3.dll.decompiled.part-0001.c"
"70688d70","cexpl_sincos","undefined cexpl_sincos(void)","OK","libfftw3-3.dll.decompiled.part-0001.c"
"70688eb0","fftw_mktriggen","undefined fftw_mktriggen(void)","OK","libfftw3-3.dll.decompiled.part-0001.c"
"70689090","fftw_triggen_destroy","undefined fftw_triggen_destroy(void)","OK","libfftw3-3.dll.decompiled.part-0001.c"
"706890c0","fftw_twiddle_length","undefined fftw_twiddle_length(void)","OK","libfftw3-3.dll.decompiled.part-0001.c"
"70689130","fftw_twiddle_awake","undefined fftw_twiddle_awake(void)","OK","libfftw3-3.dll.decompiled.part-0001.c"
"706896a0","print","undefined print(void)","OK","libfftw3-3.dll.decompiled.part-0001.c"
"706896d0","destroy","undefined destroy(void)","OK","libfftw3-3.dll.decompiled.part-0001.c"
"706896e0","apply","undefined apply(void)","OK","libfftw3-3.dll.decompiled.part-0001.c"
"70689c90","mkplan","undefined mkplan(void)","OK","libfftw3-3.dll.decompiled.part-0001.c"
"70689e50","awake","undefined awake(void)","OK","libfftw3-3.dll.decompiled.part-0001.c"
"7068a180","fftw_dft_bluestein_register","undefined fftw_dft_bluestein_register(void)","OK","libfftw3-3.dll.decompiled.part-0001.c"
"7068a1b0","print","undefined print(void)","OK","libfftw3-3.dll.decompiled.part-0001.c"
"7068a210","apply","undefined apply(void)","OK","libfftw3-3.dll.decompiled.part-0001.c"
"7068a350","destroy","undefined destroy(void)","OK","libfftw3-3.dll.decompiled.part-0001.c"
"7068a380","awake","undefined awake(void)","OK","libfftw3-3.dll.decompiled.part-0001.c"
"7068a3b0","mkplan","undefined mkplan(void)","OK","libfftw3-3.dll.decompiled.part-0001.c"
"7068a8d0","fftw_dft_buffered_register","undefined fftw_dft_buffered_register(void)","OK","libfftw3-3.dll.decompiled.part-0001.c"
"7068a930","fftw_dft_conf_standard","undefined fftw_dft_conf_standard(void)","OK","libfftw3-3.dll.decompiled.part-0001.c"
"7068a9a0","apply_dit","undefined apply_dit(void)","OK","libfftw3-3.dll.decompiled.part-0001.c"
"7068a9e0","apply_dif","undefined apply_dif(void)","OK","libfftw3-3.dll.decompiled.part-0001.c"
"7068aa30","print","undefined print(void)","OK","libfftw3-3.dll.decompiled.part-0001.c"
"7068aa80","destroy","undefined destroy(void)","OK","libfftw3-3.dll.decompiled.part-0001.c"
"7068aaa0","awake","undefined awake(void)","OK","libfftw3-3.dll.decompiled.part-0001.c"
"7068aad0","fftw_ct_applicable","undefined fftw_ct_applicable(void)","OK","libfftw3-3.dll.decompiled.part-0001.c"
"7068ab80","mkplan","undefined mkplan(void)","OK","libfftw3-3.dll.decompiled.part-0001.c"
"7068af60","fftw_mksolver_ct","undefined fftw_mksolver_ct(void)","OK","libfftw3-3.dll.decompiled.part-0001.c"
"7068afa0","fftw_mkplan_dftw","undefined fftw_mkplan_dftw(void)","OK","libfftw3-3.dll.decompiled.part-0001.c"
"7068afc0","apply","undefined apply(void)","OK","libfftw3-3.dll.decompiled.part-0001.c"
"7068b050","apply_extra_iter","undefined apply_extra_iter(void)","OK","libfftw3-3.dll.decompiled.part-0001.c"
"7068b150","destroy","undefined destroy(void)","OK","libfftw3-3.dll.decompiled.part-0001.c"
"7068b180","print","undefined print(void)","OK","libfftw3-3.dll.decompiled.part-0001.c"
"7068b220","awake","undefined awake(void)","OK","libfftw3-3.dll.decompiled.part-0001.c"
"7068b270","mkcldw","undefined mkcldw(void)","OK","libfftw3-3.dll.decompiled.part-0001.c"
"7068b7a0","apply_buf","undefined apply_buf(void)","OK","libfftw3-3.dll.decompiled.part-0001.c"
"7068baf0","fftw_regsolver_ct_directw","undefined fftw_regsolver_ct_directw(void)","OK","libfftw3-3.dll.decompiled.part-0001.c"
"7068bc20","apply","undefined apply(void)","OK","libfftw3-3.dll.decompiled.part-0001.c"
"7068bc80","mkcldw","undefined mkcldw(void)","OK","libfftw3-3.dll.decompiled.part-0001.c"
"7068be20","destroy","undefined destroy(void)","OK","libfftw3-3.dll.decompiled.part-0001.c"
"7068be40","print","undefined print(void)","OK","libfftw3-3.dll.decompiled.part-0001.c"
"7068bea0","awake","undefined awake(void)","OK","libfftw3-3.dll.decompiled.part-0001.c"
"7068bef0","fftw_regsolver_ct_directwsq","undefined fftw_regsolver_ct_directwsq(void)","OK","libfftw3-3.dll.decompiled.part-0001.c"
"7068bf90","apply_dif","undefined apply_dif(void)","OK","libfftw3-3.dll.decompiled.part-0001.c"
"7068c420","print","undefined print(void)","OK","libfftw3-3.dll.decompiled.part-0001.c"
"7068c480","destroy","undefined destroy(void)","OK","libfftw3-3.dll.decompiled.part-0001.c"
"7068c490","mkcldw","undefined mkcldw(void)","OK","libfftw3-3.dll.decompiled.part-0001.c"
"7068c6a0","awake","undefined awake(void)","OK","libfftw3-3.dll.decompiled.part-0001.c"
"7068c6f0","apply_dit","undefined apply_dit(void)","OK","libfftw3-3.dll.decompiled.part-0001.c"
"7068cbc0","fftw_ct_generic_register","undefined fftw_ct_generic_register(void)","OK","libfftw3-3.dll.decompiled.part-0001.c"
"7068cca0","print","undefined print(void)","OK","libfftw3-3.dll.decompiled.part-0001.c"
"7068cce0","destroy","undefined destroy(void)","OK","libfftw3-3.dll.decompiled.part-0001.c"
"7068ccf0","mkcldw","undefined mkcldw(void)","OK","libfftw3-3.dll.decompiled.part-0001.c"
"7068cf00","apply","undefined apply(void)","OK","libfftw3-3.dll.decompiled.part-0001.c"
"7068d190","awake","undefined awake(void)","OK","libfftw3-3.dll.decompiled.part-0001.c"
"7068d200","fftw_ct_genericbuf_register","undefined fftw_ct_genericbuf_register(void)","OK","libfftw3-3.dll.decompiled.part-0001.c"
"7068d2d0","apply","undefined apply(void)","OK","libfftw3-3.dll.decompiled.part-0001.c"
"7068d320","apply_extra_iter","undefined apply_extra_iter(void)","OK","libfftw3-3.dll.decompiled.part-0001.c"
"7068d3f0","print","undefined print(void)","OK","libfftw3-3.dll.decompiled.part-0001.c"
"7068d460","destroy","undefined destroy(void)","OK","libfftw3-3.dll.decompiled.part-0001.c"
"7068d490","mkplan","undefined mkplan(void)","OK","libfftw3-3.dll.decompiled.part-0001.c"
"7068d920","apply_buf","undefined apply_buf(void)","OK","libfftw3-3.dll.decompiled.part-0001.c"
"7068dc70","fftw_mksolver_dft_direct","undefined fftw_mksolver_dft_direct(void)","OK","libfftw3-3.dll.decompiled.part-0001.c"
"7068dcb0","fftw_mksolver_dft_directbuf","undefined fftw_mksolver_dft_directbuf(void)","OK","libfftw3-3.dll.decompiled.part-0001.c"
"7068dcf0","print","undefined print(void)","OK","libfftw3-3.dll.decompiled.part-0001.c"
"7068dd10","apply","undefined apply(void)","OK","libfftw3-3.dll.decompiled.part-0001.c"
"7068e0d0","awake","undefined awake(void)","OK","libfftw3-3.dll.decompiled.part-0001.c"
"7068e110","mkplan","undefined mkplan(void)","OK","libfftw3-3.dll.decompiled.part-0001.c"
"7068e1f0","fftw_dft_generic_register","undefined fftw_dft_generic_register(void)","OK","libfftw3-3.dll.decompiled.part-0001.c"
"7068e220","apply_before","undefined apply_before(void)","OK","libfftw3-3.dll.decompiled.part-0001.c"
"7068e270","apply_after","undefined apply_after(void)","OK","libfftw3-3.dll.decompiled.part-0001.c"
"7068e2d0","print","undefined print(void)","OK","libfftw3-3.dll.decompiled.part-0001.c"
"7068e310","destroy","undefined destroy(void)","OK","libfftw3-3.dll.decompiled.part-0001.c"
"7068e330","mkplan","undefined mkplan(void)","OK","libfftw3-3.dll.decompiled.part-0001.c"
"7068e550","awake","undefined awake(void)","OK","libfftw3-3.dll.decompiled.part-0001.c"
"7068e580","mkcld_after","undefined mkcld_after(void)","OK","libfftw3-3.dll.decompiled.part-0001.c"
"7068e5d0","mkcld_before","undefined mkcld_before(void)","OK","libfftw3-3.dll.decompiled.part-0001.c"
"7068e630","fftw_dft_indirect_register","undefined fftw_dft_indirect_register(void)","OK","libfftw3-3.dll.decompiled.part-0001.c"
"7068e690","apply_op","undefined apply_op(void)","OK","libfftw3-3.dll.decompiled.part-0001.c"
"7068e790","print","undefined print(void)","OK","libfftw3-3.dll.decompiled.part-0001.c"
"7068e7d0","destroy","undefined destroy(void)","OK","libfftw3-3.dll.decompiled.part-0001.c"
"7068e800","awake","undefined awake(void)","OK","libfftw3-3.dll.decompiled.part-0001.c"
"7068e830","mkplan","undefined mkplan(void)","OK","libfftw3-3.dll.decompiled.part-0001.c"
"7068ed70","fftw_dft_indirect_transpose_register","undefined fftw_dft_indirect_transpose_register(void)","OK","libfftw3-3.dll.decompiled.part-0001.c"
"7068eda0","fftw_kdft_dif_register","undefined fftw_kdft_dif_register(void)","OK","libfftw3-3.dll.decompiled.part-0001.c"
"7068edb0","fftw_kdft_difsq_register","undefined fftw_kdft_difsq_register(void)","OK","libfftw3-3.dll.decompiled.part-0001.c"
"7068edc0","fftw_kdft_dit_register","undefined fftw_kdft_dit_register(void)","OK","libfftw3-3.dll.decompiled.part-0001.c"
"7068edd0","fftw_kdft_register","undefined fftw_kdft_register(void)","OK","libfftw3-3.dll.decompiled.part-0001.c"
"7068ee20","apply","undefined apply(void)","OK","libfftw3-3.dll.decompiled.part-0001.c"
"7068ee30","print","undefined print(void)","OK","libfftw3-3.dll.decompiled.part-0001.c"
"7068ee40","mkplan","undefined mkplan(void)","OK","libfftw3-3.dll.decompiled.part-0001.c"
"7068eeb0","fftw_dft_nop_register","undefined fftw_dft_nop_register(void)","OK","libfftw3-3.dll.decompiled.part-0001.c"
"7068eee0","fftw_mkplan_dft","undefined fftw_mkplan_dft(void)","OK","libfftw3-3.dll.decompiled.part-0001.c"
"7068ef00","destroy","undefined destroy(void)","OK","libfftw3-3.dll.decompiled.part-0001.c"
"7068ef30","print","undefined print(void)","OK","libfftw3-3.dll.decompiled.part-0001.c"
"7068efd0","zero","undefined zero(void)","OK","libfftw3-3.dll.decompiled.part-0001.c"
"7068f010","hash","undefined hash(void)","OK","libfftw3-3.dll.decompiled.part-0001.c"
"7068f0e0","fftw_mkproblem_dft","undefined fftw_mkproblem_dft(void)","OK","libfftw3-3.dll.decompiled.part-0001.c"
"7068f210","fftw_mkproblem_dft_d","undefined fftw_mkproblem_dft_d(void)","OK","libfftw3-3.dll.decompiled.part-0001.c"
"7068f350","print","undefined print(void)","OK","libfftw3-3.dll.decompiled.part-0001.c"
"7068f3e0","apply","undefined apply(void)","OK","libfftw3-3.dll.decompiled.part-0001.c"
"7068f980","destroy","undefined destroy(void)","OK","libfftw3-3.dll.decompiled.part-0001.c"
"7068f9b0","mkplan","undefined mkplan(void)","OK","libfftw3-3.dll.decompiled.part-0001.c"
"7068fcd0","awake","undefined awake(void)","OK","libfftw3-3.dll.decompiled.part-0001.c"
"7068fee0","fftw_dft_rader_register","undefined fftw_dft_rader_register(void)","OK","libfftw3-3.dll.decompiled.part-0001.c"
"7068ff10","apply","undefined apply(void)","OK","libfftw3-3.dll.decompiled.part-0001.c"
"7068ff60","print","undefined print(void)","OK","libfftw3-3.dll.decompiled.part-0001.c"
"7068ff90","destroy","undefined destroy(void)","OK","libfftw3-3.dll.decompiled.part-0001.c"
"7068ffb0","mkplan","undefined mkplan(void)","OK","libfftw3-3.dll.decompiled.part-0001.c"
"70690220","awake","undefined awake(void)","OK","libfftw3-3.dll.decompiled.part-0001.c"
"70690250","fftw_dft_rank_geq2_register","undefined fftw_dft_rank_geq2_register(void)","OK","libfftw3-3.dll.decompiled.part-0001.c"
"706902c0","fftw_dft_solve","undefined fftw_dft_solve(void)","OK","libfftw3-3.dll.decompiled.part-0001.c"
"70690300","apply","undefined apply(void)","OK","libfftw3-3.dll.decompiled.part-0001.c"
"706903a0","print","undefined print(void)","OK","libfftw3-3.dll.decompiled.part-0001.c"
"706903d0","mkplan","undefined mkplan(void)","OK","libfftw3-3.dll.decompiled.part-0001.c"
"70690630","destroy","undefined destroy(void)","OK","libfftw3-3.dll.decompiled.part-0001.c"
"70690640","awake","undefined awake(void)","OK","libfftw3-3.dll.decompiled.part-0001.c"
"70690650","fftw_dft_vrank_geq1_register","undefined fftw_dft_vrank_geq1_register(void)","OK","libfftw3-3.dll.decompiled.part-0001.c"
"706906d0","recur","undefined recur(void)","OK","libfftw3-3.dll.decompiled.part-0001.c"
"70690790","fftw_dft_zerotens","undefined fftw_dft_zerotens(void)","OK","libfftw3-3.dll.decompiled.part-0001.c"
"70690bf0","okp","undefined okp(void)","OK","libfftw3-3.dll.decompiled.part-0001.c"
"70690c40","okp","undefined okp(void)","OK","libfftw3-3.dll.decompiled.part-0001.c"
"70690c80","n1_2","undefined n1_2(void)","OK","libfftw3-3.dll.decompiled.part-0001.c"
"70690d40","fftw_codelet_n1_2","undefined fftw_codelet_n1_2(void)","OK","libfftw3-3.dll.decompiled.part-0001.c"
"70690d60","n1_3","undefined n1_3(void)","OK","libfftw3-3.dll.decompiled.part-0001.c"
"70690ed0","fftw_codelet_n1_3","undefined fftw_codelet_n1_3(void)","OK","libfftw3-3.dll.decompiled.part-0001.c"
"70690ef0","n1_4","undefined n1_4(void)","OK","libfftw3-3.dll.decompiled.part-0001.c"
"70691070","fftw_codelet_n1_4","undefined fftw_codelet_n1_4(void)","OK","libfftw3-3.dll.decompiled.part-0001.c"
"70691090","n1_5","undefined n1_5(void)","OK","libfftw3-3.dll.decompiled.part-0001.c"
"70691380","fftw_codelet_n1_5","undefined fftw_codelet_n1_5(void)","OK","libfftw3-3.dll.decompiled.part-0001.c"
"706913a0","n1_6","undefined n1_6(void)","OK","libfftw3-3.dll.decompiled.part-0001.c"
"706916c0","fftw_codelet_n1_6","undefined fftw_codelet_n1_6(void)","OK","libfftw3-3.dll.decompiled.part-0001.c"
"706916e0","n1_7","undefined n1_7(void)","OK","libfftw3-3.dll.decompiled.part-0001.c"
"70691c10","fftw_codelet_n1_7","undefined fftw_codelet_n1_7(void)","OK","libfftw3-3.dll.decompiled.part-0001.c"
"70691c30","n1_8","undefined n1_8(void)","OK","libfftw3-3.dll.decompiled.part-0001.c"
"70691ff0","fftw_codelet_n1_8","undefined fftw_codelet_n1_8(void)","OK","libfftw3-3.dll.decompiled.part-0001.c"
"70692010","n1_9","undefined n1_9(void)","OK","libfftw3-3.dll.decompiled.part-0001.c"
"70692620","fftw_codelet_n1_9","undefined fftw_codelet_n1_9(void)","OK","libfftw3-3.dll.decompiled.part-0001.c"
"70692640","n1_10","undefined n1_10(void)","OK","libfftw3-3.dll.decompiled.part-0001.c"
"70692cb0","fftw_codelet_n1_10","undefined fftw_codelet_n1_10(void)","OK","libfftw3-3.dll.decompiled.part-0001.c"
"70692cd0","n1_11","undefined n1_11(void)","OK","libfftw3-3.dll.decompiled.part-0001.c"
"706938a0","fftw_codelet_n1_11","undefined fftw_codelet_n1_11(void)","OK","libfftw3-3.dll.decompiled.part-0001.c"
"706938c0","n1_12","undefined n1_12(void)","OK","libfftw3-3.dll.decompiled.part-0001.c"
"70693f50","fftw_codelet_n1_12","undefined fftw_codelet_n1_12(void)","OK","libfftw3-3.dll.decompiled.part-0001.c"
"70693f70","n1_13","undefined n1_13(void)","OK","libfftw3-3.dll.decompiled.part-0001.c"
"70694b60","fftw_codelet_n1_13","undefined fftw_codelet_n1_13(void)","OK","libfftw3-3.dll.decompiled.part-0001.c"
"70694b80","n1_14","undefined n1_14(void)","OK","libfftw3-3.dll.decompiled.part-0001.c"
"70695680","fftw_codelet_n1_14","undefined fftw_codelet_n1_14(void)","OK","libfftw3-3.dll.decompiled.part-0001.c"
"706956a0","n1_15","undefined n1_15(void)","OK","libfftw3-3.dll.decompiled.part-0001.c"
"70696250","fftw_codelet_n1_15","undefined fftw_codelet_n1_15(void)","OK","libfftw3-3.dll.decompiled.part-0001.c"
"70696270","n1_16","undefined n1_16(void)","OK","libfftw3-3.dll.decompiled.part-0001.c"
"70696bf0","fftw_codelet_n1_16","undefined fftw_codelet_n1_16(void)","OK","libfftw3-3.dll.decompiled.part-0001.c"
"70696c10","n1_32","undefined n1_32(void)","OK","libfftw3-3.dll.decompiled.part-0001.c"
"70698400","fftw_codelet_n1_32","undefined fftw_codelet_n1_32(void)","OK","libfftw3-3.dll.decompiled.part-0001.c"
"70698420","n1_64","undefined n1_64(void)","OK","libfftw3-3.dll.decompiled.part-0001.c"
"7069c0e0","fftw_codelet_n1_64","undefined fftw_codelet_n1_64(void)","OK","libfftw3-3.dll.decompiled.part-0001.c"
"7069c100","n1_20","undefined n1_20(void)","OK","libfftw3-3.dll.decompiled.part-0001.c"
"7069cfd0","fftw_codelet_n1_20","undefined fftw_codelet_n1_20(void)","OK","libfftw3-3.dll.decompiled.part-0001.c"
"7069cff0","n1_25","undefined n1_25(void)","OK","libfftw3-3.dll.decompiled.part-0001.c"
"7069e970","fftw_codelet_n1_25","undefined fftw_codelet_n1_25(void)","OK","libfftw3-3.dll.decompiled.part-0001.c"
"7069e990","t1_2","undefined t1_2(void)","OK","libfftw3-3.dll.decompiled.part-0001.c"
"7069ea90","fftw_codelet_t1_2","undefined fftw_codelet_t1_2(void)","OK","libfftw3-3.dll.decompiled.part-0001.c"
"7069eab0","t1_3","undefined t1_3(void)","OK","libfftw3-3.dll.decompiled.part-0001.c"
"7069ec90","fftw_codelet_t1_3","undefined fftw_codelet_t1_3(void)","OK","libfftw3-3.dll.decompiled.part-0001.c"
"7069ecb0","t1_4","undefined t1_4(void)","OK","libfftw3-3.dll.decompiled.part-0001.c"
"7069ef00","fftw_codelet_t1_4","undefined fftw_codelet_t1_4(void)","OK","libfftw3-3.dll.decompiled.part-0001.c"
"7069ef20","t1_5","undefined t1_5(void)","OK","libfftw3-3.dll.decompiled.part-0001.c"
"7069f2e0","fftw_codelet_t1_5","undefined fftw_codelet_t1_5(void)","OK","libfftw3-3.dll.decompiled.part-0001.c"
"7069f300","t1_6","undefined t1_6(void)","OK","libfftw3-3.dll.decompiled.part-0001.c"
"7069f750","fftw_codelet_t1_6","undefined fftw_codelet_t1_6(void)","OK","libfftw3-3.dll.decompiled.part-0001.c"
"7069f770","t1_7","undefined t1_7(void)","OK","libfftw3-3.dll.decompiled.part-0001.c"
"7069fe00","fftw_codelet_t1_7","undefined fftw_codelet_t1_7(void)","OK","libfftw3-3.dll.decompiled.part-0001.c"
"7069fe20","t1_8","undefined t1_8(void)","OK","libfftw3-3.dll.decompiled.part-0001.c"
"706a03c0","fftw_codelet_t1_8","undefined fftw_codelet_t1_8(void)","OK","libfftw3-3.dll.decompiled.part-0001.c"
"706a03e0","t1_9","undefined t1_9(void)","OK","libfftw3-3.dll.decompiled.part-0001.c"
"706a0c40","fftw_codelet_t1_9","undefined fftw_codelet_t1_9(void)","OK","libfftw3-3.dll.decompiled.part-0001.c"
"706a0c60","t1_10","undefined t1_10(void)","OK","libfftw3-3.dll.decompiled.part-0001.c"
"706a1540","fftw_codelet_t1_10","undefined fftw_codelet_t1_10(void)","OK","libfftw3-3.dll.decompiled.part-0001.c"
"706a1560","t1_12","undefined t1_12(void)","OK","libfftw3-3.dll.decompiled.part-0001.c"
"706a1fc0","fftw_codelet_t1_12","undefined fftw_codelet_t1_12(void)","OK","libfftw3-3.dll.decompiled.part-0001.c"
"706a1fe0","t1_15","undefined t1_15(void)","OK","libfftw3-3.dll.decompiled.part-0001.c"
"706a3000","fftw_codelet_t1_15","undefined fftw_codelet_t1_15(void)","OK","libfftw3-3.dll.decompiled.part-0001.c"
"706a3020","t1_16","undefined t1_16(void)","OK","libfftw3-3.dll.decompiled.part-0001.c"
"706a3ef0","fftw_codelet_t1_16","undefined fftw_codelet_t1_16(void)","OK","libfftw3-3.dll.decompiled.part-0001.c"
"706a3f10","t1_32","undefined t1_32(void)","OK","libfftw3-3.dll.decompiled.part-0001.c"
"706a6220","fftw_codelet_t1_32","undefined fftw_codelet_t1_32(void)","OK","libfftw3-3.dll.decompiled.part-0001.c"
"706a6240","t1_64","undefined t1_64(void)","OK","libfftw3-3.dll.decompiled.part-0001.c"
"706ab7e0","fftw_codelet_t1_64","undefined fftw_codelet_t1_64(void)","OK","libfftw3-3.dll.decompiled.part-0001.c"
"706ab800","t1_20","undefined t1_20(void)","OK","libfftw3-3.dll.decompiled.part-0001.c"
"706acd40","fftw_codelet_t1_20","undefined fftw_codelet_t1_20(void)","OK","libfftw3-3.dll.decompiled.part-0001.c"
"706acd60","t1_25","undefined t1_25(void)","OK","libfftw3-3.dll.decompiled.part-0001.c"
"706af040","fftw_codelet_t1_25","undefined fftw_codelet_t1_25(void)","OK","libfftw3-3.dll.decompiled.part-0001.c"
"706af060","t2_4","undefined t2_4(void)","OK","libfftw3-3.dll.decompiled.part-0001.c"
"706af2c0","fftw_codelet_t2_4","undefined fftw_codelet_t2_4(void)","OK","libfftw3-3.dll.decompiled.part-0001.c"
"706af2e0","t2_8","undefined t2_8(void)","OK","libfftw3-3.dll.decompiled.part-0001.c"
"706af950","fftw_codelet_t2_8","undefined fftw_codelet_t2_8(void)","OK","libfftw3-3.dll.decompiled.part-0001.c"
"706af970","t2_16","undefined t2_16(void)","OK","libfftw3-3.dll.decompiled.part-0001.c"
"706b09b0","fftw_codelet_t2_16","undefined fftw_codelet_t2_16(void)","OK","libfftw3-3.dll.decompiled.part-0001.c"
"706b09d0","t2_32","undefined t2_32(void)","OK","libfftw3-3.dll.decompiled.part-0001.c"
"706b3390","fftw_codelet_t2_32","undefined fftw_codelet_t2_32(void)","OK","libfftw3-3.dll.decompiled.part-0001.c"
"706b33b0","t2_64","undefined t2_64(void)","OK","libfftw3-3.dll.decompiled.part-0001.c"
"706b9b00","fftw_codelet_t2_64","undefined fftw_codelet_t2_64(void)","OK","libfftw3-3.dll.decompiled.part-0001.c"
"706b9b20","t2_5","undefined t2_5(void)","OK","libfftw3-3.dll.decompiled.part-0001.c"
"706b9f10","fftw_codelet_t2_5","undefined fftw_codelet_t2_5(void)","OK","libfftw3-3.dll.decompiled.part-0001.c"
"706b9f30","t2_10","undefined t2_10(void)","OK","libfftw3-3.dll.decompiled.part-0001.c"
"706ba990","fftw_codelet_t2_10","undefined fftw_codelet_t2_10(void)","OK","libfftw3-3.dll.decompiled.part-0001.c"
"706ba9b0","t2_20","undefined t2_20(void)","OK","libfftw3-3.dll.decompiled.part-0001.c"
"706bc240","fftw_codelet_t2_20","undefined fftw_codelet_t2_20(void)","OK","libfftw3-3.dll.decompiled.part-0001.c"
"706bc260","t2_25","undefined t2_25(void)","OK","libfftw3-3.dll.decompiled.part-0001.c"
"706bea70","fftw_codelet_t2_25","undefined fftw_codelet_t2_25(void)","OK","libfftw3-3.dll.decompiled.part-0001.c"
"706bea90","q1_2","undefined q1_2(void)","OK","libfftw3-3.dll.decompiled.part-0001.c"
"706bec70","fftw_codelet_q1_2","undefined fftw_codelet_q1_2(void)","OK","libfftw3-3.dll.decompiled.part-0001.c"
"706bec90","q1_4","undefined q1_4(void)","OK","libfftw3-3.dll.decompiled.part-0001.c"
"706bf700","fftw_codelet_q1_4","undefined fftw_codelet_q1_4(void)","OK","libfftw3-3.dll.decompiled.part-0001.c"
"706bf720","q1_8","undefined q1_8(void)","OK","libfftw3-3.dll.decompiled.part-0001.c"
"706c2c80","fftw_codelet_q1_8","undefined fftw_codelet_q1_8(void)","OK","libfftw3-3.dll.decompiled.part-0001.c"
"706c2ca0","q1_3","undefined q1_3(void)","OK","libfftw3-3.dll.decompiled.part-0001.c"
"706c3280","fftw_codelet_q1_3","undefined fftw_codelet_q1_3(void)","OK","libfftw3-3.dll.decompiled.part-0001.c"
"706c32a0","q1_5","undefined q1_5(void)","OK","libfftw3-3.dll.decompiled.part-0001.c"
"706c4730","fftw_codelet_q1_5","undefined fftw_codelet_q1_5(void)","OK","libfftw3-3.dll.decompiled.part-0001.c"
"706c4750","q1_6","undefined q1_6(void)","OK","libfftw3-3.dll.decompiled.part-0001.c"
"706c63c0","fftw_codelet_q1_6","undefined fftw_codelet_q1_6(void)","OK","libfftw3-3.dll.decompiled.part-0001.c"
"706c63e0",".text","undefined .text(void)","OK","libfftw3-3.dll.decompiled.part-0001.c"
"706c6410","apply_dif","undefined apply_dif(void)","OK","libfftw3-3.dll.decompiled.part-0001.c"
"706c6450","print","undefined print(void)","OK","libfftw3-3.dll.decompiled.part-0001.c"
"706c64a0","destroy","undefined destroy(void)","OK","libfftw3-3.dll.decompiled.part-0001.c"
"706c64c0","awake","undefined awake(void)","OK","libfftw3-3.dll.decompiled.part-0001.c"
"706c64f0","fftw_hc2hc_applicable","undefined fftw_hc2hc_applicable(void)","OK","libfftw3-3.dll.decompiled.part-0001.c"
"706c6590","mkplan","undefined mkplan(void)","OK","libfftw3-3.dll.decompiled.part-0001.c"
"706c68c0","fftw_mksolver_hc2hc","undefined fftw_mksolver_hc2hc(void)","OK","libfftw3-3.dll.decompiled.part-0001.c"
"706c68f0","fftw_mkplan_hc2hc","undefined fftw_mkplan_hc2hc(void)","OK","libfftw3-3.dll.decompiled.part-0001.c"
"706c6910","apply","undefined apply(void)","OK","libfftw3-3.dll.decompiled.part-0001.c"
"706c69e0","print","undefined print(void)","OK","libfftw3-3.dll.decompiled.part-0001.c"
"706c6a00","mkplan","undefined mkplan(void)","OK","libfftw3-3.dll.decompiled.part-0001.c"
"706c6cb0","destroy","undefined destroy(void)","OK","libfftw3-3.dll.decompiled.part-0001.c"
"706c6cc0","awake","undefined awake(void)","OK","libfftw3-3.dll.decompiled.part-0001.c"
"706c6cd0","fftw_dft_r2hc_register","undefined fftw_dft_r2hc_register(void)","OK","libfftw3-3.dll.decompiled.part-0001.c"
"706c6d00","apply","undefined apply(void)","OK","libfftw3-3.dll.decompiled.part-0001.c"
"706c6d90","print","undefined print(void)","OK","libfftw3-3.dll.decompiled.part-0001.c"
"706c6db0","mkplan","undefined mkplan(void)","OK","libfftw3-3.dll.decompiled.part-0001.c"
"706c6eb0","destroy","undefined destroy(void)","OK","libfftw3-3.dll.decompiled.part-0001.c"
"706c6ec0","awake","undefined awake(void)","OK","libfftw3-3.dll.decompiled.part-0001.c"
"706c6ed0","fftw_dht_r2hc_register","undefined fftw_dht_r2hc_register(void)","OK","libfftw3-3.dll.decompiled.part-0001.c"
"706c6f00","print","undefined print(void)","OK","libfftw3-3.dll.decompiled.part-0001.c"
"706c6f90","destroy","undefined destroy(void)","OK","libfftw3-3.dll.decompiled.part-0001.c"
"706c6fc0","apply","undefined apply(void)","OK","libfftw3-3.dll.decompiled.part-0001.c"
"706c75d0","mkplan","undefined mkplan(void)","OK","libfftw3-3.dll.decompiled.part-0001.c"
"706c7930","awake","undefined awake(void)","OK","libfftw3-3.dll.decompiled.part-0001.c"
"706c7c40","fftw_dht_rader_register","undefined fftw_dht_rader_register(void)","OK","libfftw3-3.dll.decompiled.part-0001.c"
"706c7ca0","print","undefined print(void)","OK","libfftw3-3.dll.decompiled.part-0001.c"
"706c7d00","apply","undefined apply(void)","OK","libfftw3-3.dll.decompiled.part-0001.c"
"706c7de0","apply_hc2r","undefined apply_hc2r(void)","OK","libfftw3-3.dll.decompiled.part-0001.c"
"706c7ec0","destroy","undefined destroy(void)","OK","libfftw3-3.dll.decompiled.part-0001.c"
"706c7ef0","awake","undefined awake(void)","OK","libfftw3-3.dll.decompiled.part-0001.c"
"706c7f20","mkplan","undefined mkplan(void)","OK","libfftw3-3.dll.decompiled.part-0001.c"
"706c8490","fftw_rdft_buffered_register","undefined fftw_rdft_buffered_register(void)","OK","libfftw3-3.dll.decompiled.part-0001.c"
"706c84f0","fftw_rdft_conf_standard","undefined fftw_rdft_conf_standard(void)","OK","libfftw3-3.dll.decompiled.part-0001.c"
"706c8580","apply","undefined apply(void)","OK","libfftw3-3.dll.decompiled.part-0001.c"
"706c85c0","mkplan","undefined mkplan(void)","OK","libfftw3-3.dll.decompiled.part-0001.c"
"706c86f0","destroy","undefined destroy(void)","OK","libfftw3-3.dll.decompiled.part-0001.c"
"706c8710","print","undefined print(void)","OK","libfftw3-3.dll.decompiled.part-0001.c"
"706c8770","fftw_mksolver_rdft_r2r_direct","undefined fftw_mksolver_rdft_r2r_direct(void)","OK","libfftw3-3.dll.decompiled.part-0001.c"
"706c87a0","apply_r2hc","undefined apply_r2hc(void)","OK","libfftw3-3.dll.decompiled.part-0001.c"
"706c8810","apply_hc2r","undefined apply_hc2r(void)","OK","libfftw3-3.dll.decompiled.part-0001.c"
"706c8880","mkplan","undefined mkplan(void)","OK","libfftw3-3.dll.decompiled.part-0001.c"
"706c8b80","destroy","undefined destroy(void)","OK","libfftw3-3.dll.decompiled.part-0001.c"
"706c8bd0","print","undefined print(void)","OK","libfftw3-3.dll.decompiled.part-0001.c"
"706c8c80","apply_buf_r2hc","undefined apply_buf_r2hc(void)","OK","libfftw3-3.dll.decompiled.part-0001.c"
"706c8ff0","apply_buf_hc2r","undefined apply_buf_hc2r(void)","OK","libfftw3-3.dll.decompiled.part-0001.c"
"706c9340","fftw_mksolver_rdft_r2c_direct","undefined fftw_mksolver_rdft_r2c_direct(void)","OK","libfftw3-3.dll.decompiled.part-0001.c"
"706c9380","fftw_mksolver_rdft_r2c_directbuf","undefined fftw_mksolver_rdft_r2c_directbuf(void)","OK","libfftw3-3.dll.decompiled.part-0001.c"
"706c93c0","print","undefined print(void)","OK","libfftw3-3.dll.decompiled.part-0001.c"
"706c93f0","apply_hc2r","undefined apply_hc2r(void)","OK","libfftw3-3.dll.decompiled.part-0001.c"
"706c97d0","apply_r2hc","undefined apply_r2hc(void)","OK","libfftw3-3.dll.decompiled.part-0001.c"
"706c9a10","awake","undefined awake(void)","OK","libfftw3-3.dll.decompiled.part-0001.c"
"706c9a50","mkplan","undefined mkplan(void)","OK","libfftw3-3.dll.decompiled.part-0001.c"
"706c9b60","fftw_rdft_generic_register","undefined fftw_rdft_generic_register(void)","OK","libfftw3-3.dll.decompiled.part-0001.c"
"706c9bc0","apply","undefined apply(void)","OK","libfftw3-3.dll.decompiled.part-0001.c"
"706c9cf0","dobatch","undefined dobatch(void)","OK","libfftw3-3.dll.decompiled.part-0001.c"
"706c9ea0","apply_buf","undefined apply_buf(void)","OK","libfftw3-3.dll.decompiled.part-0001.c"
"706ca050","mkcldw","undefined mkcldw(void)","OK","libfftw3-3.dll.decompiled.part-0001.c"
"706ca430","destroy","undefined destroy(void)","OK","libfftw3-3.dll.decompiled.part-0001.c"
"706ca470","print","undefined print(void)","OK","libfftw3-3.dll.decompiled.part-0001.c"
"706ca530","awake","undefined awake(void)","OK","libfftw3-3.dll.decompiled.part-0001.c"
"706ca5a0","fftw_regsolver_hc2hc_direct","undefined fftw_regsolver_hc2hc_direct(void)","OK","libfftw3-3.dll.decompiled.part-0001.c"
"706ca690","bytwiddle","undefined bytwiddle(void)","OK","libfftw3-3.dll.decompiled.part-0001.c"
"706cab30","apply_dif","undefined apply_dif(void)","OK","libfftw3-3.dll.decompiled.part-0001.c"
"706cadd0","print","undefined print(void)","OK","libfftw3-3.dll.decompiled.part-0001.c"
"706cae40","destroy","undefined destroy(void)","OK","libfftw3-3.dll.decompiled.part-0001.c"
"706cae70","awake","undefined awake(void)","OK","libfftw3-3.dll.decompiled.part-0001.c"
"706caed0","mkcldw","undefined mkcldw(void)","OK","libfftw3-3.dll.decompiled.part-0001.c"
"706cb1d0","apply_dit","undefined apply_dit(void)","OK","libfftw3-3.dll.decompiled.part-0001.c"
"706cb460","fftw_hc2hc_generic_register","undefined fftw_hc2hc_generic_register(void)","OK","libfftw3-3.dll.decompiled.part-0001.c"
"706cb4c0","fftw_khc2hc_register","undefined fftw_khc2hc_register(void)","OK","libfftw3-3.dll.decompiled.part-0001.c"
"706cb4d0","fftw_kr2c_register","undefined fftw_kr2c_register(void)","OK","libfftw3-3.dll.decompiled.part-0001.c"
"706cb530","fftw_kr2r_register","undefined fftw_kr2r_register(void)","OK","libfftw3-3.dll.decompiled.part-0001.c"
"706cb560","apply_before","undefined apply_before(void)","OK","libfftw3-3.dll.decompiled.part-0001.c"
"706cb590","apply_after","undefined apply_after(void)","OK","libfftw3-3.dll.decompiled.part-0001.c"
"706cb5d0","print","undefined print(void)","OK","libfftw3-3.dll.decompiled.part-0001.c"
"706cb610","destroy","undefined destroy(void)","OK","libfftw3-3.dll.decompiled.part-0001.c"
"706cb630","mkplan","undefined mkplan(void)","OK","libfftw3-3.dll.decompiled.part-0001.c"
"706cb810","awake","undefined awake(void)","OK","libfftw3-3.dll.decompiled.part-0001.c"
"706cb840","mkcld_after","undefined mkcld_after(void)","OK","libfftw3-3.dll.decompiled.part-0001.c"
"706cb890","mkcld_before","undefined mkcld_before(void)","OK","libfftw3-3.dll.decompiled.part-0001.c"
"706cb8e0","fftw_rdft_indirect_register","undefined fftw_rdft_indirect_register(void)","OK","libfftw3-3.dll.decompiled.part-0001.c"
"706cb940","apply","undefined apply(void)","OK","libfftw3-3.dll.decompiled.part-0001.c"
"706cb950","print","undefined print(void)","OK","libfftw3-3.dll.decompiled.part-0001.c"
"706cb960","mkplan","undefined mkplan(void)","OK","libfftw3-3.dll.decompiled.part-0001.c"
"706cb9d0","fftw_rdft_nop_register","undefined fftw_rdft_nop_register(void)","OK","libfftw3-3.dll.decompiled.part-0001.c"
"706cba00","fftw_mkplan_rdft","undefined fftw_mkplan_rdft(void)","OK","libfftw3-3.dll.decompiled.part-0001.c"
"706cba20","recur","undefined recur(void)","OK","libfftw3-3.dll.decompiled.part-0001.c"
"706cbac0","destroy","undefined destroy(void)","OK","libfftw3-3.dll.decompiled.part-0001.c"
"706cbaf0","print","undefined print(void)","OK","libfftw3-3.dll.decompiled.part-0001.c"
"706cbb90","hash","undefined hash(void)","OK","libfftw3-3.dll.decompiled.part-0001.c"
"706cbc40","zero","undefined zero(void)","OK","libfftw3-3.dll.decompiled.part-0001.c"
"706cc000","fftw_rdft_zerotens","undefined fftw_rdft_zerotens(void)","OK","libfftw3-3.dll.decompiled.part-0001.c"
"706cc3a0","fftw_rdft_kind_str","undefined fftw_rdft_kind_str(void)","OK","libfftw3-3.dll.decompiled.part-0001.c"
"706cc3b0","fftw_mkproblem_rdft","undefined fftw_mkproblem_rdft(void)","OK","libfftw3-3.dll.decompiled.part-0001.c"
"706cc6d0","fftw_mkproblem_rdft_d","undefined fftw_mkproblem_rdft_d(void)","OK","libfftw3-3.dll.decompiled.part-0001.c"
"706cc710","fftw_mkproblem_rdft_1","undefined fftw_mkproblem_rdft_1(void)","OK","libfftw3-3.dll.decompiled.part-0001.c"
"706cc730","fftw_mkproblem_rdft_1_d","undefined fftw_mkproblem_rdft_1_d(void)","OK","libfftw3-3.dll.decompiled.part-0001.c"
"706cc770","fftw_mkproblem_rdft_0_d","undefined fftw_mkproblem_rdft_0_d(void)","OK","libfftw3-3.dll.decompiled.part-0001.c"
"706cc7c0","applicable_iter","undefined applicable_iter(void)","OK","libfftw3-3.dll.decompiled.part-0001.c"
"706cc7d0","applicable_memcpy","undefined applicable_memcpy(void)","OK","libfftw3-3.dll.decompiled.part-0001.c"
"706cc7f0","applicable_memcpy_loop","undefined applicable_memcpy_loop(void)","OK","libfftw3-3.dll.decompiled.part-0001.c"
"706cc810","print","undefined print(void)","OK","libfftw3-3.dll.decompiled.part-0001.c"
"706cc880","applicable_cpy2dco","undefined applicable_cpy2dco(void)","OK","libfftw3-3.dll.decompiled.part-0001.c"
"706cc910","memcpy_loop","undefined memcpy_loop(void)","OK","libfftw3-3.dll.decompiled.part-0001.c"
"706cc9d0","apply_memcpy","undefined apply_memcpy(void)","OK","libfftw3-3.dll.decompiled.part-0001.c"
"706cc9f0","copy","undefined copy(void)","OK","libfftw3-3.dll.decompiled.part-0001.c"
"706ccab0","transpose","undefined transpose(void)","OK","libfftw3-3.dll.decompiled.part-0001.c"
"706ccb50","applicable_ip_sq_tiled","undefined applicable_ip_sq_tiled(void)","OK","libfftw3-3.dll.decompiled.part-0001.c"
"706ccc20","applicable_tiled","undefined applicable_tiled(void)","OK","libfftw3-3.dll.decompiled.part-0001.c"
"706ccc60","applicable_ip_sq","undefined applicable_ip_sq(void)","OK","libfftw3-3.dll.decompiled.part-0001.c"
"706ccd00","applicable.isra.4","undefined applicable.isra.4(void)","OK","libfftw3-3.dll.decompiled.part-0001.c"
"706ccdd0","mkplan","undefined mkplan(void)","OK","libfftw3-3.dll.decompiled.part-0001.c"
"706ccec0","apply_ip_sq","undefined apply_ip_sq(void)","OK","libfftw3-3.dll.decompiled.part-0001.c"
"706ccf60","apply_ip_sq_tiled","undefined apply_ip_sq_tiled(void)","OK","libfftw3-3.dll.decompiled.part-0001.c"
"706cd000","apply_ip_sq_tiledbuf","undefined apply_ip_sq_tiledbuf(void)","OK","libfftw3-3.dll.decompiled.part-0001.c"
"706cd0a0","apply_memcpy_loop","undefined apply_memcpy_loop(void)","OK","libfftw3-3.dll.decompiled.part-0001.c"
"706cd160","apply_tiledbuf","undefined apply_tiledbuf(void)","OK","libfftw3-3.dll.decompiled.part-0001.c"
"706cd220","apply_cpy2dco","undefined apply_cpy2dco(void)","OK","libfftw3-3.dll.decompiled.part-0001.c"
"706cd2e0","apply_tiled","undefined apply_tiled(void)","OK","libfftw3-3.dll.decompiled.part-0001.c"
"706cd3a0","apply_iter","undefined apply_iter(void)","OK","libfftw3-3.dll.decompiled.part-0001.c"
"706cd4c0","fftw_rdft_rank0_register","undefined fftw_rdft_rank0_register(void)","OK","libfftw3-3.dll.decompiled.part-0001.c"
"706cd520","apply","undefined apply(void)","OK","libfftw3-3.dll.decompiled.part-0001.c"
"706cd550","print","undefined print(void)","OK","libfftw3-3.dll.decompiled.part-0001.c"
"706cd580","destroy","undefined destroy(void)","OK","libfftw3-3.dll.decompiled.part-0001.c"
"706cd5a0","mkplan","undefined mkplan(void)","OK","libfftw3-3.dll.decompiled.part-0001.c"
"706cd800","awake","undefined awake(void)","OK","libfftw3-3.dll.decompiled.part-0001.c"
"706cd830","fftw_rdft_rank_geq2_register","undefined fftw_rdft_rank_geq2_register(void)","OK","libfftw3-3.dll.decompiled.part-0001.c"
"706cd8a0","apply_r2hc","undefined apply_r2hc(void)","OK","libfftw3-3.dll.decompiled.part-0001.c"
"706cd940","apply_hc2r","undefined apply_hc2r(void)","OK","libfftw3-3.dll.decompiled.part-0001.c"
"706cd9d0","apply_hc2r_save","undefined apply_hc2r_save(void)","OK","libfftw3-3.dll.decompiled.part-0001.c"
"706cdaf0","print","undefined print(void)","OK","libfftw3-3.dll.decompiled.part-0001.c"
"706cdb40","destroy","undefined destroy(void)","OK","libfftw3-3.dll.decompiled.part-0001.c"
"706cdb50","awake","undefined awake(void)","OK","libfftw3-3.dll.decompiled.part-0001.c"
"706cdb60","mkplan","undefined mkplan(void)","OK","libfftw3-3.dll.decompiled.part-0001.c"
"706cdd10","fftw_rdft_dht_register","undefined fftw_rdft_dht_register(void)","OK","libfftw3-3.dll.decompiled.part-0001.c"
"706cdd40","fftw_rdft_solve","undefined fftw_rdft_solve(void)","OK","libfftw3-3.dll.decompiled.part-0001.c"
"706cdd60","apply","undefined apply(void)","OK","libfftw3-3.dll.decompiled.part-0001.c"
"706cddd0","print","undefined print(void)","OK","libfftw3-3.dll.decompiled.part-0001.c"
"706cde00","mkplan","undefined mkplan(void)","OK","libfftw3-3.dll.decompiled.part-0001.c"
"706ce080","destroy","undefined destroy(void)","OK","libfftw3-3.dll.decompiled.part-0001.c"
"706ce090","awake","undefined awake(void)","OK","libfftw3-3.dll.decompiled.part-0001.c"
"706ce0a0","fftw_rdft_vrank_geq1_register","undefined fftw_rdft_vrank_geq1_register(void)","OK","libfftw3-3.dll.decompiled.part-0001.c"
"706ce120","mkcldrn_toms513","undefined mkcldrn_toms513(void)","OK","libfftw3-3.dll.decompiled.part-0001.c"
"706ce150","print","undefined print(void)","OK","libfftw3-3.dll.decompiled.part-0001.c"
"706ce200","destroy","undefined destroy(void)","OK","libfftw3-3.dll.decompiled.part-0001.c"
"706ce240","awake","undefined awake(void)","OK","libfftw3-3.dll.decompiled.part-0001.c"
"706ce280","apply_toms513","undefined apply_toms513(void)","OK","libfftw3-3.dll.decompiled.part-0001.c"
"706ce710","apply_gcd","undefined apply_gcd(void)","OK","libfftw3-3.dll.decompiled.part-0001.c"
"706ce890","mkcldrn_cut","undefined mkcldrn_cut(void)","OK","libfftw3-3.dll.decompiled.part-0001.c"
"706ced10","apply_cut","undefined apply_cut(void)","OK","libfftw3-3.dll.decompiled.part-0001.c"
"706cef90","mkcldrn_gcd","undefined mkcldrn_gcd(void)","OK","libfftw3-3.dll.decompiled.part-0001.c"
"706cf210","applicable_cut","undefined applicable_cut(void)","OK","libfftw3-3.dll.decompiled.part-0001.c"
"706cf3e0","applicable_toms513","undefined applicable_toms513(void)","OK","libfftw3-3.dll.decompiled.part-0001.c"
"706cf530","applicable_gcd","undefined applicable_gcd(void)","OK","libfftw3-3.dll.decompiled.part-0001.c"
"706cf660","mkplan","undefined mkplan(void)","OK","libfftw3-3.dll.decompiled.part-0001.c"
"706cfb90","fftw_rdft_vrank3_transpose_register","undefined fftw_rdft_vrank3_transpose_register(void)","OK","libfftw3-3.dll.decompiled.part-0001.c"
"706cfbf0","print","undefined print(void)","OK","libfftw3-3.dll.decompiled.part-0001.c"
"706cfc50","apply_hc2r","undefined apply_hc2r(void)","OK","libfftw3-3.dll.decompiled.part-0001.c"
"706cfd90","apply_r2hc","undefined apply_r2hc(void)","OK","libfftw3-3.dll.decompiled.part-0001.c"
"706cfee0","destroy","undefined destroy(void)","OK","libfftw3-3.dll.decompiled.part-0001.c"
"706cff10","awake","undefined awake(void)","OK","libfftw3-3.dll.decompiled.part-0001.c"
"706cff40","mkplan","undefined mkplan(void)","OK","libfftw3-3.dll.decompiled.part-0001.c"
"706d07b0","fftw_rdft2_buffered_register","undefined fftw_rdft2_buffered_register(void)","OK","libfftw3-3.dll.decompiled.part-0001.c"
"706d0810","apply","undefined apply(void)","OK","libfftw3-3.dll.decompiled.part-0001.c"
"706d0870","apply_r2hc","undefined apply_r2hc(void)","OK","libfftw3-3.dll.decompiled.part-0001.c"
"706d0910","mkplan","undefined mkplan(void)","OK","libfftw3-3.dll.decompiled.part-0001.c"
"706d0af0","destroy","undefined destroy(void)","OK","libfftw3-3.dll.decompiled.part-0001.c"
"706d0b10","print","undefined print(void)","OK","libfftw3-3.dll.decompiled.part-0001.c"
"706d0b70","fftw_mksolver_rdft2_direct","undefined fftw_mksolver_rdft2_direct(void)","OK","libfftw3-3.dll.decompiled.part-0001.c"
"706d0ba0","apply","undefined apply(void)","OK","libfftw3-3.dll.decompiled.part-0001.c"
"706d0bb0","print","undefined print(void)","OK","libfftw3-3.dll.decompiled.part-0001.c"
"706d0bc0","mkplan","undefined mkplan(void)","OK","libfftw3-3.dll.decompiled.part-0001.c"
"706d0c40","fftw_rdft2_nop_register","undefined fftw_rdft2_nop_register(void)","OK","libfftw3-3.dll.decompiled.part-0001.c"
"706d0c70","apply_r2hc","undefined apply_r2hc(void)","OK","libfftw3-3.dll.decompiled.part-0001.c"
"706d0e10","apply_r2hc_inplace","undefined apply_r2hc_inplace(void)","OK","libfftw3-3.dll.decompiled.part-0001.c"
"706d0ef0","apply_hc2r","undefined apply_hc2r(void)","OK","libfftw3-3.dll.decompiled.part-0001.c"
"706d0f10","mkplan","undefined mkplan(void)","OK","libfftw3-3.dll.decompiled.part-0001.c"
"706d1070","destroy","undefined destroy(void)","OK","libfftw3-3.dll.decompiled.part-0001.c"
"706d1090","awake","undefined awake(void)","OK","libfftw3-3.dll.decompiled.part-0001.c"
"706d10b0","print","undefined print(void)","OK","libfftw3-3.dll.decompiled.part-0001.c"
"706d10f0","fftw_rdft2_rank0_register","undefined fftw_rdft2_rank0_register(void)","OK","libfftw3-3.dll.decompiled.part-0001.c"
"706d1120","apply_r2hc","undefined apply_r2hc(void)","OK","libfftw3-3.dll.decompiled.part-0001.c"
"706d1170","apply_hc2r","undefined apply_hc2r(void)","OK","libfftw3-3.dll.decompiled.part-0001.c"
"706d11d0","print","undefined print(void)","OK","libfftw3-3.dll.decompiled.part-0001.c"
"706d1200","destroy","undefined destroy(void)","OK","libfftw3-3.dll.decompiled.part-0001.c"
"706d1220","mkplan","undefined mkplan(void)","OK","libfftw3-3.dll.decompiled.part-0001.c"
"706d1560","awake","undefined awake(void)","OK","libfftw3-3.dll.decompiled.part-0001.c"
"706d1590","fftw_rdft2_rank_geq2_register","undefined fftw_rdft2_rank_geq2_register(void)","OK","libfftw3-3.dll.decompiled.part-0001.c"
"706d1600","fftw_mkplan_rdft2","undefined fftw_mkplan_rdft2(void)","OK","libfftw3-3.dll.decompiled.part-0001.c"
"706d1620","print","undefined print(void)","OK","libfftw3-3.dll.decompiled.part-0001.c"
"706d1660","recur","undefined recur(void)","OK","libfftw3-3.dll.decompiled.part-0001.c"
"706d1740","vrecur","undefined vrecur(void)","OK","libfftw3-3.dll.decompiled.part-0001.c"
"706d17f0","destroy","undefined destroy(void)","OK","libfftw3-3.dll.decompiled.part-0001.c"
"706d1820","hash","undefined hash(void)","OK","libfftw3-3.dll.decompiled.part-0001.c"
"706d18f0","zero","undefined zero(void)","OK","libfftw3-3.dll.decompiled.part-0001.c"
"706d1a80","fftw_rdft2_complex_n","undefined fftw_rdft2_complex_n(void)","OK","libfftw3-3.dll.decompiled.part-0001.c"
"706d1ad0","fftw_mkproblem_rdft2","undefined fftw_mkproblem_rdft2(void)","OK","libfftw3-3.dll.decompiled.part-0001.c"
"706d1c40","fftw_mkproblem_rdft2_d","undefined fftw_mkproblem_rdft2_d(void)","OK","libfftw3-3.dll.decompiled.part-0001.c"
"706d1dc0","fftw_mkproblem_rdft2_d_3pointers","undefined fftw_mkproblem_rdft2_d_3pointers(void)","OK","libfftw3-3.dll.decompiled.part-0001.c"
"706d1e60","fftw_rdft2_solve","undefined fftw_rdft2_solve(void)","OK","libfftw3-3.dll.decompiled.part-0001.c"
"706d1ea0","apply","undefined apply(void)","OK","libfftw3-3.dll.decompiled.part-0001.c"
"706d1f40","print","undefined print(void)","OK","libfftw3-3.dll.decompiled.part-0001.c"
"706d1f70","mkplan","undefined mkplan(void)","OK","libfftw3-3.dll.decompiled.part-0001.c"
"706d2220","destroy","undefined destroy(void)","OK","libfftw3-3.dll.decompiled.part-0001.c"
"706d2230","awake","undefined awake(void)","OK","libfftw3-3.dll.decompiled.part-0001.c"
"706d2240","fftw_rdft2_vrank_geq1_register","undefined fftw_rdft2_vrank_geq1_register(void)","OK","libfftw3-3.dll.decompiled.part-0001.c"
"706d22c0","print","undefined print(void)","OK","libfftw3-3.dll.decompiled.part-0001.c"
"706d2330","apply_hc2r","undefined apply_hc2r(void)","OK","libfftw3-3.dll.decompiled.part-0001.c"
"706d2580","apply_r2hc","undefined apply_r2hc(void)","OK","libfftw3-3.dll.decompiled.part-0001.c"
"706d2b80","destroy","undefined destroy(void)","OK","libfftw3-3.dll.decompiled.part-0001.c"
"706d2ba0","awake","undefined awake(void)","OK","libfftw3-3.dll.decompiled.part-0001.c"
"706d2bd0","mkplan","undefined mkplan(void)","OK","libfftw3-3.dll.decompiled.part-0001.c"
"706d3250","fftw_rdft2_rdft_register","undefined fftw_rdft2_rdft_register(void)","OK","libfftw3-3.dll.decompiled.part-0001.c"
"706d3280","fftw_rdft2_tensor_max_index","undefined fftw_rdft2_tensor_max_index(void)","OK","libfftw3-3.dll.decompiled.part-0001.c"
"706d3380","fftw_rdft2_inplace_strides","undefined fftw_rdft2_inplace_strides(void)","OK","libfftw3-3.dll.decompiled.part-0001.c"
"706d34f0","fftw_rdft2_strides","undefined fftw_rdft2_strides(void)","OK","libfftw3-3.dll.decompiled.part-0001.c"
"706d3520","fftw_khc2c_register","undefined fftw_khc2c_register(void)","OK","libfftw3-3.dll.decompiled.part-0001.c"
"706d3530","apply_dit","undefined apply_dit(void)","OK","libfftw3-3.dll.decompiled.part-0001.c"
"706d3570","apply_dif","undefined apply_dif(void)","OK","libfftw3-3.dll.decompiled.part-0001.c"
"706d35b0","apply_dit_dft","undefined apply_dit_dft(void)","OK","libfftw3-3.dll.decompiled.part-0001.c"
"706d35f0","apply_dif_dft","undefined apply_dif_dft(void)","OK","libfftw3-3.dll.decompiled.part-0001.c"
"706d3640","print","undefined print(void)","OK","libfftw3-3.dll.decompiled.part-0001.c"
"706d36b0","destroy","undefined destroy(void)","OK","libfftw3-3.dll.decompiled.part-0001.c"
"706d36d0","awake","undefined awake(void)","OK","libfftw3-3.dll.decompiled.part-0001.c"
"706d3700","mkplan","undefined mkplan(void)","OK","libfftw3-3.dll.decompiled.part-0001.c"
"706d3cb0","fftw_mksolver_hc2c","undefined fftw_mksolver_hc2c(void)","OK","libfftw3-3.dll.decompiled.part-0001.c"
"706d3ce0","fftw_mkplan_hc2c","undefined fftw_mkplan_hc2c(void)","OK","libfftw3-3.dll.decompiled.part-0001.c"
"706d3d00","apply","undefined apply(void)","OK","libfftw3-3.dll.decompiled.part-0001.c"
"706d3e60","apply_extra_iter","undefined apply_extra_iter(void)","OK","libfftw3-3.dll.decompiled.part-0001.c"
"706d4040","destroy","undefined destroy(void)","OK","libfftw3-3.dll.decompiled.part-0001.c"
"706d4080","print","undefined print(void)","OK","libfftw3-3.dll.decompiled.part-0001.c"
"706d4160","awake","undefined awake(void)","OK","libfftw3-3.dll.decompiled.part-0001.c"
"706d41d0","mkcldw","undefined mkcldw(void)","OK","libfftw3-3.dll.decompiled.part-0001.c"
"706d4960","apply_buf","undefined apply_buf(void)","OK","libfftw3-3.dll.decompiled.part-0001.c"
"706d5090","fftw_regsolver_hc2c_direct","undefined fftw_regsolver_hc2c_direct(void)","OK","libfftw3-3.dll.decompiled.part-0001.c"
"706d5110",".text","undefined .text(void)","OK","libfftw3-3.dll.decompiled.part-0001.c"
"706d5120","r2cf_2","undefined r2cf_2(void)","OK","libfftw3-3.dll.decompiled.part-0001.c"
"706d51a0","fftw_codelet_r2cf_2","undefined fftw_codelet_r2cf_2(void)","OK","libfftw3-3.dll.decompiled.part-0001.c"
"706d51c0","r2cf_3","undefined r2cf_3(void)","OK","libfftw3-3.dll.decompiled.part-0001.c"
"706d52c0","fftw_codelet_r2cf_3","undefined fftw_codelet_r2cf_3(void)","OK","libfftw3-3.dll.decompiled.part-0001.c"
"706d52e0","r2cf_4","undefined r2cf_4(void)","OK","libfftw3-3.dll.decompiled.part-0001.c"
"706d53b0","fftw_codelet_r2cf_4","undefined fftw_codelet_r2cf_4(void)","OK","libfftw3-3.dll.decompiled.part-0001.c"
"706d53d0","r2cf_5","undefined r2cf_5(void)","OK","libfftw3-3.dll.decompiled.part-0001.c"
"706d5590","fftw_codelet_r2cf_5","undefined fftw_codelet_r2cf_5(void)","OK","libfftw3-3.dll.decompiled.part-0001.c"
"706d55b0","r2cf_6","undefined r2cf_6(void)","OK","libfftw3-3.dll.decompiled.part-0001.c"
"706d5740","fftw_codelet_r2cf_6","undefined fftw_codelet_r2cf_6(void)","OK","libfftw3-3.dll.decompiled.part-0001.c"
"706d5760","r2cf_7","undefined r2cf_7(void)","OK","libfftw3-3.dll.decompiled.part-0001.c"
"706d5a40","fftw_codelet_r2cf_7","undefined fftw_codelet_r2cf_7(void)","OK","libfftw3-3.dll.decompiled.part-0001.c"
"706d5a60","r2cf_8","undefined r2cf_8(void)","OK","libfftw3-3.dll.decompiled.part-0001.c"
"706d5c50","fftw_codelet_r2cf_8","undefined fftw_codelet_r2cf_8(void)","OK","libfftw3-3.dll.decompiled.part-0001.c"
"706d5c70","r2cf_9","undefined r2cf_9(void)","OK","libfftw3-3.dll.decompiled.part-0001.c"
"706d6020","fftw_codelet_r2cf_9","undefined fftw_codelet_r2cf_9(void)","OK","libfftw3-3.dll.decompiled.part-0001.c"
"706d6040","r2cf_10","undefined r2cf_10(void)","OK","libfftw3-3.dll.decompiled.part-0001.c"
"706d6360","fftw_codelet_r2cf_10","undefined fftw_codelet_r2cf_10(void)","OK","libfftw3-3.dll.decompiled.part-0001.c"
"706d6380","r2cf_11","undefined r2cf_11(void)","OK","libfftw3-3.dll.decompiled.part-0001.c"
"706d68e0","fftw_codelet_r2cf_11","undefined fftw_codelet_r2cf_11(void)","OK","libfftw3-3.dll.decompiled.part-0001.c"
"706d6900","r2cf_12","undefined r2cf_12(void)","OK","libfftw3-3.dll.decompiled.part-0001.c"
"706d6c60","fftw_codelet_r2cf_12","undefined fftw_codelet_r2cf_12(void)","OK","libfftw3-3.dll.decompiled.part-0001.c"
"706d6c80","r2cf_13","undefined r2cf_13(void)","OK","libfftw3-3.dll.decompiled.part-0001.c"
"706d71e0","fftw_codelet_r2cf_13","undefined fftw_codelet_r2cf_13(void)","OK","libfftw3-3.dll.decompiled.part-0001.c"
"706d7200","r2cf_14","undefined r2cf_14(void)","OK","libfftw3-3.dll.decompiled.part-0001.c"
"706d7760","fftw_codelet_r2cf_14","undefined fftw_codelet_r2cf_14(void)","OK","libfftw3-3.dll.decompiled.part-0001.c"
"706d7780","r2cf_15","undefined r2cf_15(void)","OK","libfftw3-3.dll.decompiled.part-0001.c"
"706d7cc0","fftw_codelet_r2cf_15","undefined fftw_codelet_r2cf_15(void)","OK","libfftw3-3.dll.decompiled.part-0001.c"
"706d7ce0","r2cf_16","undefined r2cf_16(void)","OK","libfftw3-3.dll.decompiled.part-0001.c"
"706d8180","fftw_codelet_r2cf_16","undefined fftw_codelet_r2cf_16(void)","OK","libfftw3-3.dll.decompiled.part-0001.c"
"706d81a0","r2cf_32","undefined r2cf_32(void)","OK","libfftw3-3.dll.decompiled.part-0001.c"
"706d8c90","fftw_codelet_r2cf_32","undefined fftw_codelet_r2cf_32(void)","OK","libfftw3-3.dll.decompiled.part-0001.c"
"706d8cb0","r2cf_64","undefined r2cf_64(void)","OK","libfftw3-3.dll.decompiled.part-0001.c"
"706da880","fftw_codelet_r2cf_64","undefined fftw_codelet_r2cf_64(void)","OK","libfftw3-3.dll.decompiled.part-0001.c"
"706da8a0","r2cf_128","undefined r2cf_128(void)","OK","libfftw3-3.dll.decompiled.part-0001.c"
"706ded30","fftw_codelet_r2cf_128","undefined fftw_codelet_r2cf_128(void)","OK","libfftw3-3.dll.decompiled.part-0001.c"
"706ded50","r2cf_20","undefined r2cf_20(void)","OK","libfftw3-3.dll.decompiled.part-0001.c"
"706df3c0","fftw_codelet_r2cf_20","undefined fftw_codelet_r2cf_20(void)","OK","libfftw3-3.dll.decompiled.part-0001.c"
"706df3e0","r2cf_25","undefined r2cf_25(void)","OK","libfftw3-3.dll.decompiled.part-0001.c"
"706e0480","fftw_codelet_r2cf_25","undefined fftw_codelet_r2cf_25(void)","OK","libfftw3-3.dll.decompiled.part-0001.c"
"706e04a0","hf_2","undefined hf_2(void)","OK","libfftw3-3.dll.decompiled.part-0001.c"
"706e05a0","fftw_codelet_hf_2","undefined fftw_codelet_hf_2(void)","OK","libfftw3-3.dll.decompiled.part-0001.c"
"706e05c0","hf_3","undefined hf_3(void)","OK","libfftw3-3.dll.decompiled.part-0001.c"
"706e07b0","fftw_codelet_hf_3","undefined fftw_codelet_hf_3(void)","OK","libfftw3-3.dll.decompiled.part-0001.c"
"706e07d0","hf_4","undefined hf_4(void)","OK","libfftw3-3.dll.decompiled.part-0001.c"
"706e0a10","fftw_codelet_hf_4","undefined fftw_codelet_hf_4(void)","OK","libfftw3-3.dll.decompiled.part-0001.c"
"706e0a30","hf_5","undefined hf_5(void)","OK","libfftw3-3.dll.decompiled.part-0001.c"
"706e0e00","fftw_codelet_hf_5","undefined fftw_codelet_hf_5(void)","OK","libfftw3-3.dll.decompiled.part-0001.c"
"706e0e20","hf_6","undefined hf_6(void)","OK","libfftw3-3.dll.decompiled.part-0001.c"
"706e1250","fftw_codelet_hf_6","undefined fftw_codelet_hf_6(void)","OK","libfftw3-3.dll.decompiled.part-0001.c"
"706e1270","hf_7","undefined hf_7(void)","OK","libfftw3-3.dll.decompiled.part-0001.c"
"706e1900","fftw_codelet_hf_7","undefined fftw_codelet_hf_7(void)","OK","libfftw3-3.dll.decompiled.part-0001.c"
"706e1920","hf_8","undefined hf_8(void)","OK","libfftw3-3.dll.decompiled.part-0001.c"
"706e1ee0","fftw_codelet_hf_8","undefined fftw_codelet_hf_8(void)","OK","libfftw3-3.dll.decompiled.part-0001.c"
"706e1f00","hf_9","undefined hf_9(void)","OK","libfftw3-3.dll.decompiled.part-0001.c"
"706e2780","fftw_codelet_hf_9","undefined fftw_codelet_hf_9(void)","OK","libfftw3-3.dll.decompiled.part-0001.c"
"706e27a0","hf_10","undefined hf_10(void)","OK","libfftw3-3.dll.decompiled.part-0001.c"
"706e30b0","fftw_codelet_hf_10","undefined fftw_codelet_hf_10(void)","OK","libfftw3-3.dll.decompiled.part-0001.c"
"706e30d0","hf_12","undefined hf_12(void)","OK","libfftw3-3.dll.decompiled.part-0001.c"
"706e3b60","fftw_codelet_hf_12","undefined fftw_codelet_hf_12(void)","OK","libfftw3-3.dll.decompiled.part-0001.c"
"706e3b80","hf_15","undefined hf_15(void)","OK","libfftw3-3.dll.decompiled.part-0001.c"
"706e4b80","fftw_codelet_hf_15","undefined fftw_codelet_hf_15(void)","OK","libfftw3-3.dll.decompiled.part-0001.c"
"706e4ba0","hf_16","undefined hf_16(void)","OK","libfftw3-3.dll.decompiled.part-0001.c"
"706e5a60","fftw_codelet_hf_16","undefined fftw_codelet_hf_16(void)","OK","libfftw3-3.dll.decompiled.part-0001.c"
"706e5a80","hf_32","undefined hf_32(void)","OK","libfftw3-3.dll.decompiled.part-0001.c"
"706e7df0","fftw_codelet_hf_32","undefined fftw_codelet_hf_32(void)","OK","libfftw3-3.dll.decompiled.part-0001.c"
"706e7e10","hf_64","undefined hf_64(void)","OK","libfftw3-3.dll.decompiled.part-0001.c"
"706ed3b0","fftw_codelet_hf_64","undefined fftw_codelet_hf_64(void)","OK","libfftw3-3.dll.decompiled.part-0001.c"
"706ed3d0","hf_20","undefined hf_20(void)","OK","libfftw3-3.dll.decompiled.part-0001.c"
"706ee900","fftw_codelet_hf_20","undefined fftw_codelet_hf_20(void)","OK","libfftw3-3.dll.decompiled.part-0001.c"
"706ee920","hf_25","undefined hf_25(void)","OK","libfftw3-3.dll.decompiled.part-0001.c"
"706f0c20","fftw_codelet_hf_25","undefined fftw_codelet_hf_25(void)","OK","libfftw3-3.dll.decompiled.part-0001.c"
"706f0c40","hf2_4","undefined hf2_4(void)","OK","libfftw3-3.dll.decompiled.part-0001.c"
"706f0eb0","fftw_codelet_hf2_4","undefined fftw_codelet_hf2_4(void)","OK","libfftw3-3.dll.decompiled.part-0001.c"
"706f0ed0","hf2_8","undefined hf2_8(void)","OK","libfftw3-3.dll.decompiled.part-0001.c"
"706f1540","fftw_codelet_hf2_8","undefined fftw_codelet_hf2_8(void)","OK","libfftw3-3.dll.decompiled.part-0001.c"
"706f1560","hf2_16","undefined hf2_16(void)","OK","libfftw3-3.dll.decompiled.part-0001.c"
"706f25d0","fftw_codelet_hf2_16","undefined fftw_codelet_hf2_16(void)","OK","libfftw3-3.dll.decompiled.part-0001.c"
"706f25f0","hf2_32","undefined hf2_32(void)","OK","libfftw3-3.dll.decompiled.part-0001.c"
"706f5050","fftw_codelet_hf2_32","undefined fftw_codelet_hf2_32(void)","OK","libfftw3-3.dll.decompiled.part-0001.c"
"706f5070","hf2_5","undefined hf2_5(void)","OK","libfftw3-3.dll.decompiled.part-0001.c"
"706f5470","fftw_codelet_hf2_5","undefined fftw_codelet_hf2_5(void)","OK","libfftw3-3.dll.decompiled.part-0001.c"
"706f5490","hf2_20","undefined hf2_20(void)","OK","libfftw3-3.dll.decompiled.part-0001.c"
"706f6d50","fftw_codelet_hf2_20","undefined fftw_codelet_hf2_20(void)","OK","libfftw3-3.dll.decompiled.part-0001.c"
"706f6d70","hf2_25","undefined hf2_25(void)","OK","libfftw3-3.dll.decompiled.part-0001.c"
"706f9550","fftw_codelet_hf2_25","undefined fftw_codelet_hf2_25(void)","OK","libfftw3-3.dll.decompiled.part-0001.c"
"706f9570","r2cfII_2","undefined r2cfII_2(void)","OK","libfftw3-3.dll.decompiled.part-0001.c"
"706f95d0","fftw_codelet_r2cfII_2","undefined fftw_codelet_r2cfII_2(void)","OK","libfftw3-3.dll.decompiled.part-0001.c"
"706f95f0","r2cfII_3","undefined r2cfII_3(void)","OK","libfftw3-3.dll.decompiled.part-0001.c"
"706f96f0","fftw_codelet_r2cfII_3","undefined fftw_codelet_r2cfII_3(void)","OK","libfftw3-3.dll.decompiled.part-0001.c"
"706f9710","r2cfII_4","undefined r2cfII_4(void)","OK","libfftw3-3.dll.decompiled.part-0001.c"
"706f9820","fftw_codelet_r2cfII_4","undefined fftw_codelet_r2cfII_4(void)","OK","libfftw3-3.dll.decompiled.part-0001.c"
"706f9840","r2cfII_5","undefined r2cfII_5(void)","OK","libfftw3-3.dll.decompiled.part-0001.c"
"706f9a10","fftw_codelet_r2cfII_5","undefined fftw_codelet_r2cfII_5(void)","OK","libfftw3-3.dll.decompiled.part-0001.c"
"706f9a30","r2cfII_6","undefined r2cfII_6(void)","OK","libfftw3-3.dll.decompiled.part-0001.c"
"706f9be0","fftw_codelet_r2cfII_6","undefined fftw_codelet_r2cfII_6(void)","OK","libfftw3-3.dll.decompiled.part-0001.c"
"706f9c00","r2cfII_7","undefined r2cfII_7(void)","OK","libfftw3-3.dll.decompiled.part-0001.c"
"706f9ee0","fftw_codelet_r2cfII_7","undefined fftw_codelet_r2cfII_7(void)","OK","libfftw3-3.dll.decompiled.part-0001.c"
"706f9f00","r2cfII_8","undefined r2cfII_8(void)","OK","libfftw3-3.dll.decompiled.part-0001.c"
"706fa190","fftw_codelet_r2cfII_8","undefined fftw_codelet_r2cfII_8(void)","OK","libfftw3-3.dll.decompiled.part-0001.c"
"706fa1b0","r2cfII_9","undefined r2cfII_9(void)","OK","libfftw3-3.dll.decompiled.part-0001.c"
"706fa580","fftw_codelet_r2cfII_9","undefined fftw_codelet_r2cfII_9(void)","OK","libfftw3-3.dll.decompiled.part-0001.c"
"706fa5a0","r2cfII_10","undefined r2cfII_10(void)","OK","libfftw3-3.dll.decompiled.part-0001.c"
"706fa8b0","fftw_codelet_r2cfII_10","undefined fftw_codelet_r2cfII_10(void)","OK","libfftw3-3.dll.decompiled.part-0001.c"
"706fa8d0","r2cfII_12","undefined r2cfII_12(void)","OK","libfftw3-3.dll.decompiled.part-0001.c"
"706fac50","fftw_codelet_r2cfII_12","undefined fftw_codelet_r2cfII_12(void)","OK","libfftw3-3.dll.decompiled.part-0001.c"
"706fac70","r2cfII_15","undefined r2cfII_15(void)","OK","libfftw3-3.dll.decompiled.part-0001.c"
"706fb210","fftw_codelet_r2cfII_15","undefined fftw_codelet_r2cfII_15(void)","OK","libfftw3-3.dll.decompiled.part-0001.c"
"706fb230","r2cfII_16","undefined r2cfII_16(void)","OK","libfftw3-3.dll.decompiled.part-0001.c"
"706fb7d0","fftw_codelet_r2cfII_16","undefined fftw_codelet_r2cfII_16(void)","OK","libfftw3-3.dll.decompiled.part-0001.c"
"706fb7f0","r2cfII_32","undefined r2cfII_32(void)","OK","libfftw3-3.dll.decompiled.part-0001.c"
"706fc500","fftw_codelet_r2cfII_32","undefined fftw_codelet_r2cfII_32(void)","OK","libfftw3-3.dll.decompiled.part-0001.c"
"706fc520","r2cfII_64","undefined r2cfII_64(void)","OK","libfftw3-3.dll.decompiled.part-0001.c"
"706fe600","fftw_codelet_r2cfII_64","undefined fftw_codelet_r2cfII_64(void)","OK","libfftw3-3.dll.decompiled.part-0001.c"
"706fe620","r2cfII_20","undefined r2cfII_20(void)","OK","libfftw3-3.dll.decompiled.part-0001.c"
"706fedb0","fftw_codelet_r2cfII_20","undefined fftw_codelet_r2cfII_20(void)","OK","libfftw3-3.dll.decompiled.part-0001.c"
"706fedd0","r2cfII_25","undefined r2cfII_25(void)","OK","libfftw3-3.dll.decompiled.part-0001.c"
"706ffef0","fftw_codelet_r2cfII_25","undefined fftw_codelet_r2cfII_25(void)","OK","libfftw3-3.dll.decompiled.part-0001.c"
"706fff10","hc2cf_2","undefined hc2cf_2(void)","OK","libfftw3-3.dll.decompiled.part-0001.c"
"706ffff0","fftw_codelet_hc2cf_2","undefined fftw_codelet_hc2cf_2(void)","OK","libfftw3-3.dll.decompiled.part-0001.c"
"70700010","hc2cf_4","undefined hc2cf_4(void)","OK","libfftw3-3.dll.decompiled.part-0001.c"
"70700260","fftw_codelet_hc2cf_4","undefined fftw_codelet_hc2cf_4(void)","OK","libfftw3-3.dll.decompiled.part-0001.c"
"70700280","hc2cf_6","undefined hc2cf_6(void)","OK","libfftw3-3.dll.decompiled.part-0001.c"
"707006c0","fftw_codelet_hc2cf_6","undefined fftw_codelet_hc2cf_6(void)","OK","libfftw3-3.dll.decompiled.part-0001.c"
"707006e0","hc2cf_8","undefined hc2cf_8(void)","OK","libfftw3-3.dll.decompiled.part-0001.c"
"70700c70","fftw_codelet_hc2cf_8","undefined fftw_codelet_hc2cf_8(void)","OK","libfftw3-3.dll.decompiled.part-0001.c"
"70700c90","hc2cf_10","undefined hc2cf_10(void)","OK","libfftw3-3.dll.decompiled.part-0001.c"
"707015b0","fftw_codelet_hc2cf_10","undefined fftw_codelet_hc2cf_10(void)","OK","libfftw3-3.dll.decompiled.part-0001.c"
"707015d0","hc2cf_12","undefined hc2cf_12(void)","OK","libfftw3-3.dll.decompiled.part-0001.c"
"70702040","fftw_codelet_hc2cf_12","undefined fftw_codelet_hc2cf_12(void)","OK","libfftw3-3.dll.decompiled.part-0001.c"
"70702060","hc2cf_16","undefined hc2cf_16(void)","OK","libfftw3-3.dll.decompiled.part-0001.c"
"70702ed0","fftw_codelet_hc2cf_16","undefined fftw_codelet_hc2cf_16(void)","OK","libfftw3-3.dll.decompiled.part-0001.c"
"70702ef0","hc2cf_32","undefined hc2cf_32(void)","OK","libfftw3-3.dll.decompiled.part-0001.c"
"70705220","fftw_codelet_hc2cf_32","undefined fftw_codelet_hc2cf_32(void)","OK","libfftw3-3.dll.decompiled.part-0001.c"
"70705240","hc2cf_20","undefined hc2cf_20(void)","OK","libfftw3-3.dll.decompiled.part-0001.c"
"70706740","fftw_codelet_hc2cf_20","undefined fftw_codelet_hc2cf_20(void)","OK","libfftw3-3.dll.decompiled.part-0001.c"
"70706760","hc2cf2_4","undefined hc2cf2_4(void)","OK","libfftw3-3.dll.decompiled.part-0001.c"
"707069d0","fftw_codelet_hc2cf2_4","undefined fftw_codelet_hc2cf2_4(void)","OK","libfftw3-3.dll.decompiled.part-0001.c"
"707069f0","hc2cf2_8","undefined hc2cf2_8(void)","OK","libfftw3-3.dll.decompiled.part-0001.c"
"70707040","fftw_codelet_hc2cf2_8","undefined fftw_codelet_hc2cf2_8(void)","OK","libfftw3-3.dll.decompiled.part-0001.c"
"70707060","hc2cf2_16","undefined hc2cf2_16(void)","OK","libfftw3-3.dll.decompiled.part-0001.c"
"70708080","fftw_codelet_hc2cf2_16","undefined fftw_codelet_hc2cf2_16(void)","OK","libfftw3-3.dll.decompiled.part-0001.c"
"707080a0","hc2cf2_32","undefined hc2cf2_32(void)","OK","libfftw3-3.dll.decompiled.part-0001.c"
"7070aa60","fftw_codelet_hc2cf2_32","undefined fftw_codelet_hc2cf2_32(void)","OK","libfftw3-3.dll.decompiled.part-0001.c"
"7070aa80","hc2cf2_20","undefined hc2cf2_20(void)","OK","libfftw3-3.dll.decompiled.part-0001.c"
"7070c250","fftw_codelet_hc2cf2_20","undefined fftw_codelet_hc2cf2_20(void)","OK","libfftw3-3.dll.decompiled.part-0001.c"
"7070c270","hc2cfdft_2","undefined hc2cfdft_2(void)","OK","libfftw3-3.dll.decompiled.part-0001.c"
"7070c3a0","fftw_codelet_hc2cfdft_2","undefined fftw_codelet_hc2cfdft_2(void)","OK","libfftw3-3.dll.decompiled.part-0001.c"
"7070c3c0","hc2cfdft_4","undefined hc2cfdft_4(void)","OK","libfftw3-3.dll.decompiled.part-0001.c"
"7070c670","fftw_codelet_hc2cfdft_4","undefined fftw_codelet_hc2cfdft_4(void)","OK","libfftw3-3.dll.decompiled.part-0001.c"
"7070c690","hc2cfdft_6","undefined hc2cfdft_6(void)","OK","libfftw3-3.dll.decompiled.part-0001.c"
"7070cb70","fftw_codelet_hc2cfdft_6","undefined fftw_codelet_hc2cfdft_6(void)","OK","libfftw3-3.dll.decompiled.part-0001.c"
"7070cb90","hc2cfdft_8","undefined hc2cfdft_8(void)","OK","libfftw3-3.dll.decompiled.part-0001.c"
"7070d260","fftw_codelet_hc2cfdft_8","undefined fftw_codelet_hc2cfdft_8(void)","OK","libfftw3-3.dll.decompiled.part-0001.c"
"7070d280","hc2cfdft_10","undefined hc2cfdft_10(void)","OK","libfftw3-3.dll.decompiled.part-0001.c"
"7070dce0","fftw_codelet_hc2cfdft_10","undefined fftw_codelet_hc2cfdft_10(void)","OK","libfftw3-3.dll.decompiled.part-0001.c"
"7070dd00","hc2cfdft_12","undefined hc2cfdft_12(void)","OK","libfftw3-3.dll.decompiled.part-0001.c"
"7070e8b0","fftw_codelet_hc2cfdft_12","undefined fftw_codelet_hc2cfdft_12(void)","OK","libfftw3-3.dll.decompiled.part-0001.c"
"7070e8d0","hc2cfdft_16","undefined hc2cfdft_16(void)","OK","libfftw3-3.dll.decompiled.part-0001.c"
"7070f8b0","fftw_codelet_hc2cfdft_16","undefined fftw_codelet_hc2cfdft_16(void)","OK","libfftw3-3.dll.decompiled.part-0001.c"
"7070f8d0","hc2cfdft_32","undefined hc2cfdft_32(void)","OK","libfftw3-3.dll.decompiled.part-0001.c"
"70711fd0","fftw_codelet_hc2cfdft_32","undefined fftw_codelet_hc2cfdft_32(void)","OK","libfftw3-3.dll.decompiled.part-0001.c"
"70711ff0","hc2cfdft_20","undefined hc2cfdft_20(void)","OK","libfftw3-3.dll.decompiled.part-0001.c"
"707136f0","fftw_codelet_hc2cfdft_20","undefined fftw_codelet_hc2cfdft_20(void)","OK","libfftw3-3.dll.decompiled.part-0001.c"
"70713710","hc2cfdft2_4","undefined hc2cfdft2_4(void)","OK","libfftw3-3.dll.decompiled.part-0001.c"
"70713a20","fftw_codelet_hc2cfdft2_4","undefined fftw_codelet_hc2cfdft2_4(void)","OK","libfftw3-3.dll.decompiled.part-0001.c"
"70713a40","hc2cfdft2_8","undefined hc2cfdft2_8(void)","OK","libfftw3-3.dll.decompiled.part-0001.c"
"707141d0","fftw_codelet_hc2cfdft2_8","undefined fftw_codelet_hc2cfdft2_8(void)","OK","libfftw3-3.dll.decompiled.part-0001.c"
"707141f0","hc2cfdft2_16","undefined hc2cfdft2_16(void)","OK","libfftw3-3.dll.decompiled.part-0001.c"
"70715400","fftw_codelet_hc2cfdft2_16","undefined fftw_codelet_hc2cfdft2_16(void)","OK","libfftw3-3.dll.decompiled.part-0001.c"
"70715420","hc2cfdft2_32","undefined hc2cfdft2_32(void)","OK","libfftw3-3.dll.decompiled.part-0001.c"
"707182a0","fftw_codelet_hc2cfdft2_32","undefined fftw_codelet_hc2cfdft2_32(void)","OK","libfftw3-3.dll.decompiled.part-0001.c"
"707182c0","hc2cfdft2_20","undefined hc2cfdft2_20(void)","OK","libfftw3-3.dll.decompiled.part-0001.c"
"70719d90","fftw_codelet_hc2cfdft2_20","undefined fftw_codelet_hc2cfdft2_20(void)","OK","libfftw3-3.dll.decompiled.part-0001.c"
"70719db0",".text","undefined .text(void)","OK","libfftw3-3.dll.decompiled.part-0001.c"
"70719e30","fftw_codelet_r2cb_2","undefined fftw_codelet_r2cb_2(void)","OK","libfftw3-3.dll.decompiled.part-0001.c"
"70719e50","r2cb_3","undefined r2cb_3(void)","OK","libfftw3-3.dll.decompiled.part-0001.c"
"70719f10","fftw_codelet_r2cb_3","undefined fftw_codelet_r2cb_3(void)","OK","libfftw3-3.dll.decompiled.part-0001.c"
"70719f30","r2cb_4","undefined r2cb_4(void)","OK","libfftw3-3.dll.decompiled.part-0001.c"
"7071a010","fftw_codelet_r2cb_4","undefined fftw_codelet_r2cb_4(void)","OK","libfftw3-3.dll.decompiled.part-0001.c"
"7071a030","r2cb_5","undefined r2cb_5(void)","OK","libfftw3-3.dll.decompiled.part-0001.c"
"7071a1f0","fftw_codelet_r2cb_5","undefined fftw_codelet_r2cb_5(void)","OK","libfftw3-3.dll.decompiled.part-0001.c"
"7071a210","r2cb_6","undefined r2cb_6(void)","OK","libfftw3-3.dll.decompiled.part-0001.c"
"7071a380","fftw_codelet_r2cb_6","undefined fftw_codelet_r2cb_6(void)","OK","libfftw3-3.dll.decompiled.part-0001.c"
"7071a3a0","r2cb_7","undefined r2cb_7(void)","OK","libfftw3-3.dll.decompiled.part-0001.c"
"7071a690","fftw_codelet_r2cb_7","undefined fftw_codelet_r2cb_7(void)","OK","libfftw3-3.dll.decompiled.part-0001.c"
"7071a6b0","r2cb_8","undefined r2cb_8(void)","OK","libfftw3-3.dll.decompiled.part-0001.c"
"7071a8a0","fftw_codelet_r2cb_8","undefined fftw_codelet_r2cb_8(void)","OK","libfftw3-3.dll.decompiled.part-0001.c"
"7071a8c0","r2cb_9","undefined r2cb_9(void)","OK","libfftw3-3.dll.decompiled.part-0001.c"
"7071abe0","fftw_codelet_r2cb_9","undefined fftw_codelet_r2cb_9(void)","OK","libfftw3-3.dll.decompiled.part-0001.c"
"7071ac00","r2cb_10","undefined r2cb_10(void)","OK","libfftw3-3.dll.decompiled.part-0001.c"
"7071af30","fftw_codelet_r2cb_10","undefined fftw_codelet_r2cb_10(void)","OK","libfftw3-3.dll.decompiled.part-0001.c"
"7071af50","r2cb_11","undefined r2cb_11(void)","OK","libfftw3-3.dll.decompiled.part-0001.c"
"7071b4e0","fftw_codelet_r2cb_11","undefined fftw_codelet_r2cb_11(void)","OK","libfftw3-3.dll.decompiled.part-0001.c"
"7071b500","r2cb_12","undefined r2cb_12(void)","OK","libfftw3-3.dll.decompiled.part-0001.c"
"7071b830","fftw_codelet_r2cb_12","undefined fftw_codelet_r2cb_12(void)","OK","libfftw3-3.dll.decompiled.part-0001.c"
"7071b850","r2cb_13","undefined r2cb_13(void)","OK","libfftw3-3.dll.decompiled.part-0001.c"
"7071bdb0","fftw_codelet_r2cb_13","undefined fftw_codelet_r2cb_13(void)","OK","libfftw3-3.dll.decompiled.part-0001.c"
"7071bdd0","r2cb_14","undefined r2cb_14(void)","OK","libfftw3-3.dll.decompiled.part-0001.c"
"7071c350","fftw_codelet_r2cb_14","undefined fftw_codelet_r2cb_14(void)","OK","libfftw3-3.dll.decompiled.part-0001.c"
"7071c370","r2cb_15","undefined r2cb_15(void)","OK","libfftw3-3.dll.decompiled.part-0001.c"
"7071c8c0","fftw_codelet_r2cb_15","undefined fftw_codelet_r2cb_15(void)","OK","libfftw3-3.dll.decompiled.part-0001.c"
"7071c8e0","r2cb_16","undefined r2cb_16(void)","OK","libfftw3-3.dll.decompiled.part-0001.c"
"7071cd80","fftw_codelet_r2cb_16","undefined fftw_codelet_r2cb_16(void)","OK","libfftw3-3.dll.decompiled.part-0001.c"
"7071cda0","r2cb_32","undefined r2cb_32(void)","OK","libfftw3-3.dll.decompiled.part-0001.c"
"7071d920","fftw_codelet_r2cb_32","undefined fftw_codelet_r2cb_32(void)","OK","libfftw3-3.dll.decompiled.part-0001.c"
"7071d940","r2cb_64","undefined r2cb_64(void)","OK","libfftw3-3.dll.decompiled.part-0001.c"
"7071f680","fftw_codelet_r2cb_64","undefined fftw_codelet_r2cb_64(void)","OK","libfftw3-3.dll.decompiled.part-0001.c"
"7071f6a0","r2cb_128","undefined r2cb_128(void)","OK","libfftw3-3.dll.decompiled.part-0001.c"
"70723c90","fftw_codelet_r2cb_128","undefined fftw_codelet_r2cb_128(void)","OK","libfftw3-3.dll.decompiled.part-0001.c"
"70723cb0","r2cb_20","undefined r2cb_20(void)","OK","libfftw3-3.dll.decompiled.part-0001.c"
"70724390","fftw_codelet_r2cb_20","undefined fftw_codelet_r2cb_20(void)","OK","libfftw3-3.dll.decompiled.part-0001.c"
"707243b0","r2cb_25","undefined r2cb_25(void)","OK","libfftw3-3.dll.decompiled.part-0001.c"
"70724fd0","fftw_codelet_r2cb_25","undefined fftw_codelet_r2cb_25(void)","OK","libfftw3-3.dll.decompiled.part-0001.c"
"70724ff0","hb_2","undefined hb_2(void)","OK","libfftw3-3.dll.decompiled.part-0001.c"
"707250d0","fftw_codelet_hb_2","undefined fftw_codelet_hb_2(void)","OK","libfftw3-3.dll.decompiled.part-0001.c"
"707250f0","hb_3","undefined hb_3(void)","OK","libfftw3-3.dll.decompiled.part-0001.c"
"707252f0","fftw_codelet_hb_3","undefined fftw_codelet_hb_3(void)","OK","libfftw3-3.dll.decompiled.part-0001.c"
"70725310","hb_4","undefined hb_4(void)","OK","libfftw3-3.dll.decompiled.part-0001.c"
"70725530","fftw_codelet_hb_4","undefined fftw_codelet_hb_4(void)","OK","libfftw3-3.dll.decompiled.part-0001.c"
"70725550","hb_5","undefined hb_5(void)","OK","libfftw3-3.dll.decompiled.part-0001.c"
"70725920","fftw_codelet_hb_5","undefined fftw_codelet_hb_5(void)","OK","libfftw3-3.dll.decompiled.part-0001.c"
"70725940","hb_6","undefined hb_6(void)","OK","libfftw3-3.dll.decompiled.part-0001.c"
"70725d90","fftw_codelet_hb_6","undefined fftw_codelet_hb_6(void)","OK","libfftw3-3.dll.decompiled.part-0001.c"
"70725db0","hb_7","undefined hb_7(void)","OK","libfftw3-3.dll.decompiled.part-0001.c"
"70726470","fftw_codelet_hb_7","undefined fftw_codelet_hb_7(void)","OK","libfftw3-3.dll.decompiled.part-0001.c"
"70726490","hb_8","undefined hb_8(void)","OK","libfftw3-3.dll.decompiled.part-0001.c"
"70726a30","fftw_codelet_hb_8","undefined fftw_codelet_hb_8(void)","OK","libfftw3-3.dll.decompiled.part-0001.c"
"70726a50","hb_9","undefined hb_9(void)","OK","libfftw3-3.dll.decompiled.part-0001.c"
"70727310","fftw_codelet_hb_9","undefined fftw_codelet_hb_9(void)","OK","libfftw3-3.dll.decompiled.part-0001.c"
"70727330","hb_10","undefined hb_10(void)","OK","libfftw3-3.dll.decompiled.part-0001.c"
"70727c10","fftw_codelet_hb_10","undefined fftw_codelet_hb_10(void)","OK","libfftw3-3.dll.decompiled.part-0001.c"
"70727c30","hb_12","undefined hb_12(void)","OK","libfftw3-3.dll.decompiled.part-0001.c"
"70728630","fftw_codelet_hb_12","undefined fftw_codelet_hb_12(void)","OK","libfftw3-3.dll.decompiled.part-0001.c"
"70728650","hb_15","undefined hb_15(void)","OK","libfftw3-3.dll.decompiled.part-0001.c"
"70729750","fftw_codelet_hb_15","undefined fftw_codelet_hb_15(void)","OK","libfftw3-3.dll.decompiled.part-0001.c"
"70729770","hb_16","undefined hb_16(void)","OK","libfftw3-3.dll.decompiled.part-0001.c"
"7072a6c0","fftw_codelet_hb_16","undefined fftw_codelet_hb_16(void)","OK","libfftw3-3.dll.decompiled.part-0001.c"
"7072a6e0","hb_32","undefined hb_32(void)","OK","libfftw3-3.dll.decompiled.part-0001.c"
"7072cc30","fftw_codelet_hb_32","undefined fftw_codelet_hb_32(void)","OK","libfftw3-3.dll.decompiled.part-0001.c"
"7072cc50","hb_64","undefined hb_64(void)","OK","libfftw3-3.dll.decompiled.part-0001.c"
"70732670","fftw_codelet_hb_64","undefined fftw_codelet_hb_64(void)","OK","libfftw3-3.dll.decompiled.part-0001.c"
"70732690","hb_20","undefined hb_20(void)","OK","libfftw3-3.dll.decompiled.part-0001.c"
"70733cd0","fftw_codelet_hb_20","undefined fftw_codelet_hb_20(void)","OK","libfftw3-3.dll.decompiled.part-0001.c"
"70733cf0","hb_25","undefined hb_25(void)","OK","libfftw3-3.dll.decompiled.part-0001.c"
"70736020","fftw_codelet_hb_25","undefined fftw_codelet_hb_25(void)","OK","libfftw3-3.dll.decompiled.part-0001.c"
"70736040","hb2_4","undefined hb2_4(void)","OK","libfftw3-3.dll.decompiled.part-0001.c"
"707362e0","fftw_codelet_hb2_4","undefined fftw_codelet_hb2_4(void)","OK","libfftw3-3.dll.decompiled.part-0001.c"
"70736300","hb2_8","undefined hb2_8(void)","OK","libfftw3-3.dll.decompiled.part-0001.c"
"70736a20","fftw_codelet_hb2_8","undefined fftw_codelet_hb2_8(void)","OK","libfftw3-3.dll.decompiled.part-0001.c"
"70736a40","hb2_16","undefined hb2_16(void)","OK","libfftw3-3.dll.decompiled.part-0001.c"
"70737c80","fftw_codelet_hb2_16","undefined fftw_codelet_hb2_16(void)","OK","libfftw3-3.dll.decompiled.part-0001.c"
"70737ca0","hb2_32","undefined hb2_32(void)","OK","libfftw3-3.dll.decompiled.part-0001.c"
"7073ab50","fftw_codelet_hb2_32","undefined fftw_codelet_hb2_32(void)","OK","libfftw3-3.dll.decompiled.part-0001.c"
"7073ab70","hb2_5","undefined hb2_5(void)","OK","libfftw3-3.dll.decompiled.part-0001.c"
"7073afd0","fftw_codelet_hb2_5","undefined fftw_codelet_hb2_5(void)","OK","libfftw3-3.dll.decompiled.part-0001.c"
"7073aff0","hb2_20","undefined hb2_20(void)","OK","libfftw3-3.dll.decompiled.part-0001.c"
"7073cb00","fftw_codelet_hb2_20","undefined fftw_codelet_hb2_20(void)","OK","libfftw3-3.dll.decompiled.part-0001.c"
"7073cb20","hb2_25","undefined hb2_25(void)","OK","libfftw3-3.dll.decompiled.part-0001.c"
"7073f490","fftw_codelet_hb2_25","undefined fftw_codelet_hb2_25(void)","OK","libfftw3-3.dll.decompiled.part-0001.c"
"7073f4b0","r2cbIII_2","undefined r2cbIII_2(void)","OK","libfftw3-3.dll.decompiled.part-0001.c"
"7073f520","fftw_codelet_r2cbIII_2","undefined fftw_codelet_r2cbIII_2(void)","OK","libfftw3-3.dll.decompiled.part-0001.c"
"7073f540","r2cbIII_3","undefined r2cbIII_3(void)","OK","libfftw3-3.dll.decompiled.part-0001.c"
"7073f610","fftw_codelet_r2cbIII_3","undefined fftw_codelet_r2cbIII_3(void)","OK","libfftw3-3.dll.decompiled.part-0001.c"
"7073f630","r2cbIII_4","undefined r2cbIII_4(void)","OK","libfftw3-3.dll.decompiled.part-0001.c"
"7073f750","fftw_codelet_r2cbIII_4","undefined fftw_codelet_r2cbIII_4(void)","OK","libfftw3-3.dll.decompiled.part-0001.c"
"7073f770","r2cbIII_5","undefined r2cbIII_5(void)","OK","libfftw3-3.dll.decompiled.part-0001.c"
"7073f940","fftw_codelet_r2cbIII_5","undefined fftw_codelet_r2cbIII_5(void)","OK","libfftw3-3.dll.decompiled.part-0001.c"
"7073f960","r2cbIII_6","undefined r2cbIII_6(void)","OK","libfftw3-3.dll.decompiled.part-0001.c"
"7073fae0","fftw_codelet_r2cbIII_6","undefined fftw_codelet_r2cbIII_6(void)","OK","libfftw3-3.dll.decompiled.part-0001.c"
"7073fb00","r2cbIII_7","undefined r2cbIII_7(void)","OK","libfftw3-3.dll.decompiled.part-0001.c"
"7073fdf0","fftw_codelet_r2cbIII_7","undefined fftw_codelet_r2cbIII_7(void)","OK","libfftw3-3.dll.decompiled.part-0001.c"
"7073fe10","r2cbIII_8","undefined r2cbIII_8(void)","OK","libfftw3-3.dll.decompiled.part-0001.c"
"707400b0","fftw_codelet_r2cbIII_8","undefined fftw_codelet_r2cbIII_8(void)","OK","libfftw3-3.dll.decompiled.part-0001.c"
"707400d0","r2cbIII_9","undefined r2cbIII_9(void)","OK","libfftw3-3.dll.decompiled.part-0001.c"
"707403f0","fftw_codelet_r2cbIII_9","undefined fftw_codelet_r2cbIII_9(void)","OK","libfftw3-3.dll.decompiled.part-0001.c"
"70740410","r2cbIII_10","undefined r2cbIII_10(void)","OK","libfftw3-3.dll.decompiled.part-0001.c"
"70740730","fftw_codelet_r2cbIII_10","undefined fftw_codelet_r2cbIII_10(void)","OK","libfftw3-3.dll.decompiled.part-0001.c"
"70740750","r2cbIII_12","undefined r2cbIII_12(void)","OK","libfftw3-3.dll.decompiled.part-0001.c"
"70740b00","fftw_codelet_r2cbIII_12","undefined fftw_codelet_r2cbIII_12(void)","OK","libfftw3-3.dll.decompiled.part-0001.c"
"70740b20","r2cbIII_15","undefined r2cbIII_15(void)","OK","libfftw3-3.dll.decompiled.part-0001.c"
"70741010","fftw_codelet_r2cbIII_15","undefined fftw_codelet_r2cbIII_15(void)","OK","libfftw3-3.dll.decompiled.part-0001.c"
"70741030","r2cbIII_16","undefined r2cbIII_16(void)","OK","libfftw3-3.dll.decompiled.part-0001.c"
"707415b0","fftw_codelet_r2cbIII_16","undefined fftw_codelet_r2cbIII_16(void)","OK","libfftw3-3.dll.decompiled.part-0001.c"
"707415d0","r2cbIII_32","undefined r2cbIII_32(void)","OK","libfftw3-3.dll.decompiled.part-0001.c"
"70742300","fftw_codelet_r2cbIII_32","undefined fftw_codelet_r2cbIII_32(void)","OK","libfftw3-3.dll.decompiled.part-0001.c"
"70742320","r2cbIII_64","undefined r2cbIII_64(void)","OK","libfftw3-3.dll.decompiled.part-0001.c"
"707444c0","fftw_codelet_r2cbIII_64","undefined fftw_codelet_r2cbIII_64(void)","OK","libfftw3-3.dll.decompiled.part-0001.c"
"707444e0","r2cbIII_20","undefined r2cbIII_20(void)","OK","libfftw3-3.dll.decompiled.part-0001.c"
"70744bf0","fftw_codelet_r2cbIII_20","undefined fftw_codelet_r2cbIII_20(void)","OK","libfftw3-3.dll.decompiled.part-0001.c"
"70744c10","r2cbIII_25","undefined r2cbIII_25(void)","OK","libfftw3-3.dll.decompiled.part-0001.c"
"707457e0","fftw_codelet_r2cbIII_25","undefined fftw_codelet_r2cbIII_25(void)","OK","libfftw3-3.dll.decompiled.part-0001.c"
"70745800","hc2cb_2","undefined hc2cb_2(void)","OK","libfftw3-3.dll.decompiled.part-0001.c"
"707458c0","fftw_codelet_hc2cb_2","undefined fftw_codelet_hc2cb_2(void)","OK","libfftw3-3.dll.decompiled.part-0001.c"
"707458e0","hc2cb_4","undefined hc2cb_4(void)","OK","libfftw3-3.dll.decompiled.part-0001.c"
"70745b00","fftw_codelet_hc2cb_4","undefined fftw_codelet_hc2cb_4(void)","OK","libfftw3-3.dll.decompiled.part-0001.c"
"70745b20","hc2cb_6","undefined hc2cb_6(void)","OK","libfftw3-3.dll.decompiled.part-0001.c"
"70745f80","fftw_codelet_hc2cb_6","undefined fftw_codelet_hc2cb_6(void)","OK","libfftw3-3.dll.decompiled.part-0001.c"
"70745fa0","hc2cb_8","undefined hc2cb_8(void)","OK","libfftw3-3.dll.decompiled.part-0001.c"
"70746520","fftw_codelet_hc2cb_8","undefined fftw_codelet_hc2cb_8(void)","OK","libfftw3-3.dll.decompiled.part-0001.c"
"70746540","hc2cb_10","undefined hc2cb_10(void)","OK","libfftw3-3.dll.decompiled.part-0001.c"
"70746e10","fftw_codelet_hc2cb_10","undefined fftw_codelet_hc2cb_10(void)","OK","libfftw3-3.dll.decompiled.part-0001.c"
"70746e30","hc2cb_12","undefined hc2cb_12(void)","OK","libfftw3-3.dll.decompiled.part-0001.c"
"707477f0","fftw_codelet_hc2cb_12","undefined fftw_codelet_hc2cb_12(void)","OK","libfftw3-3.dll.decompiled.part-0001.c"
"70747810","hc2cb_16","undefined hc2cb_16(void)","OK","libfftw3-3.dll.decompiled.part-0001.c"
"70748700","fftw_codelet_hc2cb_16","undefined fftw_codelet_hc2cb_16(void)","OK","libfftw3-3.dll.decompiled.part-0001.c"
"70748720","hc2cb_32","undefined hc2cb_32(void)","OK","libfftw3-3.dll.decompiled.part-0001.c"
"7074ab00","fftw_codelet_hc2cb_32","undefined fftw_codelet_hc2cb_32(void)","OK","libfftw3-3.dll.decompiled.part-0001.c"
"7074ab20","hc2cb_20","undefined hc2cb_20(void)","OK","libfftw3-3.dll.decompiled.part-0001.c"
"7074c120","fftw_codelet_hc2cb_20","undefined fftw_codelet_hc2cb_20(void)","OK","libfftw3-3.dll.decompiled.part-0001.c"
"7074c140","hc2cb2_4","undefined hc2cb2_4(void)","OK","libfftw3-3.dll.decompiled.part-0001.c"
"7074c3d0","fftw_codelet_hc2cb2_4","undefined fftw_codelet_hc2cb2_4(void)","OK","libfftw3-3.dll.decompiled.part-0001.c"
"7074c3f0","hc2cb2_8","undefined hc2cb2_8(void)","OK","libfftw3-3.dll.decompiled.part-0001.c"
"7074cb00","fftw_codelet_hc2cb2_8","undefined fftw_codelet_hc2cb2_8(void)","OK","libfftw3-3.dll.decompiled.part-0001.c"
"7074cb20","hc2cb2_16","undefined hc2cb2_16(void)","OK","libfftw3-3.dll.decompiled.part-0001.c"
"7074dcd0","fftw_codelet_hc2cb2_16","undefined fftw_codelet_hc2cb2_16(void)","OK","libfftw3-3.dll.decompiled.part-0001.c"
"7074dcf0","hc2cb2_32","undefined hc2cb2_32(void)","OK","libfftw3-3.dll.decompiled.part-0001.c"
"70750a30","fftw_codelet_hc2cb2_32","undefined fftw_codelet_hc2cb2_32(void)","OK","libfftw3-3.dll.decompiled.part-0001.c"
"70750a50","hc2cb2_20","undefined hc2cb2_20(void)","OK","libfftw3-3.dll.decompiled.part-0001.c"
"70752500","fftw_codelet_hc2cb2_20","undefined fftw_codelet_hc2cb2_20(void)","OK","libfftw3-3.dll.decompiled.part-0001.c"
"70752520","hc2cbdft_2","undefined hc2cbdft_2(void)","OK","libfftw3-3.dll.decompiled.part-0001.c"
"70752610","fftw_codelet_hc2cbdft_2","undefined fftw_codelet_hc2cbdft_2(void)","OK","libfftw3-3.dll.decompiled.part-0001.c"
"70752630","hc2cbdft_4","undefined hc2cbdft_4(void)","OK","libfftw3-3.dll.decompiled.part-0001.c"
"707528a0","fftw_codelet_hc2cbdft_4","undefined fftw_codelet_hc2cbdft_4(void)","OK","libfftw3-3.dll.decompiled.part-0001.c"
"707528c0","hc2cbdft_6","undefined hc2cbdft_6(void)","OK","libfftw3-3.dll.decompiled.part-0001.c"
"70752d80","fftw_codelet_hc2cbdft_6","undefined fftw_codelet_hc2cbdft_6(void)","OK","libfftw3-3.dll.decompiled.part-0001.c"
"70752da0","hc2cbdft_8","undefined hc2cbdft_8(void)","OK","libfftw3-3.dll.decompiled.part-0001.c"
"707533f0","fftw_codelet_hc2cbdft_8","undefined fftw_codelet_hc2cbdft_8(void)","OK","libfftw3-3.dll.decompiled.part-0001.c"
"70753410","hc2cbdft_10","undefined hc2cbdft_10(void)","OK","libfftw3-3.dll.decompiled.part-0001.c"
"70753de0","fftw_codelet_hc2cbdft_10","undefined fftw_codelet_hc2cbdft_10(void)","OK","libfftw3-3.dll.decompiled.part-0001.c"
"70753e00","hc2cbdft_12","undefined hc2cbdft_12(void)","OK","libfftw3-3.dll.decompiled.part-0001.c"
"70754900","fftw_codelet_hc2cbdft_12","undefined fftw_codelet_hc2cbdft_12(void)","OK","libfftw3-3.dll.decompiled.part-0001.c"
"70754920","hc2cbdft_16","undefined hc2cbdft_16(void)","OK","libfftw3-3.dll.decompiled.part-0001.c"
"707558f0","fftw_codelet_hc2cbdft_16","undefined fftw_codelet_hc2cbdft_16(void)","OK","libfftw3-3.dll.decompiled.part-0001.c"
"70755910","hc2cbdft_32","undefined hc2cbdft_32(void)","OK","libfftw3-3.dll.decompiled.part-0001.c"
"70757fd0","fftw_codelet_hc2cbdft_32","undefined fftw_codelet_hc2cbdft_32(void)","OK","libfftw3-3.dll.decompiled.part-0001.c"
"70757ff0","hc2cbdft_20","undefined hc2cbdft_20(void)","OK","libfftw3-3.dll.decompiled.part-0001.c"
"707597c0","fftw_codelet_hc2cbdft_20","undefined fftw_codelet_hc2cbdft_20(void)","OK","libfftw3-3.dll.decompiled.part-0001.c"
"707597e0","hc2cbdft2_4","undefined hc2cbdft2_4(void)","OK","libfftw3-3.dll.decompiled.part-0001.c"
"70759a50","fftw_codelet_hc2cbdft2_4","undefined fftw_codelet_hc2cbdft2_4(void)","OK","libfftw3-3.dll.decompiled.part-0001.c"
"70759a70","hc2cbdft2_8","undefined hc2cbdft2_8(void)","OK","libfftw3-3.dll.decompiled.part-0001.c"
"7075a0c0","fftw_codelet_hc2cbdft2_8","undefined fftw_codelet_hc2cbdft2_8(void)","OK","libfftw3-3.dll.decompiled.part-0001.c"
"7075a0e0","hc2cbdft2_16","undefined hc2cbdft2_16(void)","OK","libfftw3-3.dll.decompiled.part-0001.c"
"7075b0b0","fftw_codelet_hc2cbdft2_16","undefined fftw_codelet_hc2cbdft2_16(void)","OK","libfftw3-3.dll.decompiled.part-0001.c"
"7075b0d0","hc2cbdft2_32","undefined hc2cbdft2_32(void)","OK","libfftw3-3.dll.decompiled.part-0001.c"
"7075d790","fftw_codelet_hc2cbdft2_32","undefined fftw_codelet_hc2cbdft2_32(void)","OK","libfftw3-3.dll.decompiled.part-0001.c"
"7075d7b0","hc2cbdft2_20","undefined hc2cbdft2_20(void)","OK","libfftw3-3.dll.decompiled.part-0001.c"
"7075ef80","fftw_codelet_hc2cbdft2_20","undefined fftw_codelet_hc2cbdft2_20(void)","OK","libfftw3-3.dll.decompiled.part-0001.c"
"7075efa0",".text","undefined .text(void)","OK","libfftw3-3.dll.decompiled.part-0001.c"
"7075f270","fftw_codelet_e01_8","undefined fftw_codelet_e01_8(void)","OK","libfftw3-3.dll.decompiled.part-0001.c"
"7075f290","e10_8","undefined e10_8(void)","OK","libfftw3-3.dll.decompiled.part-0001.c"
"7075f560","fftw_codelet_e10_8","undefined fftw_codelet_e10_8(void)","OK","libfftw3-3.dll.decompiled.part-0001.c"
"7075f580",".text","undefined .text(void)","OK","libfftw3-3.dll.decompiled.part-0001.c"
"7075f590","apply_ro10","undefined apply_ro10(void)","OK","libfftw3-3.dll.decompiled.part-0001.c"
"7075ff40","apply_ro01","undefined apply_ro01(void)","OK","libfftw3-3.dll.decompiled.part-0001.c"
"70760660","apply_re10","undefined apply_re10(void)","OK","libfftw3-3.dll.decompiled.part-0001.c"
"70760d50","apply_re01","undefined apply_re01(void)","OK","libfftw3-3.dll.decompiled.part-0001.c"
"70761410","destroy","undefined destroy(void)","OK","libfftw3-3.dll.decompiled.part-0001.c"
"70761420","print","undefined print(void)","OK","libfftw3-3.dll.decompiled.part-0001.c"
"70761470","awake","undefined awake(void)","OK","libfftw3-3.dll.decompiled.part-0001.c"
"707614d0","mkplan","undefined mkplan(void)","OK","libfftw3-3.dll.decompiled.part-0001.c"
"70761750","fftw_reodft010e_r2hc_register","undefined fftw_reodft010e_r2hc_register(void)","OK","libfftw3-3.dll.decompiled.part-0001.c"
"70761780","apply_ro11","undefined apply_ro11(void)","OK","libfftw3-3.dll.decompiled.part-0001.c"
"70761d50","apply_re11","undefined apply_re11(void)","OK","libfftw3-3.dll.decompiled.part-0001.c"
"70762330","destroy","undefined destroy(void)","OK","libfftw3-3.dll.decompiled.part-0001.c"
"70762340","print","undefined print(void)","OK","libfftw3-3.dll.decompiled.part-0001.c"
"70762390","awake","undefined awake(void)","OK","libfftw3-3.dll.decompiled.part-0001.c"
"70762410","mkplan","undefined mkplan(void)","OK","libfftw3-3.dll.decompiled.part-0001.c"
"70762630","fftw_reodft11e_radix2_r2hc_register","undefined fftw_reodft11e_radix2_r2hc_register(void)","OK","libfftw3-3.dll.decompiled.part-0001.c"
"70762660","apply_ro11","undefined apply_ro11(void)","OK","libfftw3-3.dll.decompiled.part-0001.c"
"70763040","apply_re11","undefined apply_re11(void)","OK","libfftw3-3.dll.decompiled.part-0001.c"
"707639d0","destroy","undefined destroy(void)","OK","libfftw3-3.dll.decompiled.part-0001.c"
"707639e0","print","undefined print(void)","OK","libfftw3-3.dll.decompiled.part-0001.c"
"70763a30","awake","undefined awake(void)","OK","libfftw3-3.dll.decompiled.part-0001.c"
"70763a40","mkplan","undefined mkplan(void)","OK","libfftw3-3.dll.decompiled.part-0001.c"
"70763bd0","fftw_reodft11e_r2hc_odd_register","undefined fftw_reodft11e_r2hc_odd_register(void)","OK","libfftw3-3.dll.decompiled.part-0001.c"
"70763c00","print","undefined print(void)","OK","libfftw3-3.dll.decompiled.part-0001.c"
"70763c40","apply","undefined apply(void)","OK","libfftw3-3.dll.decompiled.part-0001.c"
"70763fa0","mkplan","undefined mkplan(void)","OK","libfftw3-3.dll.decompiled.part-0001.c"
"707641d0","destroy","undefined destroy(void)","OK","libfftw3-3.dll.decompiled.part-0001.c"
"707641f0","awake","undefined awake(void)","OK","libfftw3-3.dll.decompiled.part-0001.c"
"70764220","fftw_redft00e_r2hc_pad_register","undefined fftw_redft00e_r2hc_pad_register(void)","OK","libfftw3-3.dll.decompiled.part-0001.c"
"70764250","print","undefined print(void)","OK","libfftw3-3.dll.decompiled.part-0001.c"
"70764290","apply","undefined apply(void)","OK","libfftw3-3.dll.decompiled.part-0001.c"
"70764620","mkplan","undefined mkplan(void)","OK","libfftw3-3.dll.decompiled.part-0001.c"
"70764850","destroy","undefined destroy(void)","OK","libfftw3-3.dll.decompiled.part-0001.c"
"70764870","awake","undefined awake(void)","OK","libfftw3-3.dll.decompiled.part-0001.c"
"707648a0","fftw_rodft00e_r2hc_pad_register","undefined fftw_rodft00e_r2hc_pad_register(void)","OK","libfftw3-3.dll.decompiled.part-0001.c"
"707648d0","apply_o","undefined apply_o(void)","OK","libfftw3-3.dll.decompiled.part-0001.c"
"70764e50","apply_e","undefined apply_e(void)","OK","libfftw3-3.dll.decompiled.part-0001.c"
"70765240","destroy","undefined destroy(void)","OK","libfftw3-3.dll.decompiled.part-0001.c"
"70765260","awake","undefined awake(void)","OK","libfftw3-3.dll.decompiled.part-0001.c"
"707652c0","print","undefined print(void)","OK","libfftw3-3.dll.decompiled.part-0001.c"
"70765330","mkplan","undefined mkplan(void)","OK","libfftw3-3.dll.decompiled.part-0001.c"
"70765690","fftw_reodft00e_splitradix_register","undefined fftw_reodft00e_splitradix_register(void)","OK","libfftw3-3.dll.decompiled.part-0001.c"
"707656c0","mkplan","undefined mkplan(void)","OK","libfftw3-3.dll.decompiled.part-0001.c"
"70765810","fftw_set_planner_hooks","undefined fftw_set_planner_hooks(void)","OK","libfftw3-3.dll.decompiled.part-0001.c"
"70765820","fftw_mkapiplan","undefined fftw_mkapiplan(void)","OK","libfftw3-3.dll.decompiled.part-0001.c"
"707659f0","fftw_destroy_plan","undefined fftw_destroy_plan(void)","OK","libfftw3-3.dll.decompiled.part-0001.c"
"70765a50","fftw_alignment_of","undefined fftw_alignment_of(void)","OK","libfftw3-3.dll.decompiled.part-0001.c"
"70765a60","fftw_configure_planner","undefined fftw_configure_planner(void)","OK","libfftw3-3.dll.decompiled.part-0001.c"
"70765a90","fftw_execute_dft_c2r","undefined fftw_execute_dft_c2r(void)","OK","libfftw3-3.dll.decompiled.part-0001.c"
"70765ad0","fftw_execute_dft_r2c","undefined fftw_execute_dft_r2c(void)","OK","libfftw3-3.dll.decompiled.part-0001.c"
"70765b10","fftw_execute_dft","undefined fftw_execute_dft(void)","OK","libfftw3-3.dll.decompiled.part-0001.c"
"70765b60","fftw_execute_r2r","undefined fftw_execute_r2r(void)","OK","libfftw3-3.dll.decompiled.part-0001.c"
"70765b70","fftw_execute_split_dft_c2r","undefined fftw_execute_split_dft_c2r(void)","OK","libfftw3-3.dll.decompiled.part-0001.c"
"70765bb0","fftw_execute_split_dft_r2c","undefined fftw_execute_split_dft_r2c(void)","OK","libfftw3-3.dll.decompiled.part-0001.c"
"70765be0","fftw_execute_split_dft","undefined fftw_execute_split_dft(void)","OK","libfftw3-3.dll.decompiled.part-0001.c"
"70765bf0","fftw_execute","undefined fftw_execute(void)","OK","libfftw3-3.dll.decompiled.part-0001.c"
"70765c10","fftw_export_wisdom_to_file","undefined fftw_export_wisdom_to_file(void)","OK","libfftw3-3.dll.decompiled.part-0001.c"
"70765c40","fftw_export_wisdom_to_filename","undefined fftw_export_wisdom_to_filename(void)","OK","libfftw3-3.dll.decompiled.part-0001.c"
"70765cb0","fftw_export_wisdom_to_string","undefined fftw_export_wisdom_to_string(void)","OK","libfftw3-3.dll.decompiled.part-0001.c"
"70765d20","putchr_generic","undefined putchr_generic(void)","OK","libfftw3-3.dll.decompiled.part-0001.c"
"70765d40","fftw_export_wisdom","undefined fftw_export_wisdom(void)","OK","libfftw3-3.dll.decompiled.part-0001.c"
"70765d90","write_char","undefined write_char(void)","OK","libfftw3-3.dll.decompiled.part-0001.c"
"70765db0","read_char","undefined read_char(void)","OK","libfftw3-3.dll.decompiled.part-0001.c"
"70765de0","dfftw_execute__","undefined dfftw_execute__(void)","OK","libfftw3-3.dll.decompiled.part-0001.c"
"70765df0","dfftw_destroy_plan__","undefined dfftw_destroy_plan__(void)","OK","libfftw3-3.dll.decompiled.part-0001.c"
"70765e00","dfftw_cleanup__","undefined dfftw_cleanup__(void)","OK","libfftw3-3.dll.decompiled.part-0001.c"
"70765e10","dfftw_forget_wisdom__","undefined dfftw_forget_wisdom__(void)","OK","libfftw3-3.dll.decompiled.part-0001.c"
"70765e20","dfftw_export_wisdom__","undefined dfftw_export_wisdom__(void)","OK","libfftw3-3.dll.decompiled.part-0001.c"
"70765e50","dfftw_import_wisdom__","undefined dfftw_import_wisdom__(void)","OK","libfftw3-3.dll.decompiled.part-0001.c"
"70765e80","dfftw_import_system_wisdom__","undefined dfftw_import_system_wisdom__(void)","OK","libfftw3-3.dll.decompiled.part-0001.c"
"70765ea0","dfftw_print_plan__","undefined dfftw_print_plan__(void)","OK","libfftw3-3.dll.decompiled.part-0001.c"
"70765ed0","dfftw_flops__","undefined dfftw_flops__(void)","OK","libfftw3-3.dll.decompiled.part-0001.c"
"70765ee0","dfftw_estimate_cost__","undefined dfftw_estimate_cost__(void)","OK","libfftw3-3.dll.decompiled.part-0001.c"
"70765f00","dfftw_cost__","undefined dfftw_cost__(void)","OK","libfftw3-3.dll.decompiled.part-0001.c"
"70765f20","dfftw_set_timelimit__","undefined dfftw_set_timelimit__(void)","OK","libfftw3-3.dll.decompiled.part-0001.c"
"70765f30","dfftw_plan_dft__","undefined dfftw_plan_dft__(void)","OK","libfftw3-3.dll.decompiled.part-0001.c"
"707660d0","dfftw_plan_dft_1d__","undefined dfftw_plan_dft_1d__(void)","OK","libfftw3-3.dll.decompiled.part-0001.c"
"70766110","dfftw_plan_dft_2d__","undefined dfftw_plan_dft_2d__(void)","OK","libfftw3-3.dll.decompiled.part-0001.c"
"70766150","dfftw_plan_dft_3d__","undefined dfftw_plan_dft_3d__(void)","OK","libfftw3-3.dll.decompiled.part-0001.c"
"707661b0","dfftw_plan_many_dft__","undefined dfftw_plan_many_dft__(void)","OK","libfftw3-3.dll.decompiled.part-0001.c"
"707666a0","dfftw_plan_guru_dft__","undefined dfftw_plan_guru_dft__(void)","OK","libfftw3-3.dll.decompiled.part-0001.c"
"70766830","dfftw_plan_guru_split_dft__","undefined dfftw_plan_guru_split_dft__(void)","OK","libfftw3-3.dll.decompiled.part-0001.c"
"707669f0","dfftw_execute_dft__","undefined dfftw_execute_dft__(void)","OK","libfftw3-3.dll.decompiled.part-0001.c"
"70766a40","dfftw_execute_split_dft__","undefined dfftw_execute_split_dft__(void)","OK","libfftw3-3.dll.decompiled.part-0001.c"
"70766a50","dfftw_plan_dft_r2c__","undefined dfftw_plan_dft_r2c__(void)","OK","libfftw3-3.dll.decompiled.part-0001.c"
"70766bd0","dfftw_plan_dft_r2c_1d__","undefined dfftw_plan_dft_r2c_1d__(void)","OK","libfftw3-3.dll.decompiled.part-0001.c"
"70766c00","dfftw_plan_dft_r2c_2d__","undefined dfftw_plan_dft_r2c_2d__(void)","OK","libfftw3-3.dll.decompiled.part-0001.c"
"70766c30","dfftw_plan_dft_r2c_3d__","undefined dfftw_plan_dft_r2c_3d__(void)","OK","libfftw3-3.dll.decompiled.part-0001.c"
"70766c70","dfftw_plan_many_dft_r2c__","undefined dfftw_plan_many_dft_r2c__(void)","OK","libfftw3-3.dll.decompiled.part-0001.c"
"70767130","dfftw_plan_guru_dft_r2c__","undefined dfftw_plan_guru_dft_r2c__(void)","OK","libfftw3-3.dll.decompiled.part-0001.c"
"707672b0","dfftw_plan_guru_split_dft_r2c__","undefined dfftw_plan_guru_split_dft_r2c__(void)","OK","libfftw3-3.dll.decompiled.part-0001.c"
"70767440","dfftw_execute_dft_r2c__","undefined dfftw_execute_dft_r2c__(void)","OK","libfftw3-3.dll.decompiled.part-0001.c"
"70767480","dfftw_execute_split_dft_r2c__","undefined dfftw_execute_split_dft_r2c__(void)","OK","libfftw3-3.dll.decompiled.part-0001.c"
"707674c0","dfftw_plan_dft_c2r__","undefined dfftw_plan_dft_c2r__(void)","OK","libfftw3-3.dll.decompiled.part-0001.c"
"70767640","dfftw_plan_dft_c2r_1d__","undefined dfftw_plan_dft_c2r_1d__(void)","OK","libfftw3-3.dll.decompiled.part-0001.c"
"70767670","dfftw_plan_dft_c2r_2d__","undefined dfftw_plan_dft_c2r_2d__(void)","OK","libfftw3-3.dll.decompiled.part-0001.c"
"707676a0","dfftw_plan_dft_c2r_3d__","undefined dfftw_plan_dft_c2r_3d__(void)","OK","libfftw3-3.dll.decompiled.part-0001.c"
"707676e0","dfftw_plan_many_dft_c2r__","undefined dfftw_plan_many_dft_c2r__(void)","OK","libfftw3-3.dll.decompiled.part-0001.c"
"70767ba0","dfftw_plan_guru_dft_c2r__","undefined dfftw_plan_guru_dft_c2r__(void)","OK","libfftw3-3.dll.decompiled.part-0001.c"
"70767d20","dfftw_plan_guru_split_dft_c2r__","undefined dfftw_plan_guru_split_dft_c2r__(void)","OK","libfftw3-3.dll.decompiled.part-0001.c"
"70767ec0","dfftw_execute_dft_c2r__","undefined dfftw_execute_dft_c2r__(void)","OK","libfftw3-3.dll.decompiled.part-0001.c"
"70767f00","dfftw_execute_split_dft_c2r__","undefined dfftw_execute_split_dft_c2r__(void)","OK","libfftw3-3.dll.decompiled.part-0001.c"
"70767f40","dfftw_plan_r2r__","undefined dfftw_plan_r2r__(void)","OK","libfftw3-3.dll.decompiled.part-0001.c"
"707681b0","dfftw_plan_r2r_1d__","undefined dfftw_plan_r2r_1d__(void)","OK","libfftw3-3.dll.decompiled.part-0001.c"
"707681f0","dfftw_plan_r2r_2d__","undefined dfftw_plan_r2r_2d__(void)","OK","libfftw3-3.dll.decompiled.part-0001.c"
"70768240","dfftw_plan_r2r_3d__","undefined dfftw_plan_r2r_3d__(void)","OK","libfftw3-3.dll.decompiled.part-0001.c"
"707682c0","dfftw_plan_many_r2r__","undefined dfftw_plan_many_r2r__(void)","OK","libfftw3-3.dll.decompiled.part-0001.c"
"707688d0","dfftw_plan_guru_r2r__","undefined dfftw_plan_guru_r2r__(void)","OK","libfftw3-3.dll.decompiled.part-0001.c"
"70768b50","dfftw_execute_r2r__","undefined dfftw_execute_r2r__(void)","OK","libfftw3-3.dll.decompiled.part-0001.c"
"70768b60","dfftw_execute_","undefined dfftw_execute_(void)","OK","libfftw3-3.dll.decompiled.part-0001.c"
"70768b70","dfftw_destroy_plan_","undefined dfftw_destroy_plan_(void)","OK","libfftw3-3.dll.decompiled.part-0001.c"
"70768b80","dfftw_cleanup_","undefined dfftw_cleanup_(void)","OK","libfftw3-3.dll.decompiled.part-0001.c"
"70768b90","dfftw_forget_wisdom_","undefined dfftw_forget_wisdom_(void)","OK","libfftw3-3.dll.decompiled.part-0001.c"
"70768ba0","dfftw_export_wisdom_","undefined dfftw_export_wisdom_(void)","OK","libfftw3-3.dll.decompiled.part-0001.c"
"70768bd0","dfftw_import_wisdom_","undefined dfftw_import_wisdom_(void)","OK","libfftw3-3.dll.decompiled.part-0001.c"
"70768c00","dfftw_import_system_wisdom_","undefined dfftw_import_system_wisdom_(void)","OK","libfftw3-3.dll.decompiled.part-0001.c"
"70768c20","dfftw_print_plan_","undefined dfftw_print_plan_(void)","OK","libfftw3-3.dll.decompiled.part-0001.c"
"70768c50","dfftw_flops_","undefined dfftw_flops_(void)","OK","libfftw3-3.dll.decompiled.part-0001.c"
"70768c60","dfftw_estimate_cost_","undefined dfftw_estimate_cost_(void)","OK","libfftw3-3.dll.decompiled.part-0001.c"
"70768c80","dfftw_cost_","undefined dfftw_cost_(void)","OK","libfftw3-3.dll.decompiled.part-0001.c"
"70768ca0","dfftw_set_timelimit_","undefined dfftw_set_timelimit_(void)","OK","libfftw3-3.dll.decompiled.part-0001.c"
"70768cb0","dfftw_plan_dft_","undefined dfftw_plan_dft_(void)","OK","libfftw3-3.dll.decompiled.part-0001.c"
"70768e50","dfftw_plan_dft_1d_","undefined dfftw_plan_dft_1d_(void)","OK","libfftw3-3.dll.decompiled.part-0001.c"
"70768e90","dfftw_plan_dft_2d_","undefined dfftw_plan_dft_2d_(void)","OK","libfftw3-3.dll.decompiled.part-0001.c"
"70768ed0","dfftw_plan_dft_3d_","undefined dfftw_plan_dft_3d_(void)","OK","libfftw3-3.dll.decompiled.part-0001.c"
"70768f30","dfftw_plan_many_dft_","undefined dfftw_plan_many_dft_(void)","OK","libfftw3-3.dll.decompiled.part-0001.c"
"70769420","dfftw_plan_guru_dft_","undefined dfftw_plan_guru_dft_(void)","OK","libfftw3-3.dll.decompiled.part-0001.c"
"707695b0","dfftw_plan_guru_split_dft_","undefined dfftw_plan_guru_split_dft_(void)","OK","libfftw3-3.dll.decompiled.part-0001.c"
"70769770","dfftw_execute_dft_","undefined dfftw_execute_dft_(void)","OK","libfftw3-3.dll.decompiled.part-0001.c"
"707697c0","dfftw_execute_split_dft_","undefined dfftw_execute_split_dft_(void)","OK","libfftw3-3.dll.decompiled.part-0001.c"
"707697d0","dfftw_plan_dft_r2c_","undefined dfftw_plan_dft_r2c_(void)","OK","libfftw3-3.dll.decompiled.part-0001.c"
"70769950","dfftw_plan_dft_r2c_1d_","undefined dfftw_plan_dft_r2c_1d_(void)","OK","libfftw3-3.dll.decompiled.part-0001.c"
"70769980","dfftw_plan_dft_r2c_2d_","undefined dfftw_plan_dft_r2c_2d_(void)","OK","libfftw3-3.dll.decompiled.part-0001.c"
"707699b0","dfftw_plan_dft_r2c_3d_","undefined dfftw_plan_dft_r2c_3d_(void)","OK","libfftw3-3.dll.decompiled.part-0001.c"
"707699f0","dfftw_plan_many_dft_r2c_","undefined dfftw_plan_many_dft_r2c_(void)","OK","libfftw3-3.dll.decompiled.part-0001.c"
"70769eb0","dfftw_plan_guru_dft_r2c_","undefined dfftw_plan_guru_dft_r2c_(void)","OK","libfftw3-3.dll.decompiled.part-0001.c"
"7076a030","dfftw_plan_guru_split_dft_r2c_","undefined dfftw_plan_guru_split_dft_r2c_(void)","OK","libfftw3-3.dll.decompiled.part-0001.c"
"7076a1c0","dfftw_execute_dft_r2c_","undefined dfftw_execute_dft_r2c_(void)","OK","libfftw3-3.dll.decompiled.part-0001.c"
"7076a200","dfftw_execute_split_dft_r2c_","undefined dfftw_execute_split_dft_r2c_(void)","OK","libfftw3-3.dll.decompiled.part-0001.c"
"7076a240","dfftw_plan_dft_c2r_","undefined dfftw_plan_dft_c2r_(void)","OK","libfftw3-3.dll.decompiled.part-0001.c"
"7076a3c0","dfftw_plan_dft_c2r_1d_","undefined dfftw_plan_dft_c2r_1d_(void)","OK","libfftw3-3.dll.decompiled.part-0001.c"
"7076a3f0","dfftw_plan_dft_c2r_2d_","undefined dfftw_plan_dft_c2r_2d_(void)","OK","libfftw3-3.dll.decompiled.part-0001.c"
"7076a420","dfftw_plan_dft_c2r_3d_","undefined dfftw_plan_dft_c2r_3d_(void)","OK","libfftw3-3.dll.decompiled.part-0001.c"
"7076a460","dfftw_plan_many_dft_c2r_","undefined dfftw_plan_many_dft_c2r_(void)","OK","libfftw3-3.dll.decompiled.part-0001.c"
"7076a920","dfftw_plan_guru_dft_c2r_","undefined dfftw_plan_guru_dft_c2r_(void)","OK","libfftw3-3.dll.decompiled.part-0001.c"
"7076aaa0","dfftw_plan_guru_split_dft_c2r_","undefined dfftw_plan_guru_split_dft_c2r_(void)","OK","libfftw3-3.dll.decompiled.part-0001.c"
"7076ac30","dfftw_execute_dft_c2r_","undefined dfftw_execute_dft_c2r_(void)","OK","libfftw3-3.dll.decompiled.part-0001.c"
"7076ac70","dfftw_execute_split_dft_c2r_","undefined dfftw_execute_split_dft_c2r_(void)","OK","libfftw3-3.dll.decompiled.part-0001.c"
"7076acb0","dfftw_plan_r2r_","undefined dfftw_plan_r2r_(void)","OK","libfftw3-3.dll.decompiled.part-0001.c"
"7076af20","dfftw_plan_r2r_1d_","undefined dfftw_plan_r2r_1d_(void)","OK","libfftw3-3.dll.decompiled.part-0001.c"
"7076af60","dfftw_plan_r2r_2d_","undefined dfftw_plan_r2r_2d_(void)","OK","libfftw3-3.dll.decompiled.part-0001.c"
"7076afb0","dfftw_plan_r2r_3d_","undefined dfftw_plan_r2r_3d_(void)","OK","libfftw3-3.dll.decompiled.part-0001.c"
"7076b030","dfftw_plan_many_r2r_","undefined dfftw_plan_many_r2r_(void)","OK","libfftw3-3.dll.decompiled.part-0001.c"
"7076b640","dfftw_plan_guru_r2r_","undefined dfftw_plan_guru_r2r_(void)","OK","libfftw3-3.dll.decompiled.part-0001.c"
"7076b8c0","dfftw_execute_r2r_","undefined dfftw_execute_r2r_(void)","OK","libfftw3-3.dll.decompiled.part-0001.c"
"7076b8d0","DFFTW_EXECUTE","undefined DFFTW_EXECUTE(void)","OK","libfftw3-3.dll.decompiled.part-0001.c"
"7076b8e0","DFFTW_DESTROY_PLAN","undefined DFFTW_DESTROY_PLAN(void)","OK","libfftw3-3.dll.decompiled.part-0001.c"
"7076b8f0","DFFTW_CLEANUP","undefined DFFTW_CLEANUP(void)","OK","libfftw3-3.dll.decompiled.part-0001.c"
"7076b900","DFFTW_FORGET_WISDOM","undefined DFFTW_FORGET_WISDOM(void)","OK","libfftw3-3.dll.decompiled.part-0001.c"
"7076b910","DFFTW_EXPORT_WISDOM","undefined DFFTW_EXPORT_WISDOM(void)","OK","libfftw3-3.dll.decompiled.part-0001.c"
"7076b940","DFFTW_IMPORT_WISDOM","undefined DFFTW_IMPORT_WISDOM(void)","OK","libfftw3-3.dll.decompiled.part-0001.c"
"7076b970","DFFTW_IMPORT_SYSTEM_WISDOM","undefined DFFTW_IMPORT_SYSTEM_WISDOM(void)","OK","libfftw3-3.dll.decompiled.part-0001.c"
"7076b990","DFFTW_PRINT_PLAN","undefined DFFTW_PRINT_PLAN(void)","OK","libfftw3-3.dll.decompiled.part-0001.c"
"7076b9c0","DFFTW_FLOPS","undefined DFFTW_FLOPS(void)","OK","libfftw3-3.dll.decompiled.part-0001.c"
"7076b9d0","DFFTW_ESTIMATE_COST","undefined DFFTW_ESTIMATE_COST(void)","OK","libfftw3-3.dll.decompiled.part-0001.c"
"7076b9f0","DFFTW_COST","undefined DFFTW_COST(void)","OK","libfftw3-3.dll.decompiled.part-0001.c"
"7076ba10","DFFTW_SET_TIMELIMIT","undefined DFFTW_SET_TIMELIMIT(void)","OK","libfftw3-3.dll.decompiled.part-0001.c"
"7076ba20","DFFTW_PLAN_DFT","undefined DFFTW_PLAN_DFT(void)","OK","libfftw3-3.dll.decompiled.part-0001.c"
"7076bbc0","DFFTW_PLAN_DFT_1D","undefined DFFTW_PLAN_DFT_1D(void)","OK","libfftw3-3.dll.decompiled.part-0001.c"
"7076bc00","DFFTW_PLAN_DFT_2D","undefined DFFTW_PLAN_DFT_2D(void)","OK","libfftw3-3.dll.decompiled.part-0001.c"
"7076bc40","DFFTW_PLAN_DFT_3D","undefined DFFTW_PLAN_DFT_3D(void)","OK","libfftw3-3.dll.decompiled.part-0001.c"
"7076bca0","DFFTW_PLAN_MANY_DFT","undefined DFFTW_PLAN_MANY_DFT(void)","OK","libfftw3-3.dll.decompiled.part-0001.c"
"7076c190","DFFTW_PLAN_GURU_DFT","undefined DFFTW_PLAN_GURU_DFT(void)","OK","libfftw3-3.dll.decompiled.part-0001.c"
"7076c320","DFFTW_PLAN_GURU_SPLIT_DFT","undefined DFFTW_PLAN_GURU_SPLIT_DFT(void)","OK","libfftw3-3.dll.decompiled.part-0001.c"
"7076c4e0","DFFTW_EXECUTE_DFT","undefined DFFTW_EXECUTE_DFT(void)","OK","libfftw3-3.dll.decompiled.part-0001.c"
"7076c530","DFFTW_EXECUTE_SPLIT_DFT","undefined DFFTW_EXECUTE_SPLIT_DFT(void)","OK","libfftw3-3.dll.decompiled.part-0001.c"
"7076c540","DFFTW_PLAN_DFT_R2C","undefined DFFTW_PLAN_DFT_R2C(void)","OK","libfftw3-3.dll.decompiled.part-0001.c"
"7076c6c0","DFFTW_PLAN_DFT_R2C_1D","undefined DFFTW_PLAN_DFT_R2C_1D(void)","OK","libfftw3-3.dll.decompiled.part-0001.c"
"7076c6f0","DFFTW_PLAN_DFT_R2C_2D","undefined DFFTW_PLAN_DFT_R2C_2D(void)","OK","libfftw3-3.dll.decompiled.part-0001.c"
"7076c720","DFFTW_PLAN_DFT_R2C_3D","undefined DFFTW_PLAN_DFT_R2C_3D(void)","OK","libfftw3-3.dll.decompiled.part-0001.c"
"7076c760","DFFTW_PLAN_MANY_DFT_R2C","undefined DFFTW_PLAN_MANY_DFT_R2C(void)","OK","libfftw3-3.dll.decompiled.part-0001.c"
"7076cc20","DFFTW_PLAN_GURU_DFT_R2C","undefined DFFTW_PLAN_GURU_DFT_R2C(void)","OK","libfftw3-3.dll.decompiled.part-0001.c"
"7076cda0","DFFTW_PLAN_GURU_SPLIT_DFT_R2C","undefined DFFTW_PLAN_GURU_SPLIT_DFT_R2C(void)","OK","libfftw3-3.dll.decompiled.part-0001.c"
"7076cf30","DFFTW_EXECUTE_DFT_R2C","undefined DFFTW_EXECUTE_DFT_R2C(void)","OK","libfftw3-3.dll.decompiled.part-0001.c"
"7076cf70","DFFTW_EXECUTE_SPLIT_DFT_R2C","undefined DFFTW_EXECUTE_SPLIT_DFT_R2C(void)","OK","libfftw3-3.dll.decompiled.part-0001.c"
"7076cfb0","DFFTW_PLAN_DFT_C2R","undefined DFFTW_PLAN_DFT_C2R(void)","OK","libfftw3-3.dll.decompiled.part-0001.c"
"7076d130","DFFTW_PLAN_DFT_C2R_1D","undefined DFFTW_PLAN_DFT_C2R_1D(void)","OK","libfftw3-3.dll.decompiled.part-0001.c"
"7076d160","DFFTW_PLAN_DFT_C2R_2D","undefined DFFTW_PLAN_DFT_C2R_2D(void)","OK","libfftw3-3.dll.decompiled.part-0001.c"
"7076d190","DFFTW_PLAN_DFT_C2R_3D","undefined DFFTW_PLAN_DFT_C2R_3D(void)","OK","libfftw3-3.dll.decompiled.part-0001.c"
"7076d1d0","DFFTW_PLAN_MANY_DFT_C2R","undefined DFFTW_PLAN_MANY_DFT_C2R(void)","OK","libfftw3-3.dll.decompiled.part-0001.c"
"7076d690","DFFTW_PLAN_GURU_DFT_C2R","undefined DFFTW_PLAN_GURU_DFT_C2R(void)","OK","libfftw3-3.dll.decompiled.part-0001.c"
"7076d810","DFFTW_PLAN_GURU_SPLIT_DFT_C2R","undefined DFFTW_PLAN_GURU_SPLIT_DFT_C2R(void)","OK","libfftw3-3.dll.decompiled.part-0001.c"
"7076d9a0","DFFTW_EXECUTE_DFT_C2R","undefined DFFTW_EXECUTE_DFT_C2R(void)","OK","libfftw3-3.dll.decompiled.part-0001.c"
"7076d9e0","DFFTW_EXECUTE_SPLIT_DFT_C2R","undefined DFFTW_EXECUTE_SPLIT_DFT_C2R(void)","OK","libfftw3-3.dll.decompiled.part-0001.c"
"7076da20","DFFTW_PLAN_R2R","undefined DFFTW_PLAN_R2R(void)","OK","libfftw3-3.dll.decompiled.part-0001.c"
"7076dc90","DFFTW_PLAN_R2R_1D","undefined DFFTW_PLAN_R2R_1D(void)","OK","libfftw3-3.dll.decompiled.part-0001.c"
"7076dcd0","DFFTW_PLAN_R2R_2D","undefined DFFTW_PLAN_R2R_2D(void)","OK","libfftw3-3.dll.decompiled.part-0001.c"
"7076dd20","DFFTW_PLAN_R2R_3D","undefined DFFTW_PLAN_R2R_3D(void)","OK","libfftw3-3.dll.decompiled.part-0001.c"
"7076dda0","DFFTW_PLAN_MANY_R2R","undefined DFFTW_PLAN_MANY_R2R(void)","OK","libfftw3-3.dll.decompiled.part-0001.c"
"7076e3b0","DFFTW_PLAN_GURU_R2R","undefined DFFTW_PLAN_GURU_R2R(void)","OK","libfftw3-3.dll.decompiled.part-0001.c"
"7076e630","DFFTW_EXECUTE_R2R","undefined DFFTW_EXECUTE_R2R(void)","OK","libfftw3-3.dll.decompiled.part-0001.c"
"7076e640","fftw_flops","undefined fftw_flops(void)","OK","libfftw3-3.dll.decompiled.part-0001.c"
"7076e6d0","fftw_estimate_cost","undefined fftw_estimate_cost(void)","OK","libfftw3-3.dll.decompiled.part-0001.c"
"7076e700","fftw_cost","undefined fftw_cost(void)","OK","libfftw3-3.dll.decompiled.part-0001.c"
"7076e710","fftw_forget_wisdom","undefined fftw_forget_wisdom(void)","OK","libfftw3-3.dll.decompiled.part-0001.c"
"7076e730","fftw_import_system_wisdom","undefined fftw_import_system_wisdom(void)","OK","libfftw3-3.dll.decompiled.part-0001.c"
"7076e740","getchr_file","undefined getchr_file(void)","OK","libfftw3-3.dll.decompiled.part-0001.c"
"7076e7b0","fftw_import_wisdom_from_file","undefined fftw_import_wisdom_from_file(void)","OK","libfftw3-3.dll.decompiled.part-0001.c"
"7076e810","fftw_import_wisdom_from_filename","undefined fftw_import_wisdom_from_filename(void)","OK","libfftw3-3.dll.decompiled.part-0001.c"
"7076e890","getchr_str","undefined getchr_str(void)","OK","libfftw3-3.dll.decompiled.part-0001.c"
"7076e8b0","fftw_import_wisdom_from_string","undefined fftw_import_wisdom_from_string(void)","OK","libfftw3-3.dll.decompiled.part-0001.c"
"7076e900","getchr_generic","undefined getchr_generic(void)","OK","libfftw3-3.dll.decompiled.part-0001.c"
"7076e910","fftw_import_wisdom","undefined fftw_import_wisdom(void)","OK","libfftw3-3.dll.decompiled.part-0001.c"
"7076e960","fftw_malloc","undefined fftw_malloc(void)","OK","libfftw3-3.dll.decompiled.part-0001.c"
"7076e970","fftw_free","undefined fftw_free(void)","OK","libfftw3-3.dll.decompiled.part-0001.c"
"7076e980","fftw_alloc_real","undefined fftw_alloc_real(void)","OK","libfftw3-3.dll.decompiled.part-0001.c"
"7076e990","fftw_alloc_complex","undefined fftw_alloc_complex(void)","OK","libfftw3-3.dll.decompiled.part-0001.c"
"7076e9a0","fftw_map_r2r_kind","undefined fftw_map_r2r_kind(void)","OK","libfftw3-3.dll.decompiled.part-0001.c"
"7076ea10","fftw_mapflags","undefined fftw_mapflags(void)","OK","libfftw3-3.dll.decompiled.part-0001.c"
"7076ed90","mycleanup","undefined mycleanup(void)","OK","libfftw3-3.dll.decompiled.part-0001.c"
"7076edd0","myputchr","undefined myputchr(void)","OK","libfftw3-3.dll.decompiled.part-0001.c"
"7076ee30","fftw_mkprinter_file","undefined fftw_mkprinter_file(void)","OK","libfftw3-3.dll.decompiled.part-0001.c"
"7076ee70","putchr_cnt","undefined putchr_cnt(void)","OK","libfftw3-3.dll.decompiled.part-0001.c"
"7076ee80","putchr_str","undefined putchr_str(void)","OK","libfftw3-3.dll.decompiled.part-0001.c"
"7076eea0","fftw_mkprinter_cnt","undefined fftw_mkprinter_cnt(void)","OK","libfftw3-3.dll.decompiled.part-0001.c"
"7076eed0","fftw_mkprinter_str","undefined fftw_mkprinter_str(void)","OK","libfftw3-3.dll.decompiled.part-0001.c"
"7076ef00","fftw_mktensor_iodims","undefined fftw_mktensor_iodims(void)","OK","libfftw3-3.dll.decompiled.part-0001.c"
"7076ef70","fftw_guru_kosherp","undefined fftw_guru_kosherp(void)","OK","libfftw3-3.dll.decompiled.part-0001.c"
"7076f000","fftw_mktensor_rowmajor","undefined fftw_mktensor_rowmajor(void)","OK","libfftw3-3.dll.decompiled.part-0001.c"
"7076f0b0","fftw_many_kosherp","undefined fftw_many_kosherp(void)","OK","libfftw3-3.dll.decompiled.part-0001.c"
"7076f110","fftw_plan_dft_1d","undefined fftw_plan_dft_1d(void)","OK","libfftw3-3.dll.decompiled.part-0001.c"
"7076f140","fftw_plan_dft_2d","undefined fftw_plan_dft_2d(void)","OK","libfftw3-3.dll.decompiled.part-0001.c"
"7076f170","fftw_plan_dft_3d","undefined fftw_plan_dft_3d(void)","OK","libfftw3-3.dll.decompiled.part-0001.c"
"7076f1c0","fftw_plan_dft_c2r_1d","undefined fftw_plan_dft_c2r_1d(void)","OK","libfftw3-3.dll.decompiled.part-0001.c"
"7076f1f0","fftw_plan_dft_c2r_2d","undefined fftw_plan_dft_c2r_2d(void)","OK","libfftw3-3.dll.decompiled.part-0001.c"
"7076f220","fftw_plan_dft_c2r_3d","undefined fftw_plan_dft_c2r_3d(void)","OK","libfftw3-3.dll.decompiled.part-0001.c"
"7076f260","fftw_plan_dft_c2r","undefined fftw_plan_dft_c2r(void)","OK","libfftw3-3.dll.decompiled.part-0001.c"
"7076f2c0","fftw_plan_dft_r2c_1d","undefined fftw_plan_dft_r2c_1d(void)","OK","libfftw3-3.dll.decompiled.part-0001.c"
"7076f2f0","fftw_plan_dft_r2c_2d","undefined fftw_plan_dft_r2c_2d(void)","OK","libfftw3-3.dll.decompiled.part-0001.c"
"7076f320","fftw_plan_dft_r2c_3d","undefined fftw_plan_dft_r2c_3d(void)","OK","libfftw3-3.dll.decompiled.part-0001.c"
"7076f360","fftw_plan_dft_r2c","undefined fftw_plan_dft_r2c(void)","OK","libfftw3-3.dll.decompiled.part-0001.c"
"7076f3c0","fftw_plan_dft","undefined fftw_plan_dft(void)","OK","libfftw3-3.dll.decompiled.part-0001.c"
"7076f430","fftw_plan_guru_dft_c2r","undefined fftw_plan_guru_dft_c2r(void)","OK","libfftw3-3.dll.decompiled.part-0001.c"
"7076f540","fftw_plan_guru_dft_r2c","undefined fftw_plan_guru_dft_r2c(void)","OK","libfftw3-3.dll.decompiled.part-0001.c"
"7076f640","fftw_plan_guru_dft","undefined fftw_plan_guru_dft(void)","OK","libfftw3-3.dll.decompiled.part-0001.c"
"7076f770","fftw_plan_guru_r2r","undefined fftw_plan_guru_r2r(void)","OK","libfftw3-3.dll.decompiled.part-0001.c"
"7076f860","fftw_plan_guru_split_dft_c2r","undefined fftw_plan_guru_split_dft_c2r(void)","OK","libfftw3-3.dll.decompiled.part-0001.c"
"7076f980","fftw_plan_guru_split_dft_r2c","undefined fftw_plan_guru_split_dft_r2c(void)","OK","libfftw3-3.dll.decompiled.part-0001.c"
"7076fa90","fftw_plan_guru_split_dft","undefined fftw_plan_guru_split_dft(void)","OK","libfftw3-3.dll.decompiled.part-0001.c"
"7076fc00","fftw_plan_many_dft_c2r","undefined fftw_plan_many_dft_c2r(void)","OK","libfftw3-3.dll.decompiled.part-0001.c"
"7076fda0","fftw_plan_many_dft_r2c","undefined fftw_plan_many_dft_r2c(void)","OK","libfftw3-3.dll.decompiled.part-0001.c"
"7076ff20","fftw_plan_many_dft","undefined fftw_plan_many_dft(void)","OK","libfftw3-3.dll.decompiled.part-0001.c"
"70770090","fftw_plan_many_r2r","undefined fftw_plan_many_r2r(void)","OK","libfftw3-3.dll.decompiled.part-0001.c"
"707701b0","fftw_plan_r2r_1d","undefined fftw_plan_r2r_1d(void)","OK","libfftw3-3.dll.decompiled.part-0001.c"
"707701f0","fftw_plan_r2r_2d","undefined fftw_plan_r2r_2d(void)","OK","libfftw3-3.dll.decompiled.part-0001.c"
"70770240","fftw_plan_r2r_3d","undefined fftw_plan_r2r_3d(void)","OK","libfftw3-3.dll.decompiled.part-0001.c"
"707702b0","fftw_plan_r2r","undefined fftw_plan_r2r(void)","OK","libfftw3-3.dll.decompiled.part-0001.c"
"70770320","fftw_sprint_plan","undefined fftw_sprint_plan(void)","OK","libfftw3-3.dll.decompiled.part-0001.c"
"70770390","fftw_fprint_plan","undefined fftw_fprint_plan(void)","OK","libfftw3-3.dll.decompiled.part-0001.c"
"707703c0","fftw_print_plan","undefined fftw_print_plan(void)","OK","libfftw3-3.dll.decompiled.part-0001.c"
"70770400","fftw_rdft2_pad","undefined fftw_rdft2_pad(void)","OK","libfftw3-3.dll.decompiled.part-0001.c"
"707704a0","fftw_the_planner","undefined fftw_the_planner(void)","OK","libfftw3-3.dll.decompiled.part-0001.c"
"707704e0","fftw_cleanup","undefined fftw_cleanup(void)","OK","libfftw3-3.dll.decompiled.part-0001.c"
"70770510","fftw_set_timelimit","undefined fftw_set_timelimit(void)","OK","libfftw3-3.dll.decompiled.part-0001.c"
"70770570","fftw_plan_guru64_dft_c2r","undefined fftw_plan_guru64_dft_c2r(void)","OK","libfftw3-3.dll.decompiled.part-0001.c"
"70770680","fftw_plan_guru64_dft_r2c","undefined fftw_plan_guru64_dft_r2c(void)","OK","libfftw3-3.dll.decompiled.part-0001.c"
"70770780","fftw_plan_guru64_dft","undefined fftw_plan_guru64_dft(void)","OK","libfftw3-3.dll.decompiled.part-0001.c"
"707708b0","fftw_plan_guru64_r2r","undefined fftw_plan_guru64_r2r(void)","OK","libfftw3-3.dll.decompiled.part-0001.c"
"707709a0","fftw_plan_guru64_split_dft_c2r","undefined fftw_plan_guru64_split_dft_c2r(void)","OK","libfftw3-3.dll.decompiled.part-0001.c"
"70770ac0","fftw_plan_guru64_split_dft_r2c","undefined fftw_plan_guru64_split_dft_r2c(void)","OK","libfftw3-3.dll.decompiled.part-0001.c"
"70770bd0","fftw_plan_guru64_split_dft","undefined fftw_plan_guru64_split_dft(void)","OK","libfftw3-3.dll.decompiled.part-0001.c"
"70770d40","fftw_mktensor_iodims64","undefined fftw_mktensor_iodims64(void)","OK","libfftw3-3.dll.decompiled.part-0001.c"
"70770f60","fftw_guru64_kosherp","undefined fftw_guru64_kosherp(void)","OK","libfftw3-3.dll.decompiled.part-0001.c"
"70770fe0","fftw_taint","undefined fftw_taint(void)","OK","libfftw3-3.dll.decompiled.part-0001.c"
"70770ff0","fftw_join_taint","undefined fftw_join_taint(void)","OK","libfftw3-3.dll.decompiled.part-0001.c"
"70771000","fftw_have_simd_sse2","undefined fftw_have_simd_sse2(void)","OK","libfftw3-3.dll.decompiled.part-0001.c"
"70771010","fftw_have_simd_avx","undefined fftw_have_simd_avx(void)","OK","libfftw3-3.dll.decompiled.part-0001.c"
"70771090",".text","undefined .text(void)","OK","libfftw3-3.dll.decompiled.part-0001.c"
"70771110","fftw_codelet_n1fv_2_sse2","undefined fftw_codelet_n1fv_2_sse2(void)","OK","libfftw3-3.dll.decompiled.part-0001.c"
"70771130","n1fv_3","undefined n1fv_3(void)","OK","libfftw3-3.dll.decompiled.part-0001.c"
"70771220","fftw_codelet_n1fv_3_sse2","undefined fftw_codelet_n1fv_3_sse2(void)","OK","libfftw3-3.dll.decompiled.part-0001.c"
"70771240","n1fv_4","undefined n1fv_4(void)","OK","libfftw3-3.dll.decompiled.part-0001.c"
"70771330","fftw_codelet_n1fv_4_sse2","undefined fftw_codelet_n1fv_4_sse2(void)","OK","libfftw3-3.dll.decompiled.part-0001.c"
"70771350","n1fv_5","undefined n1fv_5(void)","OK","libfftw3-3.dll.decompiled.part-0001.c"
"70771530","fftw_codelet_n1fv_5_sse2","undefined fftw_codelet_n1fv_5_sse2(void)","OK","libfftw3-3.dll.decompiled.part-0001.c"
"70771550","n1fv_6","undefined n1fv_6(void)","OK","libfftw3-3.dll.decompiled.part-0001.c"
"70771740","fftw_codelet_n1fv_6_sse2","undefined fftw_codelet_n1fv_6_sse2(void)","OK","libfftw3-3.dll.decompiled.part-0001.c"
"70771760","n1fv_7","undefined n1fv_7(void)","OK","libfftw3-3.dll.decompiled.part-0001.c"
"70771a90","fftw_codelet_n1fv_7_sse2","undefined fftw_codelet_n1fv_7_sse2(void)","OK","libfftw3-3.dll.decompiled.part-0001.c"
"70771ab0","n1fv_8","undefined n1fv_8(void)","OK","libfftw3-3.dll.decompiled.part-0001.c"
"70771d00","fftw_codelet_n1fv_8_sse2","undefined fftw_codelet_n1fv_8_sse2(void)","OK","libfftw3-3.dll.decompiled.part-0001.c"
"70771d20","n1fv_9","undefined n1fv_9(void)","OK","libfftw3-3.dll.decompiled.part-0001.c"
"70772130","fftw_codelet_n1fv_9_sse2","undefined fftw_codelet_n1fv_9_sse2(void)","OK","libfftw3-3.dll.decompiled.part-0001.c"
"70772150","n1fv_10","undefined n1fv_10(void)","OK","libfftw3-3.dll.decompiled.part-0001.c"
"707724c0","fftw_codelet_n1fv_10_sse2","undefined fftw_codelet_n1fv_10_sse2(void)","OK","libfftw3-3.dll.decompiled.part-0001.c"
"707724e0","n1fv_11","undefined n1fv_11(void)","OK","libfftw3-3.dll.decompiled.part-0001.c"
"70772b00","fftw_codelet_n1fv_11_sse2","undefined fftw_codelet_n1fv_11_sse2(void)","OK","libfftw3-3.dll.decompiled.part-0001.c"
"70772b20","n1fv_12","undefined n1fv_12(void)","OK","libfftw3-3.dll.decompiled.part-0001.c"
"70772ee0","fftw_codelet_n1fv_12_sse2","undefined fftw_codelet_n1fv_12_sse2(void)","OK","libfftw3-3.dll.decompiled.part-0001.c"
"70772f00","n1fv_13","undefined n1fv_13(void)","OK","libfftw3-3.dll.decompiled.part-0001.c"
"70773550","fftw_codelet_n1fv_13_sse2","undefined fftw_codelet_n1fv_13_sse2(void)","OK","libfftw3-3.dll.decompiled.part-0001.c"
"70773570","n1fv_14","undefined n1fv_14(void)","OK","libfftw3-3.dll.decompiled.part-0001.c"
"70773bb0","fftw_codelet_n1fv_14_sse2","undefined fftw_codelet_n1fv_14_sse2(void)","OK","libfftw3-3.dll.decompiled.part-0001.c"
"70773bd0","n1fv_15","undefined n1fv_15(void)","OK","libfftw3-3.dll.decompiled.part-0001.c"
"70774220","fftw_codelet_n1fv_15_sse2","undefined fftw_codelet_n1fv_15_sse2(void)","OK","libfftw3-3.dll.decompiled.part-0001.c"
"70774240","n1fv_16","undefined n1fv_16(void)","OK","libfftw3-3.dll.decompiled.part-0001.c"
"70774770","fftw_codelet_n1fv_16_sse2","undefined fftw_codelet_n1fv_16_sse2(void)","OK","libfftw3-3.dll.decompiled.part-0001.c"
"70774790","n1fv_32","undefined n1fv_32(void)","OK","libfftw3-3.dll.decompiled.part-0001.c"
"70775480","fftw_codelet_n1fv_32_sse2","undefined fftw_codelet_n1fv_32_sse2(void)","OK","libfftw3-3.dll.decompiled.part-0001.c"
"707754a0","n1fv_64","undefined n1fv_64(void)","OK","libfftw3-3.dll.decompiled.part-0001.c"
"707774a0","fftw_codelet_n1fv_64_sse2","undefined fftw_codelet_n1fv_64_sse2(void)","OK","libfftw3-3.dll.decompiled.part-0001.c"
"707774c0","n1fv_128","undefined n1fv_128(void)","OK","libfftw3-3.dll.decompiled.part-0001.c"
"7077c180","fftw_codelet_n1fv_128_sse2","undefined fftw_codelet_n1fv_128_sse2(void)","OK","libfftw3-3.dll.decompiled.part-0001.c"
"7077c1a0","n1fv_20","undefined n1fv_20(void)","OK","libfftw3-3.dll.decompiled.part-0001.c"
"7077c980","fftw_codelet_n1fv_20_sse2","undefined fftw_codelet_n1fv_20_sse2(void)","OK","libfftw3-3.dll.decompiled.part-0001.c"
"7077c9a0","n1fv_25","undefined n1fv_25(void)","OK","libfftw3-3.dll.decompiled.part-0001.c"
"7077dd80","fftw_codelet_n1fv_25_sse2","undefined fftw_codelet_n1fv_25_sse2(void)","OK","libfftw3-3.dll.decompiled.part-0001.c"
"7077dda0","n1bv_2","undefined n1bv_2(void)","OK","libfftw3-3.dll.decompiled.part-0001.c"
"7077de20","fftw_codelet_n1bv_2_sse2","undefined fftw_codelet_n1bv_2_sse2(void)","OK","libfftw3-3.dll.decompiled.part-0001.c"
"7077de40","n1bv_3","undefined n1bv_3(void)","OK","libfftw3-3.dll.decompiled.part-0001.c"
"7077df30","fftw_codelet_n1bv_3_sse2","undefined fftw_codelet_n1bv_3_sse2(void)","OK","libfftw3-3.dll.decompiled.part-0001.c"
"7077df50","n1bv_4","undefined n1bv_4(void)","OK","libfftw3-3.dll.decompiled.part-0001.c"
"7077e040","fftw_codelet_n1bv_4_sse2","undefined fftw_codelet_n1bv_4_sse2(void)","OK","libfftw3-3.dll.decompiled.part-0001.c"
"7077e060","n1bv_5","undefined n1bv_5(void)","OK","libfftw3-3.dll.decompiled.part-0001.c"
"7077e240","fftw_codelet_n1bv_5_sse2","undefined fftw_codelet_n1bv_5_sse2(void)","OK","libfftw3-3.dll.decompiled.part-0001.c"
"7077e260","n1bv_6","undefined n1bv_6(void)","OK","libfftw3-3.dll.decompiled.part-0001.c"
"7077e450","fftw_codelet_n1bv_6_sse2","undefined fftw_codelet_n1bv_6_sse2(void)","OK","libfftw3-3.dll.decompiled.part-0001.c"
"7077e470","n1bv_7","undefined n1bv_7(void)","OK","libfftw3-3.dll.decompiled.part-0001.c"
"7077e7a0","fftw_codelet_n1bv_7_sse2","undefined fftw_codelet_n1bv_7_sse2(void)","OK","libfftw3-3.dll.decompiled.part-0001.c"
"7077e7c0","n1bv_8","undefined n1bv_8(void)","OK","libfftw3-3.dll.decompiled.part-0001.c"
"7077ea00","fftw_codelet_n1bv_8_sse2","undefined fftw_codelet_n1bv_8_sse2(void)","OK","libfftw3-3.dll.decompiled.part-0001.c"
"7077ea20","n1bv_9","undefined n1bv_9(void)","OK","libfftw3-3.dll.decompiled.part-0001.c"
"7077ee40","fftw_codelet_n1bv_9_sse2","undefined fftw_codelet_n1bv_9_sse2(void)","OK","libfftw3-3.dll.decompiled.part-0001.c"
"7077ee60","n1bv_10","undefined n1bv_10(void)","OK","libfftw3-3.dll.decompiled.part-0001.c"
"7077f1e0","fftw_codelet_n1bv_10_sse2","undefined fftw_codelet_n1bv_10_sse2(void)","OK","libfftw3-3.dll.decompiled.part-0001.c"
"7077f200","n1bv_11","undefined n1bv_11(void)","OK","libfftw3-3.dll.decompiled.part-0001.c"
"7077f820","fftw_codelet_n1bv_11_sse2","undefined fftw_codelet_n1bv_11_sse2(void)","OK","libfftw3-3.dll.decompiled.part-0001.c"
"7077f840","n1bv_12","undefined n1bv_12(void)","OK","libfftw3-3.dll.decompiled.part-0001.c"
"7077fc10","fftw_codelet_n1bv_12_sse2","undefined fftw_codelet_n1bv_12_sse2(void)","OK","libfftw3-3.dll.decompiled.part-0001.c"
"7077fc30","n1bv_13","undefined n1bv_13(void)","OK","libfftw3-3.dll.decompiled.part-0001.c"
"70780290","fftw_codelet_n1bv_13_sse2","undefined fftw_codelet_n1bv_13_sse2(void)","OK","libfftw3-3.dll.decompiled.part-0001.c"
"707802b0","n1bv_14","undefined n1bv_14(void)","OK","libfftw3-3.dll.decompiled.part-0001.c"
"707808e0","fftw_codelet_n1bv_14_sse2","undefined fftw_codelet_n1bv_14_sse2(void)","OK","libfftw3-3.dll.decompiled.part-0001.c"
"70780900","n1bv_15","undefined n1bv_15(void)","OK","libfftw3-3.dll.decompiled.part-0001.c"
"70780f50","fftw_codelet_n1bv_15_sse2","undefined fftw_codelet_n1bv_15_sse2(void)","OK","libfftw3-3.dll.decompiled.part-0001.c"
"70780f70","n1bv_16","undefined n1bv_16(void)","OK","libfftw3-3.dll.decompiled.part-0001.c"
"707814b0","fftw_codelet_n1bv_16_sse2","undefined fftw_codelet_n1bv_16_sse2(void)","OK","libfftw3-3.dll.decompiled.part-0001.c"
"707814d0","n1bv_32","undefined n1bv_32(void)","OK","libfftw3-3.dll.decompiled.part-0001.c"
"707821b0","fftw_codelet_n1bv_32_sse2","undefined fftw_codelet_n1bv_32_sse2(void)","OK","libfftw3-3.dll.decompiled.part-0001.c"
"707821d0","n1bv_64","undefined n1bv_64(void)","OK","libfftw3-3.dll.decompiled.part-0001.c"
"70784210","fftw_codelet_n1bv_64_sse2","undefined fftw_codelet_n1bv_64_sse2(void)","OK","libfftw3-3.dll.decompiled.part-0001.c"
"70784230","n1bv_128","undefined n1bv_128(void)","OK","libfftw3-3.dll.decompiled.part-0002.c"
"70788e60","fftw_codelet_n1bv_128_sse2","undefined fftw_codelet_n1bv_128_sse2(void)","OK","libfftw3-3.dll.decompiled.part-0002.c"
"70788e80","n1bv_20","undefined n1bv_20(void)","OK","libfftw3-3.dll.decompiled.part-0002.c"
"70789670","fftw_codelet_n1bv_20_sse2","undefined fftw_codelet_n1bv_20_sse2(void)","OK","libfftw3-3.dll.decompiled.part-0002.c"
"70789690","n1bv_25","undefined n1bv_25(void)","OK","libfftw3-3.dll.decompiled.part-0002.c"
"7078aa40","fftw_codelet_n1bv_25_sse2","undefined fftw_codelet_n1bv_25_sse2(void)","OK","libfftw3-3.dll.decompiled.part-0002.c"
"7078aa60","n2fv_2","undefined n2fv_2(void)","OK","libfftw3-3.dll.decompiled.part-0002.c"
"7078aad0","fftw_codelet_n2fv_2_sse2","undefined fftw_codelet_n2fv_2_sse2(void)","OK","libfftw3-3.dll.decompiled.part-0002.c"
"7078aaf0","n2fv_4","undefined n2fv_4(void)","OK","libfftw3-3.dll.decompiled.part-0002.c"
"7078abc0","fftw_codelet_n2fv_4_sse2","undefined fftw_codelet_n2fv_4_sse2(void)","OK","libfftw3-3.dll.decompiled.part-0002.c"
"7078abe0","n2fv_6","undefined n2fv_6(void)","OK","libfftw3-3.dll.decompiled.part-0002.c"
"7078ada0","fftw_codelet_n2fv_6_sse2","undefined fftw_codelet_n2fv_6_sse2(void)","OK","libfftw3-3.dll.decompiled.part-0002.c"
"7078adc0","n2fv_8","undefined n2fv_8(void)","OK","libfftw3-3.dll.decompiled.part-0002.c"
"7078afe0","fftw_codelet_n2fv_8_sse2","undefined fftw_codelet_n2fv_8_sse2(void)","OK","libfftw3-3.dll.decompiled.part-0002.c"
"7078b000","n2fv_10","undefined n2fv_10(void)","OK","libfftw3-3.dll.decompiled.part-0002.c"
"7078b350","fftw_codelet_n2fv_10_sse2","undefined fftw_codelet_n2fv_10_sse2(void)","OK","libfftw3-3.dll.decompiled.part-0002.c"
"7078b370","n2fv_12","undefined n2fv_12(void)","OK","libfftw3-3.dll.decompiled.part-0002.c"
"7078b700","fftw_codelet_n2fv_12_sse2","undefined fftw_codelet_n2fv_12_sse2(void)","OK","libfftw3-3.dll.decompiled.part-0002.c"
"7078b720","n2fv_14","undefined n2fv_14(void)","OK","libfftw3-3.dll.decompiled.part-0002.c"
"7078bd20","fftw_codelet_n2fv_14_sse2","undefined fftw_codelet_n2fv_14_sse2(void)","OK","libfftw3-3.dll.decompiled.part-0002.c"
"7078bd40","n2fv_16","undefined n2fv_16(void)","OK","libfftw3-3.dll.decompiled.part-0002.c"
"7078c230","fftw_codelet_n2fv_16_sse2","undefined fftw_codelet_n2fv_16_sse2(void)","OK","libfftw3-3.dll.decompiled.part-0002.c"
"7078c250","n2fv_32","undefined n2fv_32(void)","OK","libfftw3-3.dll.decompiled.part-0002.c"
"7078cee0","fftw_codelet_n2fv_32_sse2","undefined fftw_codelet_n2fv_32_sse2(void)","OK","libfftw3-3.dll.decompiled.part-0002.c"
"7078cf00","n2fv_64","undefined n2fv_64(void)","OK","libfftw3-3.dll.decompiled.part-0002.c"
"7078ee10","fftw_codelet_n2fv_64_sse2","undefined fftw_codelet_n2fv_64_sse2(void)","OK","libfftw3-3.dll.decompiled.part-0002.c"
"7078ee30","n2fv_20","undefined n2fv_20(void)","OK","libfftw3-3.dll.decompiled.part-0002.c"
"7078f5e0","fftw_codelet_n2fv_20_sse2","undefined fftw_codelet_n2fv_20_sse2(void)","OK","libfftw3-3.dll.decompiled.part-0002.c"
"7078f600","n2bv_2","undefined n2bv_2(void)","OK","libfftw3-3.dll.decompiled.part-0002.c"
"7078f670","fftw_codelet_n2bv_2_sse2","undefined fftw_codelet_n2bv_2_sse2(void)","OK","libfftw3-3.dll.decompiled.part-0002.c"
"7078f690","n2bv_4","undefined n2bv_4(void)","OK","libfftw3-3.dll.decompiled.part-0002.c"
"7078f760","fftw_codelet_n2bv_4_sse2","undefined fftw_codelet_n2bv_4_sse2(void)","OK","libfftw3-3.dll.decompiled.part-0002.c"
"7078f780","n2bv_6","undefined n2bv_6(void)","OK","libfftw3-3.dll.decompiled.part-0002.c"
"7078f940","fftw_codelet_n2bv_6_sse2","undefined fftw_codelet_n2bv_6_sse2(void)","OK","libfftw3-3.dll.decompiled.part-0002.c"
"7078f960","n2bv_8","undefined n2bv_8(void)","OK","libfftw3-3.dll.decompiled.part-0002.c"
"7078fb70","fftw_codelet_n2bv_8_sse2","undefined fftw_codelet_n2bv_8_sse2(void)","OK","libfftw3-3.dll.decompiled.part-0002.c"
"7078fb90","n2bv_10","undefined n2bv_10(void)","OK","libfftw3-3.dll.decompiled.part-0002.c"
"7078fee0","fftw_codelet_n2bv_10_sse2","undefined fftw_codelet_n2bv_10_sse2(void)","OK","libfftw3-3.dll.decompiled.part-0002.c"
"7078ff00","n2bv_12","undefined n2bv_12(void)","OK","libfftw3-3.dll.decompiled.part-0002.c"
"707902a0","fftw_codelet_n2bv_12_sse2","undefined fftw_codelet_n2bv_12_sse2(void)","OK","libfftw3-3.dll.decompiled.part-0002.c"
"707902c0","n2bv_14","undefined n2bv_14(void)","OK","libfftw3-3.dll.decompiled.part-0002.c"
"707908c0","fftw_codelet_n2bv_14_sse2","undefined fftw_codelet_n2bv_14_sse2(void)","OK","libfftw3-3.dll.decompiled.part-0002.c"
"707908e0","n2bv_16","undefined n2bv_16(void)","OK","libfftw3-3.dll.decompiled.part-0002.c"
"70790de0","fftw_codelet_n2bv_16_sse2","undefined fftw_codelet_n2bv_16_sse2(void)","OK","libfftw3-3.dll.decompiled.part-0002.c"
"70790e00","n2bv_32","undefined n2bv_32(void)","OK","libfftw3-3.dll.decompiled.part-0002.c"
"70791a90","fftw_codelet_n2bv_32_sse2","undefined fftw_codelet_n2bv_32_sse2(void)","OK","libfftw3-3.dll.decompiled.part-0002.c"
"70791ab0","n2bv_64","undefined n2bv_64(void)","OK","libfftw3-3.dll.decompiled.part-0002.c"
"70793970","fftw_codelet_n2bv_64_sse2","undefined fftw_codelet_n2bv_64_sse2(void)","OK","libfftw3-3.dll.decompiled.part-0002.c"
"70793990","n2bv_20","undefined n2bv_20(void)","OK","libfftw3-3.dll.decompiled.part-0002.c"
"70794140","fftw_codelet_n2bv_20_sse2","undefined fftw_codelet_n2bv_20_sse2(void)","OK","libfftw3-3.dll.decompiled.part-0002.c"
"70794160","n2sv_4","undefined n2sv_4(void)","OK","libfftw3-3.dll.decompiled.part-0002.c"
"70794310","fftw_codelet_n2sv_4_sse2","undefined fftw_codelet_n2sv_4_sse2(void)","OK","libfftw3-3.dll.decompiled.part-0002.c"
"70794330","n2sv_8","undefined n2sv_8(void)","OK","libfftw3-3.dll.decompiled.part-0002.c"
"70794750","fftw_codelet_n2sv_8_sse2","undefined fftw_codelet_n2sv_8_sse2(void)","OK","libfftw3-3.dll.decompiled.part-0002.c"
"70794770","n2sv_16","undefined n2sv_16(void)","OK","libfftw3-3.dll.decompiled.part-0002.c"
"70795180","fftw_codelet_n2sv_16_sse2","undefined fftw_codelet_n2sv_16_sse2(void)","OK","libfftw3-3.dll.decompiled.part-0002.c"
"707951a0","n2sv_32","undefined n2sv_32(void)","OK","libfftw3-3.dll.decompiled.part-0002.c"
"70796b50","fftw_codelet_n2sv_32_sse2","undefined fftw_codelet_n2sv_32_sse2(void)","OK","libfftw3-3.dll.decompiled.part-0002.c"
"70796b70","n2sv_64","undefined n2sv_64(void)","OK","libfftw3-3.dll.decompiled.part-0002.c"
"7079ac70","fftw_codelet_n2sv_64_sse2","undefined fftw_codelet_n2sv_64_sse2(void)","OK","libfftw3-3.dll.decompiled.part-0002.c"
"7079ac90","t1fuv_2","undefined t1fuv_2(void)","OK","libfftw3-3.dll.decompiled.part-0002.c"
"7079ad30","fftw_codelet_t1fuv_2_sse2","undefined fftw_codelet_t1fuv_2_sse2(void)","OK","libfftw3-3.dll.decompiled.part-0002.c"
"7079ad50","t1fuv_3","undefined t1fuv_3(void)","OK","libfftw3-3.dll.decompiled.part-0002.c"
"7079aea0","fftw_codelet_t1fuv_3_sse2","undefined fftw_codelet_t1fuv_3_sse2(void)","OK","libfftw3-3.dll.decompiled.part-0002.c"
"7079aec0","t1fuv_4","undefined t1fuv_4(void)","OK","libfftw3-3.dll.decompiled.part-0002.c"
"7079b030","fftw_codelet_t1fuv_4_sse2","undefined fftw_codelet_t1fuv_4_sse2(void)","OK","libfftw3-3.dll.decompiled.part-0002.c"
"7079b050","t1fuv_5","undefined t1fuv_5(void)","OK","libfftw3-3.dll.decompiled.part-0002.c"
"7079b2e0","fftw_codelet_t1fuv_5_sse2","undefined fftw_codelet_t1fuv_5_sse2(void)","OK","libfftw3-3.dll.decompiled.part-0002.c"
"7079b300","t1fuv_6","undefined t1fuv_6(void)","OK","libfftw3-3.dll.decompiled.part-0002.c"
"7079b5b0","fftw_codelet_t1fuv_6_sse2","undefined fftw_codelet_t1fuv_6_sse2(void)","OK","libfftw3-3.dll.decompiled.part-0002.c"
"7079b5d0","t1fuv_7","undefined t1fuv_7(void)","OK","libfftw3-3.dll.decompiled.part-0002.c"
"7079b9d0","fftw_codelet_t1fuv_7_sse2","undefined fftw_codelet_t1fuv_7_sse2(void)","OK","libfftw3-3.dll.decompiled.part-0002.c"
"7079b9f0","t1fuv_8","undefined t1fuv_8(void)","OK","libfftw3-3.dll.decompiled.part-0002.c"
"7079bd40","fftw_codelet_t1fuv_8_sse2","undefined fftw_codelet_t1fuv_8_sse2(void)","OK","libfftw3-3.dll.decompiled.part-0002.c"
"7079bd60","t1fuv_9","undefined t1fuv_9(void)","OK","libfftw3-3.dll.decompiled.part-0002.c"
"7079c280","fftw_codelet_t1fuv_9_sse2","undefined fftw_codelet_t1fuv_9_sse2(void)","OK","libfftw3-3.dll.decompiled.part-0002.c"
"7079c2a0","t1fuv_10","undefined t1fuv_10(void)","OK","libfftw3-3.dll.decompiled.part-0002.c"
"7079c7b0","fftw_codelet_t1fuv_10_sse2","undefined fftw_codelet_t1fuv_10_sse2(void)","OK","libfftw3-3.dll.decompiled.part-0002.c"
"7079c7d0","t1fv_2","undefined t1fv_2(void)","OK","libfftw3-3.dll.decompiled.part-0002.c"
"7079c870","fftw_codelet_t1fv_2_sse2","undefined fftw_codelet_t1fv_2_sse2(void)","OK","libfftw3-3.dll.decompiled.part-0002.c"
"7079c890","t1fv_3","undefined t1fv_3(void)","OK","libfftw3-3.dll.decompiled.part-0002.c"
"7079c9e0","fftw_codelet_t1fv_3_sse2","undefined fftw_codelet_t1fv_3_sse2(void)","OK","libfftw3-3.dll.decompiled.part-0002.c"
"7079ca00","t1fv_4","undefined t1fv_4(void)","OK","libfftw3-3.dll.decompiled.part-0002.c"
"7079cb70","fftw_codelet_t1fv_4_sse2","undefined fftw_codelet_t1fv_4_sse2(void)","OK","libfftw3-3.dll.decompiled.part-0002.c"
"7079cb90","t1fv_5","undefined t1fv_5(void)","OK","libfftw3-3.dll.decompiled.part-0002.c"
"7079ce20","fftw_codelet_t1fv_5_sse2","undefined fftw_codelet_t1fv_5_sse2(void)","OK","libfftw3-3.dll.decompiled.part-0002.c"
"7079ce40","t1fv_6","undefined t1fv_6(void)","OK","libfftw3-3.dll.decompiled.part-0002.c"
"7079d0f0","fftw_codelet_t1fv_6_sse2","undefined fftw_codelet_t1fv_6_sse2(void)","OK","libfftw3-3.dll.decompiled.part-0002.c"
"7079d110","t1fv_7","undefined t1fv_7(void)","OK","libfftw3-3.dll.decompiled.part-0002.c"
"7079d510","fftw_codelet_t1fv_7_sse2","undefined fftw_codelet_t1fv_7_sse2(void)","OK","libfftw3-3.dll.decompiled.part-0002.c"
"7079d530","t1fv_8","undefined t1fv_8(void)","OK","libfftw3-3.dll.decompiled.part-0002.c"
"7079d880","fftw_codelet_t1fv_8_sse2","undefined fftw_codelet_t1fv_8_sse2(void)","OK","libfftw3-3.dll.decompiled.part-0002.c"
"7079d8a0","t1fv_9","undefined t1fv_9(void)","OK","libfftw3-3.dll.decompiled.part-0002.c"
"7079ddc0","fftw_codelet_t1fv_9_sse2","undefined fftw_codelet_t1fv_9_sse2(void)","OK","libfftw3-3.dll.decompiled.part-0002.c"
"7079dde0","t1fv_10","undefined t1fv_10(void)","OK","libfftw3-3.dll.decompiled.part-0002.c"
"7079e2f0","fftw_codelet_t1fv_10_sse2","undefined fftw_codelet_t1fv_10_sse2(void)","OK","libfftw3-3.dll.decompiled.part-0002.c"
"7079e310","t1fv_12","undefined t1fv_12(void)","OK","libfftw3-3.dll.decompiled.part-0002.c"
"7079e8b0","fftw_codelet_t1fv_12_sse2","undefined fftw_codelet_t1fv_12_sse2(void)","OK","libfftw3-3.dll.decompiled.part-0002.c"
"7079e8d0","t1fv_15","undefined t1fv_15(void)","OK","libfftw3-3.dll.decompiled.part-0002.c"
"7079f160","fftw_codelet_t1fv_15_sse2","undefined fftw_codelet_t1fv_15_sse2(void)","OK","libfftw3-3.dll.decompiled.part-0002.c"
"7079f180","t1fv_16","undefined t1fv_16(void)","OK","libfftw3-3.dll.decompiled.part-0002.c"
"7079f940","fftw_codelet_t1fv_16_sse2","undefined fftw_codelet_t1fv_16_sse2(void)","OK","libfftw3-3.dll.decompiled.part-0002.c"
"7079f960","t1fv_32","undefined t1fv_32(void)","OK","libfftw3-3.dll.decompiled.part-0002.c"
"707a0b90","fftw_codelet_t1fv_32_sse2","undefined fftw_codelet_t1fv_32_sse2(void)","OK","libfftw3-3.dll.decompiled.part-0002.c"
"707a0bb0","t1fv_64","undefined t1fv_64(void)","OK","libfftw3-3.dll.decompiled.part-0002.c"
"707a3650","fftw_codelet_t1fv_64_sse2","undefined fftw_codelet_t1fv_64_sse2(void)","OK","libfftw3-3.dll.decompiled.part-0002.c"
"707a3670","t1fv_20","undefined t1fv_20(void)","OK","libfftw3-3.dll.decompiled.part-0002.c"
"707a41b0","fftw_codelet_t1fv_20_sse2","undefined fftw_codelet_t1fv_20_sse2(void)","OK","libfftw3-3.dll.decompiled.part-0002.c"
"707a41d0","t1fv_25","undefined t1fv_25(void)","OK","libfftw3-3.dll.decompiled.part-0002.c"
"707a58d0","fftw_codelet_t1fv_25_sse2","undefined fftw_codelet_t1fv_25_sse2(void)","OK","libfftw3-3.dll.decompiled.part-0002.c"
"707a58f0","t2fv_2","undefined t2fv_2(void)","OK","libfftw3-3.dll.decompiled.part-0002.c"
"707a5980","fftw_codelet_t2fv_2_sse2","undefined fftw_codelet_t2fv_2_sse2(void)","OK","libfftw3-3.dll.decompiled.part-0002.c"
"707a59a0","t2fv_4","undefined t2fv_4(void)","OK","libfftw3-3.dll.decompiled.part-0002.c"
"707a5ae0","fftw_codelet_t2fv_4_sse2","undefined fftw_codelet_t2fv_4_sse2(void)","OK","libfftw3-3.dll.decompiled.part-0002.c"
"707a5b00","t2fv_8","undefined t2fv_8(void)","OK","libfftw3-3.dll.decompiled.part-0002.c"
"707a5e00","fftw_codelet_t2fv_8_sse2","undefined fftw_codelet_t2fv_8_sse2(void)","OK","libfftw3-3.dll.decompiled.part-0002.c"
"707a5e20","t2fv_16","undefined t2fv_16(void)","OK","libfftw3-3.dll.decompiled.part-0002.c"
"707a6530","fftw_codelet_t2fv_16_sse2","undefined fftw_codelet_t2fv_16_sse2(void)","OK","libfftw3-3.dll.decompiled.part-0002.c"
"707a6550","t2fv_32","undefined t2fv_32(void)","OK","libfftw3-3.dll.decompiled.part-0002.c"
"707a7600","fftw_codelet_t2fv_32_sse2","undefined fftw_codelet_t2fv_32_sse2(void)","OK","libfftw3-3.dll.decompiled.part-0002.c"
"707a7620","t2fv_64","undefined t2fv_64(void)","OK","libfftw3-3.dll.decompiled.part-0002.c"
"707a9de0","fftw_codelet_t2fv_64_sse2","undefined fftw_codelet_t2fv_64_sse2(void)","OK","libfftw3-3.dll.decompiled.part-0002.c"
"707a9e00","t2fv_5","undefined t2fv_5(void)","OK","libfftw3-3.dll.decompiled.part-0002.c"
"707aa050","fftw_codelet_t2fv_5_sse2","undefined fftw_codelet_t2fv_5_sse2(void)","OK","libfftw3-3.dll.decompiled.part-0002.c"
"707aa070","t2fv_10","undefined t2fv_10(void)","OK","libfftw3-3.dll.decompiled.part-0002.c"
"707aa520","fftw_codelet_t2fv_10_sse2","undefined fftw_codelet_t2fv_10_sse2(void)","OK","libfftw3-3.dll.decompiled.part-0002.c"
"707aa540","t2fv_20","undefined t2fv_20(void)","OK","libfftw3-3.dll.decompiled.part-0002.c"
"707aafa0","fftw_codelet_t2fv_20_sse2","undefined fftw_codelet_t2fv_20_sse2(void)","OK","libfftw3-3.dll.decompiled.part-0002.c"
"707aafc0","t2fv_25","undefined t2fv_25(void)","OK","libfftw3-3.dll.decompiled.part-0002.c"
"707ac5c0","fftw_codelet_t2fv_25_sse2","undefined fftw_codelet_t2fv_25_sse2(void)","OK","libfftw3-3.dll.decompiled.part-0002.c"
"707ac5e0","t3fv_4","undefined t3fv_4(void)","OK","libfftw3-3.dll.decompiled.part-0002.c"
"707ac790","fftw_codelet_t3fv_4_sse2","undefined fftw_codelet_t3fv_4_sse2(void)","OK","libfftw3-3.dll.decompiled.part-0002.c"
"707ac7b0","t3fv_8","undefined t3fv_8(void)","OK","libfftw3-3.dll.decompiled.part-0002.c"
"707acbb0","fftw_codelet_t3fv_8_sse2","undefined fftw_codelet_t3fv_8_sse2(void)","OK","libfftw3-3.dll.decompiled.part-0002.c"
"707acbd0","t3fv_16","undefined t3fv_16(void)","OK","libfftw3-3.dll.decompiled.part-0002.c"
"707ad570","fftw_codelet_t3fv_16_sse2","undefined fftw_codelet_t3fv_16_sse2(void)","OK","libfftw3-3.dll.decompiled.part-0002.c"
"707ad590","t3fv_32","undefined t3fv_32(void)","OK","libfftw3-3.dll.decompiled.part-0002.c"
"707aecc0","fftw_codelet_t3fv_32_sse2","undefined fftw_codelet_t3fv_32_sse2(void)","OK","libfftw3-3.dll.decompiled.part-0002.c"
"707aece0","t3fv_5","undefined t3fv_5(void)","OK","libfftw3-3.dll.decompiled.part-0002.c"
"707aefa0","fftw_codelet_t3fv_5_sse2","undefined fftw_codelet_t3fv_5_sse2(void)","OK","libfftw3-3.dll.decompiled.part-0002.c"
"707aefc0","t3fv_10","undefined t3fv_10(void)","OK","libfftw3-3.dll.decompiled.part-0002.c"
"707af590","fftw_codelet_t3fv_10_sse2","undefined fftw_codelet_t3fv_10_sse2(void)","OK","libfftw3-3.dll.decompiled.part-0002.c"
"707af5b0","t3fv_20","undefined t3fv_20(void)","OK","libfftw3-3.dll.decompiled.part-0002.c"
"707b02e0","fftw_codelet_t3fv_20_sse2","undefined fftw_codelet_t3fv_20_sse2(void)","OK","libfftw3-3.dll.decompiled.part-0002.c"
"707b0300","t3fv_25","undefined t3fv_25(void)","OK","libfftw3-3.dll.decompiled.part-0002.c"
"707b1d80","fftw_codelet_t3fv_25_sse2","undefined fftw_codelet_t3fv_25_sse2(void)","OK","libfftw3-3.dll.decompiled.part-0002.c"
"707b1da0","t1buv_2","undefined t1buv_2(void)","OK","libfftw3-3.dll.decompiled.part-0002.c"
"707b1e40","fftw_codelet_t1buv_2_sse2","undefined fftw_codelet_t1buv_2_sse2(void)","OK","libfftw3-3.dll.decompiled.part-0002.c"
"707b1e60","t1buv_3","undefined t1buv_3(void)","OK","libfftw3-3.dll.decompiled.part-0002.c"
"707b1fa0","fftw_codelet_t1buv_3_sse2","undefined fftw_codelet_t1buv_3_sse2(void)","OK","libfftw3-3.dll.decompiled.part-0002.c"
"707b1fc0","t1buv_4","undefined t1buv_4(void)","OK","libfftw3-3.dll.decompiled.part-0002.c"
"707b2130","fftw_codelet_t1buv_4_sse2","undefined fftw_codelet_t1buv_4_sse2(void)","OK","libfftw3-3.dll.decompiled.part-0002.c"
"707b2150","t1buv_5","undefined t1buv_5(void)","OK","libfftw3-3.dll.decompiled.part-0002.c"
"707b23d0","fftw_codelet_t1buv_5_sse2","undefined fftw_codelet_t1buv_5_sse2(void)","OK","libfftw3-3.dll.decompiled.part-0002.c"
"707b23f0","t1buv_6","undefined t1buv_6(void)","OK","libfftw3-3.dll.decompiled.part-0002.c"
"707b26a0","fftw_codelet_t1buv_6_sse2","undefined fftw_codelet_t1buv_6_sse2(void)","OK","libfftw3-3.dll.decompiled.part-0002.c"
"707b26c0","t1buv_7","undefined t1buv_7(void)","OK","libfftw3-3.dll.decompiled.part-0002.c"
"707b2ac0","fftw_codelet_t1buv_7_sse2","undefined fftw_codelet_t1buv_7_sse2(void)","OK","libfftw3-3.dll.decompiled.part-0002.c"
"707b2ae0","t1buv_8","undefined t1buv_8(void)","OK","libfftw3-3.dll.decompiled.part-0002.c"
"707b2e30","fftw_codelet_t1buv_8_sse2","undefined fftw_codelet_t1buv_8_sse2(void)","OK","libfftw3-3.dll.decompiled.part-0002.c"
"707b2e50","t1buv_9","undefined t1buv_9(void)","OK","libfftw3-3.dll.decompiled.part-0002.c"
"707b3390","fftw_codelet_t1buv_9_sse2","undefined fftw_codelet_t1buv_9_sse2(void)","OK","libfftw3-3.dll.decompiled.part-0002.c"
"707b33b0","t1buv_10","undefined t1buv_10(void)","OK","libfftw3-3.dll.decompiled.part-0002.c"
"707b38c0","fftw_codelet_t1buv_10_sse2","undefined fftw_codelet_t1buv_10_sse2(void)","OK","libfftw3-3.dll.decompiled.part-0002.c"
"707b38e0","t1bv_2","undefined t1bv_2(void)","OK","libfftw3-3.dll.decompiled.part-0002.c"
"707b3980","fftw_codelet_t1bv_2_sse2","undefined fftw_codelet_t1bv_2_sse2(void)","OK","libfftw3-3.dll.decompiled.part-0002.c"
"707b39a0","t1bv_3","undefined t1bv_3(void)","OK","libfftw3-3.dll.decompiled.part-0002.c"
"707b3ae0","fftw_codelet_t1bv_3_sse2","undefined fftw_codelet_t1bv_3_sse2(void)","OK","libfftw3-3.dll.decompiled.part-0002.c"
"707b3b00","t1bv_4","undefined t1bv_4(void)","OK","libfftw3-3.dll.decompiled.part-0002.c"
"707b3c70","fftw_codelet_t1bv_4_sse2","undefined fftw_codelet_t1bv_4_sse2(void)","OK","libfftw3-3.dll.decompiled.part-0002.c"
"707b3c90","t1bv_5","undefined t1bv_5(void)","OK","libfftw3-3.dll.decompiled.part-0002.c"
"707b3f10","fftw_codelet_t1bv_5_sse2","undefined fftw_codelet_t1bv_5_sse2(void)","OK","libfftw3-3.dll.decompiled.part-0002.c"
"707b3f30","t1bv_6","undefined t1bv_6(void)","OK","libfftw3-3.dll.decompiled.part-0002.c"
"707b41e0","fftw_codelet_t1bv_6_sse2","undefined fftw_codelet_t1bv_6_sse2(void)","OK","libfftw3-3.dll.decompiled.part-0002.c"
"707b4200","t1bv_7","undefined t1bv_7(void)","OK","libfftw3-3.dll.decompiled.part-0002.c"
"707b4600","fftw_codelet_t1bv_7_sse2","undefined fftw_codelet_t1bv_7_sse2(void)","OK","libfftw3-3.dll.decompiled.part-0002.c"
"707b4620","t1bv_8","undefined t1bv_8(void)","OK","libfftw3-3.dll.decompiled.part-0002.c"
"707b4970","fftw_codelet_t1bv_8_sse2","undefined fftw_codelet_t1bv_8_sse2(void)","OK","libfftw3-3.dll.decompiled.part-0002.c"
"707b4990","t1bv_9","undefined t1bv_9(void)","OK","libfftw3-3.dll.decompiled.part-0002.c"
"707b4ed0","fftw_codelet_t1bv_9_sse2","undefined fftw_codelet_t1bv_9_sse2(void)","OK","libfftw3-3.dll.decompiled.part-0002.c"
"707b4ef0","t1bv_10","undefined t1bv_10(void)","OK","libfftw3-3.dll.decompiled.part-0002.c"
"707b5400","fftw_codelet_t1bv_10_sse2","undefined fftw_codelet_t1bv_10_sse2(void)","OK","libfftw3-3.dll.decompiled.part-0002.c"
"707b5420","t1bv_12","undefined t1bv_12(void)","OK","libfftw3-3.dll.decompiled.part-0002.c"
"707b5a00","fftw_codelet_t1bv_12_sse2","undefined fftw_codelet_t1bv_12_sse2(void)","OK","libfftw3-3.dll.decompiled.part-0002.c"
"707b5a20","t1bv_15","undefined t1bv_15(void)","OK","libfftw3-3.dll.decompiled.part-0002.c"
"707b62b0","fftw_codelet_t1bv_15_sse2","undefined fftw_codelet_t1bv_15_sse2(void)","OK","libfftw3-3.dll.decompiled.part-0002.c"
"707b62d0","t1bv_16","undefined t1bv_16(void)","OK","libfftw3-3.dll.decompiled.part-0002.c"
"707b6ab0","fftw_codelet_t1bv_16_sse2","undefined fftw_codelet_t1bv_16_sse2(void)","OK","libfftw3-3.dll.decompiled.part-0002.c"
"707b6ad0","t1bv_32","undefined t1bv_32(void)","OK","libfftw3-3.dll.decompiled.part-0002.c"
"707b7d30","fftw_codelet_t1bv_32_sse2","undefined fftw_codelet_t1bv_32_sse2(void)","OK","libfftw3-3.dll.decompiled.part-0002.c"
"707b7d50","t1bv_64","undefined t1bv_64(void)","OK","libfftw3-3.dll.decompiled.part-0002.c"
"707ba900","fftw_codelet_t1bv_64_sse2","undefined fftw_codelet_t1bv_64_sse2(void)","OK","libfftw3-3.dll.decompiled.part-0002.c"
"707ba920","t1bv_20","undefined t1bv_20(void)","OK","libfftw3-3.dll.decompiled.part-0002.c"
"707bb480","fftw_codelet_t1bv_20_sse2","undefined fftw_codelet_t1bv_20_sse2(void)","OK","libfftw3-3.dll.decompiled.part-0002.c"
"707bb4a0","t1bv_25","undefined t1bv_25(void)","OK","libfftw3-3.dll.decompiled.part-0002.c"
"707bcbc0","fftw_codelet_t1bv_25_sse2","undefined fftw_codelet_t1bv_25_sse2(void)","OK","libfftw3-3.dll.decompiled.part-0002.c"
"707bcbe0","t2bv_2","undefined t2bv_2(void)","OK","libfftw3-3.dll.decompiled.part-0002.c"
"707bcc70","fftw_codelet_t2bv_2_sse2","undefined fftw_codelet_t2bv_2_sse2(void)","OK","libfftw3-3.dll.decompiled.part-0002.c"
"707bcc90","t2bv_4","undefined t2bv_4(void)","OK","libfftw3-3.dll.decompiled.part-0002.c"
"707bcdd0","fftw_codelet_t2bv_4_sse2","undefined fftw_codelet_t2bv_4_sse2(void)","OK","libfftw3-3.dll.decompiled.part-0002.c"
"707bcdf0","t2bv_8","undefined t2bv_8(void)","OK","libfftw3-3.dll.decompiled.part-0002.c"
"707bd0e0","fftw_codelet_t2bv_8_sse2","undefined fftw_codelet_t2bv_8_sse2(void)","OK","libfftw3-3.dll.decompiled.part-0002.c"
"707bd100","t2bv_16","undefined t2bv_16(void)","OK","libfftw3-3.dll.decompiled.part-0002.c"
"707bd810","fftw_codelet_t2bv_16_sse2","undefined fftw_codelet_t2bv_16_sse2(void)","OK","libfftw3-3.dll.decompiled.part-0002.c"
"707bd830","t2bv_32","undefined t2bv_32(void)","OK","libfftw3-3.dll.decompiled.part-0002.c"
"707be9a0","fftw_codelet_t2bv_32_sse2","undefined fftw_codelet_t2bv_32_sse2(void)","OK","libfftw3-3.dll.decompiled.part-0002.c"
"707be9c0","t2bv_64","undefined t2bv_64(void)","OK","libfftw3-3.dll.decompiled.part-0002.c"
"707c1120","fftw_codelet_t2bv_64_sse2","undefined fftw_codelet_t2bv_64_sse2(void)","OK","libfftw3-3.dll.decompiled.part-0002.c"
"707c1140","t2bv_5","undefined t2bv_5(void)","OK","libfftw3-3.dll.decompiled.part-0002.c"
"707c1370","fftw_codelet_t2bv_5_sse2","undefined fftw_codelet_t2bv_5_sse2(void)","OK","libfftw3-3.dll.decompiled.part-0002.c"
"707c1390","t2bv_10","undefined t2bv_10(void)","OK","libfftw3-3.dll.decompiled.part-0002.c"
"707c1820","fftw_codelet_t2bv_10_sse2","undefined fftw_codelet_t2bv_10_sse2(void)","OK","libfftw3-3.dll.decompiled.part-0002.c"
"707c1840","t2bv_20","undefined t2bv_20(void)","OK","libfftw3-3.dll.decompiled.part-0002.c"
"707c2280","fftw_codelet_t2bv_20_sse2","undefined fftw_codelet_t2bv_20_sse2(void)","OK","libfftw3-3.dll.decompiled.part-0002.c"
"707c22a0","t2bv_25","undefined t2bv_25(void)","OK","libfftw3-3.dll.decompiled.part-0002.c"
"707c3840","fftw_codelet_t2bv_25_sse2","undefined fftw_codelet_t2bv_25_sse2(void)","OK","libfftw3-3.dll.decompiled.part-0002.c"
"707c3860","t3bv_4","undefined t3bv_4(void)","OK","libfftw3-3.dll.decompiled.part-0002.c"
"707c3a00","fftw_codelet_t3bv_4_sse2","undefined fftw_codelet_t3bv_4_sse2(void)","OK","libfftw3-3.dll.decompiled.part-0002.c"
"707c3a20","t3bv_8","undefined t3bv_8(void)","OK","libfftw3-3.dll.decompiled.part-0002.c"
"707c3e10","fftw_codelet_t3bv_8_sse2","undefined fftw_codelet_t3bv_8_sse2(void)","OK","libfftw3-3.dll.decompiled.part-0002.c"
"707c3e30","t3bv_16","undefined t3bv_16(void)","OK","libfftw3-3.dll.decompiled.part-0002.c"
"707c4780","fftw_codelet_t3bv_16_sse2","undefined fftw_codelet_t3bv_16_sse2(void)","OK","libfftw3-3.dll.decompiled.part-0002.c"
"707c47a0","t3bv_32","undefined t3bv_32(void)","OK","libfftw3-3.dll.decompiled.part-0002.c"
"707c5f00","fftw_codelet_t3bv_32_sse2","undefined fftw_codelet_t3bv_32_sse2(void)","OK","libfftw3-3.dll.decompiled.part-0002.c"
"707c5f20","t3bv_5","undefined t3bv_5(void)","OK","libfftw3-3.dll.decompiled.part-0002.c"
"707c61f0","fftw_codelet_t3bv_5_sse2","undefined fftw_codelet_t3bv_5_sse2(void)","OK","libfftw3-3.dll.decompiled.part-0002.c"
"707c6210","t3bv_10","undefined t3bv_10(void)","OK","libfftw3-3.dll.decompiled.part-0002.c"
"707c67e0","fftw_codelet_t3bv_10_sse2","undefined fftw_codelet_t3bv_10_sse2(void)","OK","libfftw3-3.dll.decompiled.part-0002.c"
"707c6800","t3bv_20","undefined t3bv_20(void)","OK","libfftw3-3.dll.decompiled.part-0002.c"
"707c7580","fftw_codelet_t3bv_20_sse2","undefined fftw_codelet_t3bv_20_sse2(void)","OK","libfftw3-3.dll.decompiled.part-0002.c"
"707c75a0","t3bv_25","undefined t3bv_25(void)","OK","libfftw3-3.dll.decompiled.part-0002.c"
"707c9000","fftw_codelet_t3bv_25_sse2","undefined fftw_codelet_t3bv_25_sse2(void)","OK","libfftw3-3.dll.decompiled.part-0002.c"
"707c9020","t1sv_2","undefined t1sv_2(void)","OK","libfftw3-3.dll.decompiled.part-0002.c"
"707c9110","fftw_codelet_t1sv_2_sse2","undefined fftw_codelet_t1sv_2_sse2(void)","OK","libfftw3-3.dll.decompiled.part-0002.c"
"707c9130","t1sv_4","undefined t1sv_4(void)","OK","libfftw3-3.dll.decompiled.part-0002.c"
"707c9370","fftw_codelet_t1sv_4_sse2","undefined fftw_codelet_t1sv_4_sse2(void)","OK","libfftw3-3.dll.decompiled.part-0002.c"
"707c9390","t1sv_8","undefined t1sv_8(void)","OK","libfftw3-3.dll.decompiled.part-0002.c"
"707c98e0","fftw_codelet_t1sv_8_sse2","undefined fftw_codelet_t1sv_8_sse2(void)","OK","libfftw3-3.dll.decompiled.part-0002.c"
"707c9900","t1sv_16","undefined t1sv_16(void)","OK","libfftw3-3.dll.decompiled.part-0002.c"
"707ca690","fftw_codelet_t1sv_16_sse2","undefined fftw_codelet_t1sv_16_sse2(void)","OK","libfftw3-3.dll.decompiled.part-0002.c"
"707ca6b0","t1sv_32","undefined t1sv_32(void)","OK","libfftw3-3.dll.decompiled.part-0002.c"
"707cc680","fftw_codelet_t1sv_32_sse2","undefined fftw_codelet_t1sv_32_sse2(void)","OK","libfftw3-3.dll.decompiled.part-0002.c"
"707cc6a0","t2sv_4","undefined t2sv_4(void)","OK","libfftw3-3.dll.decompiled.part-0002.c"
"707cc8f0","fftw_codelet_t2sv_4_sse2","undefined fftw_codelet_t2sv_4_sse2(void)","OK","libfftw3-3.dll.decompiled.part-0002.c"
"707cc910","t2sv_8","undefined t2sv_8(void)","OK","libfftw3-3.dll.decompiled.part-0002.c"
"707cced0","fftw_codelet_t2sv_8_sse2","undefined fftw_codelet_t2sv_8_sse2(void)","OK","libfftw3-3.dll.decompiled.part-0002.c"
"707ccef0","t2sv_16","undefined t2sv_16(void)","OK","libfftw3-3.dll.decompiled.part-0002.c"
"707cde00","fftw_codelet_t2sv_16_sse2","undefined fftw_codelet_t2sv_16_sse2(void)","OK","libfftw3-3.dll.decompiled.part-0002.c"
"707cde20","t2sv_32","undefined t2sv_32(void)","OK","libfftw3-3.dll.decompiled.part-0002.c"
"707d0500","fftw_codelet_t2sv_32_sse2","undefined fftw_codelet_t2sv_32_sse2(void)","OK","libfftw3-3.dll.decompiled.part-0002.c"
"707d0520","q1fv_2","undefined q1fv_2(void)","OK","libfftw3-3.dll.decompiled.part-0002.c"
"707d0680","fftw_codelet_q1fv_2_sse2","undefined fftw_codelet_q1fv_2_sse2(void)","OK","libfftw3-3.dll.decompiled.part-0002.c"
"707d06a0","q1fv_4","undefined q1fv_4(void)","OK","libfftw3-3.dll.decompiled.part-0002.c"
"707d0c40","fftw_codelet_q1fv_4_sse2","undefined fftw_codelet_q1fv_4_sse2(void)","OK","libfftw3-3.dll.decompiled.part-0002.c"
"707d0c60","q1fv_5","undefined q1fv_5(void)","OK","libfftw3-3.dll.decompiled.part-0002.c"
"707d17b0","fftw_codelet_q1fv_5_sse2","undefined fftw_codelet_q1fv_5_sse2(void)","OK","libfftw3-3.dll.decompiled.part-0002.c"
"707d17d0","q1fv_8","undefined q1fv_8(void)","OK","libfftw3-3.dll.decompiled.part-0002.c"
"707d3420","fftw_codelet_q1fv_8_sse2","undefined fftw_codelet_q1fv_8_sse2(void)","OK","libfftw3-3.dll.decompiled.part-0002.c"
"707d3440","q1bv_2","undefined q1bv_2(void)","OK","libfftw3-3.dll.decompiled.part-0002.c"
"707d35a0","fftw_codelet_q1bv_2_sse2","undefined fftw_codelet_q1bv_2_sse2(void)","OK","libfftw3-3.dll.decompiled.part-0002.c"
"707d35c0","q1bv_4","undefined q1bv_4(void)","OK","libfftw3-3.dll.decompiled.part-0002.c"
"707d3b60","fftw_codelet_q1bv_4_sse2","undefined fftw_codelet_q1bv_4_sse2(void)","OK","libfftw3-3.dll.decompiled.part-0002.c"
"707d3b80","q1bv_5","undefined q1bv_5(void)","OK","libfftw3-3.dll.decompiled.part-0002.c"
"707d46f0","fftw_codelet_q1bv_5_sse2","undefined fftw_codelet_q1bv_5_sse2(void)","OK","libfftw3-3.dll.decompiled.part-0002.c"
"707d4710","q1bv_8","undefined q1bv_8(void)","OK","libfftw3-3.dll.decompiled.part-0002.c"
"707d63f0","fftw_codelet_q1bv_8_sse2","undefined fftw_codelet_q1bv_8_sse2(void)","OK","libfftw3-3.dll.decompiled.part-0002.c"
"707d6410","n1b_okp","undefined n1b_okp(void)","OK","libfftw3-3.dll.decompiled.part-0002.c"
"707d64b0","n1f_okp","undefined n1f_okp(void)","OK","libfftw3-3.dll.decompiled.part-0002.c"
"707d6550","n2b_okp","undefined n2b_okp(void)","OK","libfftw3-3.dll.decompiled.part-0002.c"
"707d65f0","n2f_okp","undefined n2f_okp(void)","OK","libfftw3-3.dll.decompiled.part-0002.c"
"707d6680","n2s_okp","undefined n2s_okp(void)","OK","libfftw3-3.dll.decompiled.part-0002.c"
"707d6730","q1b_okp","undefined q1b_okp(void)","OK","libfftw3-3.dll.decompiled.part-0002.c"
"707d67b0","q1f_okp","undefined q1f_okp(void)","OK","libfftw3-3.dll.decompiled.part-0002.c"
"707d6830","t_okp_t1f","undefined t_okp_t1f(void)","OK","libfftw3-3.dll.decompiled.part-0002.c"
"707d6890","t_okp_t1b","undefined t_okp_t1b(void)","OK","libfftw3-3.dll.decompiled.part-0002.c"
"707d68f0","ts_okp","undefined ts_okp(void)","OK","libfftw3-3.dll.decompiled.part-0002.c"
"707d6970","t_okp_t1bu","undefined t_okp_t1bu(void)","OK","libfftw3-3.dll.decompiled.part-0002.c"
"707d69e0","t_okp_t2b","undefined t_okp_t2b(void)","OK","libfftw3-3.dll.decompiled.part-0002.c"
"707d6a60","t_okp_t2f","undefined t_okp_t2f(void)","OK","libfftw3-3.dll.decompiled.part-0002.c"
"707d6ad0","t_okp_t1fu","undefined t_okp_t1fu(void)","OK","libfftw3-3.dll.decompiled.part-0002.c"
"707d6b40",".text","undefined .text(void)","OK","libfftw3-3.dll.decompiled.part-0002.c"
"707d6c10","fftw_codelet_hc2cfdftv_2_sse2","undefined fftw_codelet_hc2cfdftv_2_sse2(void)","OK","libfftw3-3.dll.decompiled.part-0002.c"
"707d6c30","hc2cfdftv_4","undefined hc2cfdftv_4(void)","OK","libfftw3-3.dll.decompiled.part-0002.c"
"707d6e10","fftw_codelet_hc2cfdftv_4_sse2","undefined fftw_codelet_hc2cfdftv_4_sse2(void)","OK","libfftw3-3.dll.decompiled.part-0002.c"
"707d6e30","hc2cfdftv_6","undefined hc2cfdftv_6(void)","OK","libfftw3-3.dll.decompiled.part-0002.c"
"707d71a0","fftw_codelet_hc2cfdftv_6_sse2","undefined fftw_codelet_hc2cfdftv_6_sse2(void)","OK","libfftw3-3.dll.decompiled.part-0002.c"
"707d71c0","hc2cfdftv_8","undefined hc2cfdftv_8(void)","OK","libfftw3-3.dll.decompiled.part-0002.c"
"707d75c0","fftw_codelet_hc2cfdftv_8_sse2","undefined fftw_codelet_hc2cfdftv_8_sse2(void)","OK","libfftw3-3.dll.decompiled.part-0002.c"
"707d75e0","hc2cfdftv_10","undefined hc2cfdftv_10(void)","OK","libfftw3-3.dll.decompiled.part-0002.c"
"707d7ba0","fftw_codelet_hc2cfdftv_10_sse2","undefined fftw_codelet_hc2cfdftv_10_sse2(void)","OK","libfftw3-3.dll.decompiled.part-0002.c"
"707d7bc0","hc2cfdftv_12","undefined hc2cfdftv_12(void)","OK","libfftw3-3.dll.decompiled.part-0002.c"
"707d8290","fftw_codelet_hc2cfdftv_12_sse2","undefined fftw_codelet_hc2cfdftv_12_sse2(void)","OK","libfftw3-3.dll.decompiled.part-0002.c"
"707d82b0","hc2cfdftv_16","undefined hc2cfdftv_16(void)","OK","libfftw3-3.dll.decompiled.part-0002.c"
"707d8bc0","fftw_codelet_hc2cfdftv_16_sse2","undefined fftw_codelet_hc2cfdftv_16_sse2(void)","OK","libfftw3-3.dll.decompiled.part-0002.c"
"707d8be0","hc2cfdftv_32","undefined hc2cfdftv_32(void)","OK","libfftw3-3.dll.decompiled.part-0002.c"
"707da0e0","fftw_codelet_hc2cfdftv_32_sse2","undefined fftw_codelet_hc2cfdftv_32_sse2(void)","OK","libfftw3-3.dll.decompiled.part-0002.c"
"707da100","hc2cfdftv_20","undefined hc2cfdftv_20(void)","OK","libfftw3-3.dll.decompiled.part-0002.c"
"707dae30","fftw_codelet_hc2cfdftv_20_sse2","undefined fftw_codelet_hc2cfdftv_20_sse2(void)","OK","libfftw3-3.dll.decompiled.part-0002.c"
"707dae50","hc2cbdftv_2","undefined hc2cbdftv_2(void)","OK","libfftw3-3.dll.decompiled.part-0002.c"
"707daf00","fftw_codelet_hc2cbdftv_2_sse2","undefined fftw_codelet_hc2cbdftv_2_sse2(void)","OK","libfftw3-3.dll.decompiled.part-0002.c"
"707daf20","hc2cbdftv_4","undefined hc2cbdftv_4(void)","OK","libfftw3-3.dll.decompiled.part-0002.c"
"707db0f0","fftw_codelet_hc2cbdftv_4_sse2","undefined fftw_codelet_hc2cbdftv_4_sse2(void)","OK","libfftw3-3.dll.decompiled.part-0002.c"
"707db110","hc2cbdftv_6","undefined hc2cbdftv_6(void)","OK","libfftw3-3.dll.decompiled.part-0002.c"
"707db420","fftw_codelet_hc2cbdftv_6_sse2","undefined fftw_codelet_hc2cbdftv_6_sse2(void)","OK","libfftw3-3.dll.decompiled.part-0002.c"
"707db440","hc2cbdftv_8","undefined hc2cbdftv_8(void)","OK","libfftw3-3.dll.decompiled.part-0002.c"
"707db840","fftw_codelet_hc2cbdftv_8_sse2","undefined fftw_codelet_hc2cbdftv_8_sse2(void)","OK","libfftw3-3.dll.decompiled.part-0002.c"
"707db860","hc2cbdftv_10","undefined hc2cbdftv_10(void)","OK","libfftw3-3.dll.decompiled.part-0002.c"
"707dbe00","fftw_codelet_hc2cbdftv_10_sse2","undefined fftw_codelet_hc2cbdftv_10_sse2(void)","OK","libfftw3-3.dll.decompiled.part-0002.c"
"707dbe20","hc2cbdftv_12","undefined hc2cbdftv_12(void)","OK","libfftw3-3.dll.decompiled.part-0002.c"
"707dc490","fftw_codelet_hc2cbdftv_12_sse2","undefined fftw_codelet_hc2cbdftv_12_sse2(void)","OK","libfftw3-3.dll.decompiled.part-0002.c"
"707dc4b0","hc2cbdftv_16","undefined hc2cbdftv_16(void)","OK","libfftw3-3.dll.decompiled.part-0002.c"
"707dcdf0","fftw_codelet_hc2cbdftv_16_sse2","undefined fftw_codelet_hc2cbdftv_16_sse2(void)","OK","libfftw3-3.dll.decompiled.part-0002.c"
"707dce10","hc2cbdftv_32","undefined hc2cbdftv_32(void)","OK","libfftw3-3.dll.decompiled.part-0002.c"
"707de430","fftw_codelet_hc2cbdftv_32_sse2","undefined fftw_codelet_hc2cbdftv_32_sse2(void)","OK","libfftw3-3.dll.decompiled.part-0002.c"
"707de450","hc2cbdftv_20","undefined hc2cbdftv_20(void)","OK","libfftw3-3.dll.decompiled.part-0002.c"
"707df1d0","fftw_codelet_hc2cbdftv_20_sse2","undefined fftw_codelet_hc2cbdftv_20_sse2(void)","OK","libfftw3-3.dll.decompiled.part-0002.c"
"707df1f0","hc2cbv_okp","undefined hc2cbv_okp(void)","OK","libfftw3-3.dll.decompiled.part-0002.c"
"707df240","hc2cfv_okp","undefined hc2cfv_okp(void)","OK","libfftw3-3.dll.decompiled.part-0002.c"
"707df290",".text","undefined .text(void)","OK","libfftw3-3.dll.decompiled.part-0002.c"
"707df350","fftw_codelet_n1fv_2_avx","undefined fftw_codelet_n1fv_2_avx(void)","OK","libfftw3-3.dll.decompiled.part-0002.c"
"707df370","n1fv_3","undefined n1fv_3(void)","OK","libfftw3-3.dll.decompiled.part-0002.c"
"707df4c0","fftw_codelet_n1fv_3_avx","undefined fftw_codelet_n1fv_3_avx(void)","OK","libfftw3-3.dll.decompiled.part-0002.c"
"707df4e0","n1fv_4","undefined n1fv_4(void)","OK","libfftw3-3.dll.decompiled.part-0002.c"
"707df630","fftw_codelet_n1fv_4_avx","undefined fftw_codelet_n1fv_4_avx(void)","OK","libfftw3-3.dll.decompiled.part-0002.c"
"707df650","n1fv_5","undefined n1fv_5(void)","OK","libfftw3-3.dll.decompiled.part-0002.c"
"707df8a0","fftw_codelet_n1fv_5_avx","undefined fftw_codelet_n1fv_5_avx(void)","OK","libfftw3-3.dll.decompiled.part-0002.c"
"707df8c0","n1fv_6","undefined n1fv_6(void)","OK","libfftw3-3.dll.decompiled.part-0002.c"
"707dfb20","fftw_codelet_n1fv_6_avx","undefined fftw_codelet_n1fv_6_avx(void)","OK","libfftw3-3.dll.decompiled.part-0002.c"
"707dfb40","n1fv_7","undefined n1fv_7(void)","OK","libfftw3-3.dll.decompiled.part-0002.c"
"707dfeb0","fftw_codelet_n1fv_7_avx","undefined fftw_codelet_n1fv_7_avx(void)","OK","libfftw3-3.dll.decompiled.part-0002.c"
"707dfed0","n1fv_8","undefined n1fv_8(void)","OK","libfftw3-3.dll.decompiled.part-0002.c"
"707e01a0","fftw_codelet_n1fv_8_avx","undefined fftw_codelet_n1fv_8_avx(void)","OK","libfftw3-3.dll.decompiled.part-0002.c"
"707e01c0","n1fv_9","undefined n1fv_9(void)","OK","libfftw3-3.dll.decompiled.part-0002.c"
"707e0610","fftw_codelet_n1fv_9_avx","undefined fftw_codelet_n1fv_9_avx(void)","OK","libfftw3-3.dll.decompiled.part-0002.c"
"707e0630","n1fv_10","undefined n1fv_10(void)","OK","libfftw3-3.dll.decompiled.part-0002.c"
"707e0a30","fftw_codelet_n1fv_10_avx","undefined fftw_codelet_n1fv_10_avx(void)","OK","libfftw3-3.dll.decompiled.part-0002.c"
"707e0a50","n1fv_11","undefined n1fv_11(void)","OK","libfftw3-3.dll.decompiled.part-0002.c"
"707e1030","fftw_codelet_n1fv_11_avx","undefined fftw_codelet_n1fv_11_avx(void)","OK","libfftw3-3.dll.decompiled.part-0002.c"
"707e1050","n1fv_12","undefined n1fv_12(void)","OK","libfftw3-3.dll.decompiled.part-0002.c"
"707e14c0","fftw_codelet_n1fv_12_avx","undefined fftw_codelet_n1fv_12_avx(void)","OK","libfftw3-3.dll.decompiled.part-0002.c"
"707e14e0","n1fv_13","undefined n1fv_13(void)","OK","libfftw3-3.dll.decompiled.part-0002.c"
"707e1b60","fftw_codelet_n1fv_13_avx","undefined fftw_codelet_n1fv_13_avx(void)","OK","libfftw3-3.dll.decompiled.part-0002.c"
"707e1b80","n1fv_14","undefined n1fv_14(void)","OK","libfftw3-3.dll.decompiled.part-0002.c"
"707e21b0","fftw_codelet_n1fv_14_avx","undefined fftw_codelet_n1fv_14_avx(void)","OK","libfftw3-3.dll.decompiled.part-0002.c"
"707e21d0","n1fv_15","undefined n1fv_15(void)","OK","libfftw3-3.dll.decompiled.part-0002.c"
"707e2870","fftw_codelet_n1fv_15_avx","undefined fftw_codelet_n1fv_15_avx(void)","OK","libfftw3-3.dll.decompiled.part-0002.c"
"707e2890","n1fv_16","undefined n1fv_16(void)","OK","libfftw3-3.dll.decompiled.part-0002.c"
"707e2e70","fftw_codelet_n1fv_16_avx","undefined fftw_codelet_n1fv_16_avx(void)","OK","libfftw3-3.dll.decompiled.part-0002.c"
"707e2e90","n1fv_32","undefined n1fv_32(void)","OK","libfftw3-3.dll.decompiled.part-0002.c"
"707e3be0","fftw_codelet_n1fv_32_avx","undefined fftw_codelet_n1fv_32_avx(void)","OK","libfftw3-3.dll.decompiled.part-0002.c"
"707e3c00","n1fv_64","undefined n1fv_64(void)","OK","libfftw3-3.dll.decompiled.part-0002.c"
"707e5aa0","fftw_codelet_n1fv_64_avx","undefined fftw_codelet_n1fv_64_avx(void)","OK","libfftw3-3.dll.decompiled.part-0002.c"
"707e5ac0","n1fv_128","undefined n1fv_128(void)","OK","libfftw3-3.dll.decompiled.part-0002.c"
"707e9f20","fftw_codelet_n1fv_128_avx","undefined fftw_codelet_n1fv_128_avx(void)","OK","libfftw3-3.dll.decompiled.part-0002.c"
"707e9f40","n1fv_20","undefined n1fv_20(void)","OK","libfftw3-3.dll.decompiled.part-0002.c"
"707ea7e0","fftw_codelet_n1fv_20_avx","undefined fftw_codelet_n1fv_20_avx(void)","OK","libfftw3-3.dll.decompiled.part-0002.c"
"707ea800","n1fv_25","undefined n1fv_25(void)","OK","libfftw3-3.dll.decompiled.part-0002.c"
"707eb9f0","fftw_codelet_n1fv_25_avx","undefined fftw_codelet_n1fv_25_avx(void)","OK","libfftw3-3.dll.decompiled.part-0002.c"
"707eba10","n1bv_2","undefined n1bv_2(void)","OK","libfftw3-3.dll.decompiled.part-0002.c"
"707ebad0","fftw_codelet_n1bv_2_avx","undefined fftw_codelet_n1bv_2_avx(void)","OK","libfftw3-3.dll.decompiled.part-0002.c"
"707ebaf0","n1bv_3","undefined n1bv_3(void)","OK","libfftw3-3.dll.decompiled.part-0002.c"
"707ebc40","fftw_codelet_n1bv_3_avx","undefined fftw_codelet_n1bv_3_avx(void)","OK","libfftw3-3.dll.decompiled.part-0002.c"
"707ebc60","n1bv_4","undefined n1bv_4(void)","OK","libfftw3-3.dll.decompiled.part-0002.c"
"707ebdb0","fftw_codelet_n1bv_4_avx","undefined fftw_codelet_n1bv_4_avx(void)","OK","libfftw3-3.dll.decompiled.part-0002.c"
"707ebdd0","n1bv_5","undefined n1bv_5(void)","OK","libfftw3-3.dll.decompiled.part-0002.c"
"707ec010","fftw_codelet_n1bv_5_avx","undefined fftw_codelet_n1bv_5_avx(void)","OK","libfftw3-3.dll.decompiled.part-0002.c"
"707ec030","n1bv_6","undefined n1bv_6(void)","OK","libfftw3-3.dll.decompiled.part-0002.c"
"707ec290","fftw_codelet_n1bv_6_avx","undefined fftw_codelet_n1bv_6_avx(void)","OK","libfftw3-3.dll.decompiled.part-0002.c"
"707ec2b0","n1bv_7","undefined n1bv_7(void)","OK","libfftw3-3.dll.decompiled.part-0002.c"
"707ec620","fftw_codelet_n1bv_7_avx","undefined fftw_codelet_n1bv_7_avx(void)","OK","libfftw3-3.dll.decompiled.part-0002.c"
"707ec640","n1bv_8","undefined n1bv_8(void)","OK","libfftw3-3.dll.decompiled.part-0002.c"
"707ec920","fftw_codelet_n1bv_8_avx","undefined fftw_codelet_n1bv_8_avx(void)","OK","libfftw3-3.dll.decompiled.part-0002.c"
"707ec940","n1bv_9","undefined n1bv_9(void)","OK","libfftw3-3.dll.decompiled.part-0002.c"
"707ecda0","fftw_codelet_n1bv_9_avx","undefined fftw_codelet_n1bv_9_avx(void)","OK","libfftw3-3.dll.decompiled.part-0002.c"
"707ecdc0","n1bv_10","undefined n1bv_10(void)","OK","libfftw3-3.dll.decompiled.part-0002.c"
"707ed1c0","fftw_codelet_n1bv_10_avx","undefined fftw_codelet_n1bv_10_avx(void)","OK","libfftw3-3.dll.decompiled.part-0002.c"
"707ed1e0","n1bv_11","undefined n1bv_11(void)","OK","libfftw3-3.dll.decompiled.part-0002.c"
"707ed7c0","fftw_codelet_n1bv_11_avx","undefined fftw_codelet_n1bv_11_avx(void)","OK","libfftw3-3.dll.decompiled.part-0002.c"
"707ed7e0","n1bv_12","undefined n1bv_12(void)","OK","libfftw3-3.dll.decompiled.part-0002.c"
"707edc40","fftw_codelet_n1bv_12_avx","undefined fftw_codelet_n1bv_12_avx(void)","OK","libfftw3-3.dll.decompiled.part-0002.c"
"707edc60","n1bv_13","undefined n1bv_13(void)","OK","libfftw3-3.dll.decompiled.part-0002.c"
"707ee2e0","fftw_codelet_n1bv_13_avx","undefined fftw_codelet_n1bv_13_avx(void)","OK","libfftw3-3.dll.decompiled.part-0002.c"
"707ee300","n1bv_14","undefined n1bv_14(void)","OK","libfftw3-3.dll.decompiled.part-0002.c"
"707ee940","fftw_codelet_n1bv_14_avx","undefined fftw_codelet_n1bv_14_avx(void)","OK","libfftw3-3.dll.decompiled.part-0002.c"
"707ee960","n1bv_15","undefined n1bv_15(void)","OK","libfftw3-3.dll.decompiled.part-0002.c"
"707ef020","fftw_codelet_n1bv_15_avx","undefined fftw_codelet_n1bv_15_avx(void)","OK","libfftw3-3.dll.decompiled.part-0002.c"
"707ef040","n1bv_16","undefined n1bv_16(void)","OK","libfftw3-3.dll.decompiled.part-0002.c"
"707ef620","fftw_codelet_n1bv_16_avx","undefined fftw_codelet_n1bv_16_avx(void)","OK","libfftw3-3.dll.decompiled.part-0002.c"
"707ef640","n1bv_32","undefined n1bv_32(void)","OK","libfftw3-3.dll.decompiled.part-0002.c"
"707f03b0","fftw_codelet_n1bv_32_avx","undefined fftw_codelet_n1bv_32_avx(void)","OK","libfftw3-3.dll.decompiled.part-0002.c"
"707f03d0","n1bv_64","undefined n1bv_64(void)","OK","libfftw3-3.dll.decompiled.part-0002.c"
"707f22b0","fftw_codelet_n1bv_64_avx","undefined fftw_codelet_n1bv_64_avx(void)","OK","libfftw3-3.dll.decompiled.part-0002.c"
"707f22d0","n1bv_128","undefined n1bv_128(void)","OK","libfftw3-3.dll.decompiled.part-0003.c"
"707f67d0","fftw_codelet_n1bv_128_avx","undefined fftw_codelet_n1bv_128_avx(void)","OK","libfftw3-3.dll.decompiled.part-0003.c"
"707f67f0","n1bv_20","undefined n1bv_20(void)","OK","libfftw3-3.dll.decompiled.part-0003.c"
"707f7080","fftw_codelet_n1bv_20_avx","undefined fftw_codelet_n1bv_20_avx(void)","OK","libfftw3-3.dll.decompiled.part-0003.c"
"707f70a0","n1bv_25","undefined n1bv_25(void)","OK","libfftw3-3.dll.decompiled.part-0003.c"
"707f82b0","fftw_codelet_n1bv_25_avx","undefined fftw_codelet_n1bv_25_avx(void)","OK","libfftw3-3.dll.decompiled.part-0003.c"
"707f82d0","n2fv_2","undefined n2fv_2(void)","OK","libfftw3-3.dll.decompiled.part-0003.c"
"707f8370","fftw_codelet_n2fv_2_avx","undefined fftw_codelet_n2fv_2_avx(void)","OK","libfftw3-3.dll.decompiled.part-0003.c"
"707f8390","n2fv_4","undefined n2fv_4(void)","OK","libfftw3-3.dll.decompiled.part-0003.c"
"707f8490","fftw_codelet_n2fv_4_avx","undefined fftw_codelet_n2fv_4_avx(void)","OK","libfftw3-3.dll.decompiled.part-0003.c"
"707f84b0","n2fv_6","undefined n2fv_6(void)","OK","libfftw3-3.dll.decompiled.part-0003.c"
"707f8690","fftw_codelet_n2fv_6_avx","undefined fftw_codelet_n2fv_6_avx(void)","OK","libfftw3-3.dll.decompiled.part-0003.c"
"707f86b0","n2fv_8","undefined n2fv_8(void)","OK","libfftw3-3.dll.decompiled.part-0003.c"
"707f88f0","fftw_codelet_n2fv_8_avx","undefined fftw_codelet_n2fv_8_avx(void)","OK","libfftw3-3.dll.decompiled.part-0003.c"
"707f8910","n2fv_10","undefined n2fv_10(void)","OK","libfftw3-3.dll.decompiled.part-0003.c"
"707f8c50","fftw_codelet_n2fv_10_avx","undefined fftw_codelet_n2fv_10_avx(void)","OK","libfftw3-3.dll.decompiled.part-0003.c"
"707f8c70","n2fv_12","undefined n2fv_12(void)","OK","libfftw3-3.dll.decompiled.part-0003.c"
"707f9020","fftw_codelet_n2fv_12_avx","undefined fftw_codelet_n2fv_12_avx(void)","OK","libfftw3-3.dll.decompiled.part-0003.c"
"707f9040","n2fv_14","undefined n2fv_14(void)","OK","libfftw3-3.dll.decompiled.part-0003.c"
"707f95a0","fftw_codelet_n2fv_14_avx","undefined fftw_codelet_n2fv_14_avx(void)","OK","libfftw3-3.dll.decompiled.part-0003.c"
"707f95c0","n2fv_16","undefined n2fv_16(void)","OK","libfftw3-3.dll.decompiled.part-0003.c"
"707f9aa0","fftw_codelet_n2fv_16_avx","undefined fftw_codelet_n2fv_16_avx(void)","OK","libfftw3-3.dll.decompiled.part-0003.c"
"707f9ac0","n2fv_32","undefined n2fv_32(void)","OK","libfftw3-3.dll.decompiled.part-0003.c"
"707fa640","fftw_codelet_n2fv_32_avx","undefined fftw_codelet_n2fv_32_avx(void)","OK","libfftw3-3.dll.decompiled.part-0003.c"
"707fa660","n2fv_64","undefined n2fv_64(void)","OK","libfftw3-3.dll.decompiled.part-0003.c"
"707fc120","fftw_codelet_n2fv_64_avx","undefined fftw_codelet_n2fv_64_avx(void)","OK","libfftw3-3.dll.decompiled.part-0003.c"
"707fc140","n2fv_20","undefined n2fv_20(void)","OK","libfftw3-3.dll.decompiled.part-0003.c"
"707fc850","fftw_codelet_n2fv_20_avx","undefined fftw_codelet_n2fv_20_avx(void)","OK","libfftw3-3.dll.decompiled.part-0003.c"
"707fc870","n2bv_2","undefined n2bv_2(void)","OK","libfftw3-3.dll.decompiled.part-0003.c"
"707fc910","fftw_codelet_n2bv_2_avx","undefined fftw_codelet_n2bv_2_avx(void)","OK","libfftw3-3.dll.decompiled.part-0003.c"
"707fc930","n2bv_4","undefined n2bv_4(void)","OK","libfftw3-3.dll.decompiled.part-0003.c"
"707fca30","fftw_codelet_n2bv_4_avx","undefined fftw_codelet_n2bv_4_avx(void)","OK","libfftw3-3.dll.decompiled.part-0003.c"
"707fca50","n2bv_6","undefined n2bv_6(void)","OK","libfftw3-3.dll.decompiled.part-0003.c"
"707fcc30","fftw_codelet_n2bv_6_avx","undefined fftw_codelet_n2bv_6_avx(void)","OK","libfftw3-3.dll.decompiled.part-0003.c"
"707fcc50","n2bv_8","undefined n2bv_8(void)","OK","libfftw3-3.dll.decompiled.part-0003.c"
"707fce80","fftw_codelet_n2bv_8_avx","undefined fftw_codelet_n2bv_8_avx(void)","OK","libfftw3-3.dll.decompiled.part-0003.c"
"707fcea0","n2bv_10","undefined n2bv_10(void)","OK","libfftw3-3.dll.decompiled.part-0003.c"
"707fd1e0","fftw_codelet_n2bv_10_avx","undefined fftw_codelet_n2bv_10_avx(void)","OK","libfftw3-3.dll.decompiled.part-0003.c"
"707fd200","n2bv_12","undefined n2bv_12(void)","OK","libfftw3-3.dll.decompiled.part-0003.c"
"707fd590","fftw_codelet_n2bv_12_avx","undefined fftw_codelet_n2bv_12_avx(void)","OK","libfftw3-3.dll.decompiled.part-0003.c"
"707fd5b0","n2bv_14","undefined n2bv_14(void)","OK","libfftw3-3.dll.decompiled.part-0003.c"
"707fdb10","fftw_codelet_n2bv_14_avx","undefined fftw_codelet_n2bv_14_avx(void)","OK","libfftw3-3.dll.decompiled.part-0003.c"
"707fdb30","n2bv_16","undefined n2bv_16(void)","OK","libfftw3-3.dll.decompiled.part-0003.c"
"707fe010","fftw_codelet_n2bv_16_avx","undefined fftw_codelet_n2bv_16_avx(void)","OK","libfftw3-3.dll.decompiled.part-0003.c"
"707fe030","n2bv_32","undefined n2bv_32(void)","OK","libfftw3-3.dll.decompiled.part-0003.c"
"707febc0","fftw_codelet_n2bv_32_avx","undefined fftw_codelet_n2bv_32_avx(void)","OK","libfftw3-3.dll.decompiled.part-0003.c"
"707febe0","n2bv_64","undefined n2bv_64(void)","OK","libfftw3-3.dll.decompiled.part-0003.c"
"70800710","fftw_codelet_n2bv_64_avx","undefined fftw_codelet_n2bv_64_avx(void)","OK","libfftw3-3.dll.decompiled.part-0003.c"
"70800730","n2bv_20","undefined n2bv_20(void)","OK","libfftw3-3.dll.decompiled.part-0003.c"
"70800e60","fftw_codelet_n2bv_20_avx","undefined fftw_codelet_n2bv_20_avx(void)","OK","libfftw3-3.dll.decompiled.part-0003.c"
"70800e80","n2sv_4","undefined n2sv_4(void)","OK","libfftw3-3.dll.decompiled.part-0003.c"
"70801040","fftw_codelet_n2sv_4_avx","undefined fftw_codelet_n2sv_4_avx(void)","OK","libfftw3-3.dll.decompiled.part-0003.c"
"70801060","n2sv_8","undefined n2sv_8(void)","OK","libfftw3-3.dll.decompiled.part-0003.c"
"70801480","fftw_codelet_n2sv_8_avx","undefined fftw_codelet_n2sv_8_avx(void)","OK","libfftw3-3.dll.decompiled.part-0003.c"
"708014a0","n2sv_16","undefined n2sv_16(void)","OK","libfftw3-3.dll.decompiled.part-0003.c"
"70801f40","fftw_codelet_n2sv_16_avx","undefined fftw_codelet_n2sv_16_avx(void)","OK","libfftw3-3.dll.decompiled.part-0003.c"
"70801f60","n2sv_32","undefined n2sv_32(void)","OK","libfftw3-3.dll.decompiled.part-0003.c"
"708038d0","fftw_codelet_n2sv_32_avx","undefined fftw_codelet_n2sv_32_avx(void)","OK","libfftw3-3.dll.decompiled.part-0003.c"
"708038f0","n2sv_64","undefined n2sv_64(void)","OK","libfftw3-3.dll.decompiled.part-0003.c"
"70807610","fftw_codelet_n2sv_64_avx","undefined fftw_codelet_n2sv_64_avx(void)","OK","libfftw3-3.dll.decompiled.part-0003.c"
"70807630","t1fuv_2","undefined t1fuv_2(void)","OK","libfftw3-3.dll.decompiled.part-0003.c"
"70807700","fftw_codelet_t1fuv_2_avx","undefined fftw_codelet_t1fuv_2_avx(void)","OK","libfftw3-3.dll.decompiled.part-0003.c"
"70807720","t1fuv_3","undefined t1fuv_3(void)","OK","libfftw3-3.dll.decompiled.part-0003.c"
"708078a0","fftw_codelet_t1fuv_3_avx","undefined fftw_codelet_t1fuv_3_avx(void)","OK","libfftw3-3.dll.decompiled.part-0003.c"
"708078c0","t1fuv_4","undefined t1fuv_4(void)","OK","libfftw3-3.dll.decompiled.part-0003.c"
"70807a70","fftw_codelet_t1fuv_4_avx","undefined fftw_codelet_t1fuv_4_avx(void)","OK","libfftw3-3.dll.decompiled.part-0003.c"
"70807a90","t1fuv_5","undefined t1fuv_5(void)","OK","libfftw3-3.dll.decompiled.part-0003.c"
"70807d40","fftw_codelet_t1fuv_5_avx","undefined fftw_codelet_t1fuv_5_avx(void)","OK","libfftw3-3.dll.decompiled.part-0003.c"
"70807d60","t1fuv_6","undefined t1fuv_6(void)","OK","libfftw3-3.dll.decompiled.part-0003.c"
"70808040","fftw_codelet_t1fuv_6_avx","undefined fftw_codelet_t1fuv_6_avx(void)","OK","libfftw3-3.dll.decompiled.part-0003.c"
"70808060","t1fuv_7","undefined t1fuv_7(void)","OK","libfftw3-3.dll.decompiled.part-0003.c"
"70808480","fftw_codelet_t1fuv_7_avx","undefined fftw_codelet_t1fuv_7_avx(void)","OK","libfftw3-3.dll.decompiled.part-0003.c"
"708084a0","t1fuv_8","undefined t1fuv_8(void)","OK","libfftw3-3.dll.decompiled.part-0003.c"
"70808840","fftw_codelet_t1fuv_8_avx","undefined fftw_codelet_t1fuv_8_avx(void)","OK","libfftw3-3.dll.decompiled.part-0003.c"
"70808860","t1fuv_9","undefined t1fuv_9(void)","OK","libfftw3-3.dll.decompiled.part-0003.c"
"70808d90","fftw_codelet_t1fuv_9_avx","undefined fftw_codelet_t1fuv_9_avx(void)","OK","libfftw3-3.dll.decompiled.part-0003.c"
"70808db0","t1fuv_10","undefined t1fuv_10(void)","OK","libfftw3-3.dll.decompiled.part-0003.c"
"708092d0","fftw_codelet_t1fuv_10_avx","undefined fftw_codelet_t1fuv_10_avx(void)","OK","libfftw3-3.dll.decompiled.part-0003.c"
"708092f0","t1fv_2","undefined t1fv_2(void)","OK","libfftw3-3.dll.decompiled.part-0003.c"
"708093a0","fftw_codelet_t1fv_2_avx","undefined fftw_codelet_t1fv_2_avx(void)","OK","libfftw3-3.dll.decompiled.part-0003.c"
"708093c0","t1fv_3","undefined t1fv_3(void)","OK","libfftw3-3.dll.decompiled.part-0003.c"
"708094f0","fftw_codelet_t1fv_3_avx","undefined fftw_codelet_t1fv_3_avx(void)","OK","libfftw3-3.dll.decompiled.part-0003.c"
"70809510","t1fv_4","undefined t1fv_4(void)","OK","libfftw3-3.dll.decompiled.part-0003.c"
"70809660","fftw_codelet_t1fv_4_avx","undefined fftw_codelet_t1fv_4_avx(void)","OK","libfftw3-3.dll.decompiled.part-0003.c"
"70809680","t1fv_5","undefined t1fv_5(void)","OK","libfftw3-3.dll.decompiled.part-0003.c"
"708098e0","fftw_codelet_t1fv_5_avx","undefined fftw_codelet_t1fv_5_avx(void)","OK","libfftw3-3.dll.decompiled.part-0003.c"
"70809900","t1fv_6","undefined t1fv_6(void)","OK","libfftw3-3.dll.decompiled.part-0003.c"
"70809b60","fftw_codelet_t1fv_6_avx","undefined fftw_codelet_t1fv_6_avx(void)","OK","libfftw3-3.dll.decompiled.part-0003.c"
"70809b80","t1fv_7","undefined t1fv_7(void)","OK","libfftw3-3.dll.decompiled.part-0003.c"
"70809f10","fftw_codelet_t1fv_7_avx","undefined fftw_codelet_t1fv_7_avx(void)","OK","libfftw3-3.dll.decompiled.part-0003.c"
"70809f30","t1fv_8","undefined t1fv_8(void)","OK","libfftw3-3.dll.decompiled.part-0003.c"
"7080a230","fftw_codelet_t1fv_8_avx","undefined fftw_codelet_t1fv_8_avx(void)","OK","libfftw3-3.dll.decompiled.part-0003.c"
"7080a250","t1fv_9","undefined t1fv_9(void)","OK","libfftw3-3.dll.decompiled.part-0003.c"
"7080a6e0","fftw_codelet_t1fv_9_avx","undefined fftw_codelet_t1fv_9_avx(void)","OK","libfftw3-3.dll.decompiled.part-0003.c"
"7080a700","t1fv_10","undefined t1fv_10(void)","OK","libfftw3-3.dll.decompiled.part-0003.c"
"7080ab60","fftw_codelet_t1fv_10_avx","undefined fftw_codelet_t1fv_10_avx(void)","OK","libfftw3-3.dll.decompiled.part-0003.c"
"7080ab80","t1fv_12","undefined t1fv_12(void)","OK","libfftw3-3.dll.decompiled.part-0003.c"
"7080b070","fftw_codelet_t1fv_12_avx","undefined fftw_codelet_t1fv_12_avx(void)","OK","libfftw3-3.dll.decompiled.part-0003.c"
"7080b090","t1fv_15","undefined t1fv_15(void)","OK","libfftw3-3.dll.decompiled.part-0003.c"
"7080b7b0","fftw_codelet_t1fv_15_avx","undefined fftw_codelet_t1fv_15_avx(void)","OK","libfftw3-3.dll.decompiled.part-0003.c"
"7080b7d0","t1fv_16","undefined t1fv_16(void)","OK","libfftw3-3.dll.decompiled.part-0003.c"
"7080be80","fftw_codelet_t1fv_16_avx","undefined fftw_codelet_t1fv_16_avx(void)","OK","libfftw3-3.dll.decompiled.part-0003.c"
"7080bea0","t1fv_32","undefined t1fv_32(void)","OK","libfftw3-3.dll.decompiled.part-0003.c"
"7080cdb0","fftw_codelet_t1fv_32_avx","undefined fftw_codelet_t1fv_32_avx(void)","OK","libfftw3-3.dll.decompiled.part-0003.c"
"7080cdd0","t1fv_64","undefined t1fv_64(void)","OK","libfftw3-3.dll.decompiled.part-0003.c"
"7080efd0","fftw_codelet_t1fv_64_avx","undefined fftw_codelet_t1fv_64_avx(void)","OK","libfftw3-3.dll.decompiled.part-0003.c"
"7080eff0","t1fv_20","undefined t1fv_20(void)","OK","libfftw3-3.dll.decompiled.part-0003.c"
"7080f950","fftw_codelet_t1fv_20_avx","undefined fftw_codelet_t1fv_20_avx(void)","OK","libfftw3-3.dll.decompiled.part-0003.c"
"7080f970","t1fv_25","undefined t1fv_25(void)","OK","libfftw3-3.dll.decompiled.part-0003.c"
"70810be0","fftw_codelet_t1fv_25_avx","undefined fftw_codelet_t1fv_25_avx(void)","OK","libfftw3-3.dll.decompiled.part-0003.c"
"70810c00","t2fv_2","undefined t2fv_2(void)","OK","libfftw3-3.dll.decompiled.part-0003.c"
"70810c80","fftw_codelet_t2fv_2_avx","undefined fftw_codelet_t2fv_2_avx(void)","OK","libfftw3-3.dll.decompiled.part-0003.c"
"70810ca0","t2fv_4","undefined t2fv_4(void)","OK","libfftw3-3.dll.decompiled.part-0003.c"
"70810dd0","fftw_codelet_t2fv_4_avx","undefined fftw_codelet_t2fv_4_avx(void)","OK","libfftw3-3.dll.decompiled.part-0003.c"
"70810df0","t2fv_8","undefined t2fv_8(void)","OK","libfftw3-3.dll.decompiled.part-0003.c"
"70811090","fftw_codelet_t2fv_8_avx","undefined fftw_codelet_t2fv_8_avx(void)","OK","libfftw3-3.dll.decompiled.part-0003.c"
"708110b0","t2fv_16","undefined t2fv_16(void)","OK","libfftw3-3.dll.decompiled.part-0003.c"
"708116a0","fftw_codelet_t2fv_16_avx","undefined fftw_codelet_t2fv_16_avx(void)","OK","libfftw3-3.dll.decompiled.part-0003.c"
"708116c0","t2fv_32","undefined t2fv_32(void)","OK","libfftw3-3.dll.decompiled.part-0003.c"
"70812470","fftw_codelet_t2fv_32_avx","undefined fftw_codelet_t2fv_32_avx(void)","OK","libfftw3-3.dll.decompiled.part-0003.c"
"70812490","t2fv_64","undefined t2fv_64(void)","OK","libfftw3-3.dll.decompiled.part-0003.c"
"708143b0","fftw_codelet_t2fv_64_avx","undefined fftw_codelet_t2fv_64_avx(void)","OK","libfftw3-3.dll.decompiled.part-0003.c"
"708143d0","t2fv_5","undefined t2fv_5(void)","OK","libfftw3-3.dll.decompiled.part-0003.c"
"708145e0","fftw_codelet_t2fv_5_avx","undefined fftw_codelet_t2fv_5_avx(void)","OK","libfftw3-3.dll.decompiled.part-0003.c"
"70814600","t2fv_10","undefined t2fv_10(void)","OK","libfftw3-3.dll.decompiled.part-0003.c"
"708149f0","fftw_codelet_t2fv_10_avx","undefined fftw_codelet_t2fv_10_avx(void)","OK","libfftw3-3.dll.decompiled.part-0003.c"
"70814a10","t2fv_20","undefined t2fv_20(void)","OK","libfftw3-3.dll.decompiled.part-0003.c"
"70815270","fftw_codelet_t2fv_20_avx","undefined fftw_codelet_t2fv_20_avx(void)","OK","libfftw3-3.dll.decompiled.part-0003.c"
"70815290","t2fv_25","undefined t2fv_25(void)","OK","libfftw3-3.dll.decompiled.part-0003.c"
"708163e0","fftw_codelet_t2fv_25_avx","undefined fftw_codelet_t2fv_25_avx(void)","OK","libfftw3-3.dll.decompiled.part-0003.c"
"70816400","t3fv_4","undefined t3fv_4(void)","OK","libfftw3-3.dll.decompiled.part-0003.c"
"70816580","fftw_codelet_t3fv_4_avx","undefined fftw_codelet_t3fv_4_avx(void)","OK","libfftw3-3.dll.decompiled.part-0003.c"
"708165a0","t3fv_8","undefined t3fv_8(void)","OK","libfftw3-3.dll.decompiled.part-0003.c"
"70816900","fftw_codelet_t3fv_8_avx","undefined fftw_codelet_t3fv_8_avx(void)","OK","libfftw3-3.dll.decompiled.part-0003.c"
"70816920","t3fv_16","undefined t3fv_16(void)","OK","libfftw3-3.dll.decompiled.part-0003.c"
"70817060","fftw_codelet_t3fv_16_avx","undefined fftw_codelet_t3fv_16_avx(void)","OK","libfftw3-3.dll.decompiled.part-0003.c"
"70817080","t3fv_32","undefined t3fv_32(void)","OK","libfftw3-3.dll.decompiled.part-0003.c"
"70818210","fftw_codelet_t3fv_32_avx","undefined fftw_codelet_t3fv_32_avx(void)","OK","libfftw3-3.dll.decompiled.part-0003.c"
"70818230","t3fv_5","undefined t3fv_5(void)","OK","libfftw3-3.dll.decompiled.part-0003.c"
"70818490","fftw_codelet_t3fv_5_avx","undefined fftw_codelet_t3fv_5_avx(void)","OK","libfftw3-3.dll.decompiled.part-0003.c"
"708184b0","t3fv_10","undefined t3fv_10(void)","OK","libfftw3-3.dll.decompiled.part-0003.c"
"70818930","fftw_codelet_t3fv_10_avx","undefined fftw_codelet_t3fv_10_avx(void)","OK","libfftw3-3.dll.decompiled.part-0003.c"
"70818950","t3fv_20","undefined t3fv_20(void)","OK","libfftw3-3.dll.decompiled.part-0003.c"
"708193e0","fftw_codelet_t3fv_20_avx","undefined fftw_codelet_t3fv_20_avx(void)","OK","libfftw3-3.dll.decompiled.part-0003.c"
"70819400","t3fv_25","undefined t3fv_25(void)","OK","libfftw3-3.dll.decompiled.part-0003.c"
"7081a890","fftw_codelet_t3fv_25_avx","undefined fftw_codelet_t3fv_25_avx(void)","OK","libfftw3-3.dll.decompiled.part-0003.c"
"7081a8b0","t1buv_2","undefined t1buv_2(void)","OK","libfftw3-3.dll.decompiled.part-0003.c"
"7081a980","fftw_codelet_t1buv_2_avx","undefined fftw_codelet_t1buv_2_avx(void)","OK","libfftw3-3.dll.decompiled.part-0003.c"
"7081a9a0","t1buv_3","undefined t1buv_3(void)","OK","libfftw3-3.dll.decompiled.part-0003.c"
"7081ab20","fftw_codelet_t1buv_3_avx","undefined fftw_codelet_t1buv_3_avx(void)","OK","libfftw3-3.dll.decompiled.part-0003.c"
"7081ab40","t1buv_4","undefined t1buv_4(void)","OK","libfftw3-3.dll.decompiled.part-0003.c"
"7081acf0","fftw_codelet_t1buv_4_avx","undefined fftw_codelet_t1buv_4_avx(void)","OK","libfftw3-3.dll.decompiled.part-0003.c"
"7081ad10","t1buv_5","undefined t1buv_5(void)","OK","libfftw3-3.dll.decompiled.part-0003.c"
"7081afc0","fftw_codelet_t1buv_5_avx","undefined fftw_codelet_t1buv_5_avx(void)","OK","libfftw3-3.dll.decompiled.part-0003.c"
"7081afe0","t1buv_6","undefined t1buv_6(void)","OK","libfftw3-3.dll.decompiled.part-0003.c"
"7081b2c0","fftw_codelet_t1buv_6_avx","undefined fftw_codelet_t1buv_6_avx(void)","OK","libfftw3-3.dll.decompiled.part-0003.c"
"7081b2e0","t1buv_7","undefined t1buv_7(void)","OK","libfftw3-3.dll.decompiled.part-0003.c"
"7081b700","fftw_codelet_t1buv_7_avx","undefined fftw_codelet_t1buv_7_avx(void)","OK","libfftw3-3.dll.decompiled.part-0003.c"
"7081b720","t1buv_8","undefined t1buv_8(void)","OK","libfftw3-3.dll.decompiled.part-0003.c"
"7081bac0","fftw_codelet_t1buv_8_avx","undefined fftw_codelet_t1buv_8_avx(void)","OK","libfftw3-3.dll.decompiled.part-0003.c"
"7081bae0","t1buv_9","undefined t1buv_9(void)","OK","libfftw3-3.dll.decompiled.part-0003.c"
"7081c020","fftw_codelet_t1buv_9_avx","undefined fftw_codelet_t1buv_9_avx(void)","OK","libfftw3-3.dll.decompiled.part-0003.c"
"7081c040","t1buv_10","undefined t1buv_10(void)","OK","libfftw3-3.dll.decompiled.part-0003.c"
"7081c560","fftw_codelet_t1buv_10_avx","undefined fftw_codelet_t1buv_10_avx(void)","OK","libfftw3-3.dll.decompiled.part-0003.c"
"7081c580","t1bv_2","undefined t1bv_2(void)","OK","libfftw3-3.dll.decompiled.part-0003.c"
"7081c630","fftw_codelet_t1bv_2_avx","undefined fftw_codelet_t1bv_2_avx(void)","OK","libfftw3-3.dll.decompiled.part-0003.c"
"7081c650","t1bv_3","undefined t1bv_3(void)","OK","libfftw3-3.dll.decompiled.part-0003.c"
"7081c780","fftw_codelet_t1bv_3_avx","undefined fftw_codelet_t1bv_3_avx(void)","OK","libfftw3-3.dll.decompiled.part-0003.c"
"7081c7a0","t1bv_4","undefined t1bv_4(void)","OK","libfftw3-3.dll.decompiled.part-0003.c"
"7081c8f0","fftw_codelet_t1bv_4_avx","undefined fftw_codelet_t1bv_4_avx(void)","OK","libfftw3-3.dll.decompiled.part-0003.c"
"7081c910","t1bv_5","undefined t1bv_5(void)","OK","libfftw3-3.dll.decompiled.part-0003.c"
"7081cb50","fftw_codelet_t1bv_5_avx","undefined fftw_codelet_t1bv_5_avx(void)","OK","libfftw3-3.dll.decompiled.part-0003.c"
"7081cb70","t1bv_6","undefined t1bv_6(void)","OK","libfftw3-3.dll.decompiled.part-0003.c"
"7081cdd0","fftw_codelet_t1bv_6_avx","undefined fftw_codelet_t1bv_6_avx(void)","OK","libfftw3-3.dll.decompiled.part-0003.c"
"7081cdf0","t1bv_7","undefined t1bv_7(void)","OK","libfftw3-3.dll.decompiled.part-0003.c"
"7081d170","fftw_codelet_t1bv_7_avx","undefined fftw_codelet_t1bv_7_avx(void)","OK","libfftw3-3.dll.decompiled.part-0003.c"
"7081d190","t1bv_8","undefined t1bv_8(void)","OK","libfftw3-3.dll.decompiled.part-0003.c"
"7081d480","fftw_codelet_t1bv_8_avx","undefined fftw_codelet_t1bv_8_avx(void)","OK","libfftw3-3.dll.decompiled.part-0003.c"
"7081d4a0","t1bv_9","undefined t1bv_9(void)","OK","libfftw3-3.dll.decompiled.part-0003.c"
"7081d910","fftw_codelet_t1bv_9_avx","undefined fftw_codelet_t1bv_9_avx(void)","OK","libfftw3-3.dll.decompiled.part-0003.c"
"7081d930","t1bv_10","undefined t1bv_10(void)","OK","libfftw3-3.dll.decompiled.part-0003.c"
"7081dd90","fftw_codelet_t1bv_10_avx","undefined fftw_codelet_t1bv_10_avx(void)","OK","libfftw3-3.dll.decompiled.part-0003.c"
"7081ddb0","t1bv_12","undefined t1bv_12(void)","OK","libfftw3-3.dll.decompiled.part-0003.c"
"7081e2e0","fftw_codelet_t1bv_12_avx","undefined fftw_codelet_t1bv_12_avx(void)","OK","libfftw3-3.dll.decompiled.part-0003.c"
"7081e300","t1bv_15","undefined t1bv_15(void)","OK","libfftw3-3.dll.decompiled.part-0003.c"
"7081ea10","fftw_codelet_t1bv_15_avx","undefined fftw_codelet_t1bv_15_avx(void)","OK","libfftw3-3.dll.decompiled.part-0003.c"
"7081ea30","t1bv_16","undefined t1bv_16(void)","OK","libfftw3-3.dll.decompiled.part-0003.c"
"7081f0d0","fftw_codelet_t1bv_16_avx","undefined fftw_codelet_t1bv_16_avx(void)","OK","libfftw3-3.dll.decompiled.part-0003.c"
"7081f0f0","t1bv_32","undefined t1bv_32(void)","OK","libfftw3-3.dll.decompiled.part-0003.c"
"7081fff0","fftw_codelet_t1bv_32_avx","undefined fftw_codelet_t1bv_32_avx(void)","OK","libfftw3-3.dll.decompiled.part-0003.c"
"70820010","t1bv_64","undefined t1bv_64(void)","OK","libfftw3-3.dll.decompiled.part-0003.c"
"70822200","fftw_codelet_t1bv_64_avx","undefined fftw_codelet_t1bv_64_avx(void)","OK","libfftw3-3.dll.decompiled.part-0003.c"
"70822220","t1bv_20","undefined t1bv_20(void)","OK","libfftw3-3.dll.decompiled.part-0003.c"
"70822b90","fftw_codelet_t1bv_20_avx","undefined fftw_codelet_t1bv_20_avx(void)","OK","libfftw3-3.dll.decompiled.part-0003.c"
"70822bb0","t1bv_25","undefined t1bv_25(void)","OK","libfftw3-3.dll.decompiled.part-0003.c"
"70823e30","fftw_codelet_t1bv_25_avx","undefined fftw_codelet_t1bv_25_avx(void)","OK","libfftw3-3.dll.decompiled.part-0003.c"
"70823e50","t2bv_2","undefined t2bv_2(void)","OK","libfftw3-3.dll.decompiled.part-0003.c"
"70823ed0","fftw_codelet_t2bv_2_avx","undefined fftw_codelet_t2bv_2_avx(void)","OK","libfftw3-3.dll.decompiled.part-0003.c"
"70823ef0","t2bv_4","undefined t2bv_4(void)","OK","libfftw3-3.dll.decompiled.part-0003.c"
"70824020","fftw_codelet_t2bv_4_avx","undefined fftw_codelet_t2bv_4_avx(void)","OK","libfftw3-3.dll.decompiled.part-0003.c"
"70824040","t2bv_8","undefined t2bv_8(void)","OK","libfftw3-3.dll.decompiled.part-0003.c"
"708242e0","fftw_codelet_t2bv_8_avx","undefined fftw_codelet_t2bv_8_avx(void)","OK","libfftw3-3.dll.decompiled.part-0003.c"
"70824300","t2bv_16","undefined t2bv_16(void)","OK","libfftw3-3.dll.decompiled.part-0003.c"
"708248f0","fftw_codelet_t2bv_16_avx","undefined fftw_codelet_t2bv_16_avx(void)","OK","libfftw3-3.dll.decompiled.part-0003.c"
"70824910","t2bv_32","undefined t2bv_32(void)","OK","libfftw3-3.dll.decompiled.part-0003.c"
"708256c0","fftw_codelet_t2bv_32_avx","undefined fftw_codelet_t2bv_32_avx(void)","OK","libfftw3-3.dll.decompiled.part-0003.c"
"708256e0","t2bv_64","undefined t2bv_64(void)","OK","libfftw3-3.dll.decompiled.part-0003.c"
"708275f0","fftw_codelet_t2bv_64_avx","undefined fftw_codelet_t2bv_64_avx(void)","OK","libfftw3-3.dll.decompiled.part-0003.c"
"70827610","t2bv_5","undefined t2bv_5(void)","OK","libfftw3-3.dll.decompiled.part-0003.c"
"70827830","fftw_codelet_t2bv_5_avx","undefined fftw_codelet_t2bv_5_avx(void)","OK","libfftw3-3.dll.decompiled.part-0003.c"
"70827850","t2bv_10","undefined t2bv_10(void)","OK","libfftw3-3.dll.decompiled.part-0003.c"
"70827c40","fftw_codelet_t2bv_10_avx","undefined fftw_codelet_t2bv_10_avx(void)","OK","libfftw3-3.dll.decompiled.part-0003.c"
"70827c60","t2bv_20","undefined t2bv_20(void)","OK","libfftw3-3.dll.decompiled.part-0003.c"
"708284e0","fftw_codelet_t2bv_20_avx","undefined fftw_codelet_t2bv_20_avx(void)","OK","libfftw3-3.dll.decompiled.part-0003.c"
"70828500","t2bv_25","undefined t2bv_25(void)","OK","libfftw3-3.dll.decompiled.part-0003.c"
"70829650","fftw_codelet_t2bv_25_avx","undefined fftw_codelet_t2bv_25_avx(void)","OK","libfftw3-3.dll.decompiled.part-0003.c"
"70829670","t3bv_4","undefined t3bv_4(void)","OK","libfftw3-3.dll.decompiled.part-0003.c"
"708297f0","fftw_codelet_t3bv_4_avx","undefined fftw_codelet_t3bv_4_avx(void)","OK","libfftw3-3.dll.decompiled.part-0003.c"
"70829810","t3bv_8","undefined t3bv_8(void)","OK","libfftw3-3.dll.decompiled.part-0003.c"
"70829b50","fftw_codelet_t3bv_8_avx","undefined fftw_codelet_t3bv_8_avx(void)","OK","libfftw3-3.dll.decompiled.part-0003.c"
"70829b70","t3bv_16","undefined t3bv_16(void)","OK","libfftw3-3.dll.decompiled.part-0003.c"
"7082a2b0","fftw_codelet_t3bv_16_avx","undefined fftw_codelet_t3bv_16_avx(void)","OK","libfftw3-3.dll.decompiled.part-0003.c"
"7082a2d0","t3bv_32","undefined t3bv_32(void)","OK","libfftw3-3.dll.decompiled.part-0003.c"
"7082b490","fftw_codelet_t3bv_32_avx","undefined fftw_codelet_t3bv_32_avx(void)","OK","libfftw3-3.dll.decompiled.part-0003.c"
"7082b4b0","t3bv_5","undefined t3bv_5(void)","OK","libfftw3-3.dll.decompiled.part-0003.c"
"7082b710","fftw_codelet_t3bv_5_avx","undefined fftw_codelet_t3bv_5_avx(void)","OK","libfftw3-3.dll.decompiled.part-0003.c"
"7082b730","t3bv_10","undefined t3bv_10(void)","OK","libfftw3-3.dll.decompiled.part-0003.c"
"7082bba0","fftw_codelet_t3bv_10_avx","undefined fftw_codelet_t3bv_10_avx(void)","OK","libfftw3-3.dll.decompiled.part-0003.c"
"7082bbc0","t3bv_20","undefined t3bv_20(void)","OK","libfftw3-3.dll.decompiled.part-0003.c"
"7082c610","fftw_codelet_t3bv_20_avx","undefined fftw_codelet_t3bv_20_avx(void)","OK","libfftw3-3.dll.decompiled.part-0003.c"
"7082c630","t3bv_25","undefined t3bv_25(void)","OK","libfftw3-3.dll.decompiled.part-0003.c"
"7082dad0","fftw_codelet_t3bv_25_avx","undefined fftw_codelet_t3bv_25_avx(void)","OK","libfftw3-3.dll.decompiled.part-0003.c"
"7082daf0","t1sv_2","undefined t1sv_2(void)","OK","libfftw3-3.dll.decompiled.part-0003.c"
"7082dbd0","fftw_codelet_t1sv_2_avx","undefined fftw_codelet_t1sv_2_avx(void)","OK","libfftw3-3.dll.decompiled.part-0003.c"
"7082dbf0","t1sv_4","undefined t1sv_4(void)","OK","libfftw3-3.dll.decompiled.part-0003.c"
"7082dde0","fftw_codelet_t1sv_4_avx","undefined fftw_codelet_t1sv_4_avx(void)","OK","libfftw3-3.dll.decompiled.part-0003.c"
"7082de00","t1sv_8","undefined t1sv_8(void)","OK","libfftw3-3.dll.decompiled.part-0003.c"
"7082e290","fftw_codelet_t1sv_8_avx","undefined fftw_codelet_t1sv_8_avx(void)","OK","libfftw3-3.dll.decompiled.part-0003.c"
"7082e2b0","t1sv_16","undefined t1sv_16(void)","OK","libfftw3-3.dll.decompiled.part-0003.c"
"7082ed90","fftw_codelet_t1sv_16_avx","undefined fftw_codelet_t1sv_16_avx(void)","OK","libfftw3-3.dll.decompiled.part-0003.c"
"7082edb0","t1sv_32","undefined t1sv_32(void)","OK","libfftw3-3.dll.decompiled.part-0004.c"
"708306f0","fftw_codelet_t1sv_32_avx","undefined fftw_codelet_t1sv_32_avx(void)","OK","libfftw3-3.dll.decompiled.part-0004.c"
"70830710","t2sv_4","undefined t2sv_4(void)","OK","libfftw3-3.dll.decompiled.part-0004.c"
"70830910","fftw_codelet_t2sv_4_avx","undefined fftw_codelet_t2sv_4_avx(void)","OK","libfftw3-3.dll.decompiled.part-0004.c"
"70830930","t2sv_8","undefined t2sv_8(void)","OK","libfftw3-3.dll.decompiled.part-0004.c"
"70830dd0","fftw_codelet_t2sv_8_avx","undefined fftw_codelet_t2sv_8_avx(void)","OK","libfftw3-3.dll.decompiled.part-0004.c"
"70830df0","t2sv_16","undefined t2sv_16(void)","OK","libfftw3-3.dll.decompiled.part-0004.c"
"70831a10","fftw_codelet_t2sv_16_avx","undefined fftw_codelet_t2sv_16_avx(void)","OK","libfftw3-3.dll.decompiled.part-0004.c"
"70831a30","t2sv_32","undefined t2sv_32(void)","OK","libfftw3-3.dll.decompiled.part-0004.c"
"708337e0","fftw_codelet_t2sv_32_avx","undefined fftw_codelet_t2sv_32_avx(void)","OK","libfftw3-3.dll.decompiled.part-0004.c"
"70833800","q1fv_2","undefined q1fv_2(void)","OK","libfftw3-3.dll.decompiled.part-0004.c"
"708339a0","fftw_codelet_q1fv_2_avx","undefined fftw_codelet_q1fv_2_avx(void)","OK","libfftw3-3.dll.decompiled.part-0004.c"
"708339c0","q1fv_4","undefined q1fv_4(void)","OK","libfftw3-3.dll.decompiled.part-0004.c"
"70834040","fftw_codelet_q1fv_4_avx","undefined fftw_codelet_q1fv_4_avx(void)","OK","libfftw3-3.dll.decompiled.part-0004.c"
"70834060","q1fv_5","undefined q1fv_5(void)","OK","libfftw3-3.dll.decompiled.part-0004.c"
"70834c60","fftw_codelet_q1fv_5_avx","undefined fftw_codelet_q1fv_5_avx(void)","OK","libfftw3-3.dll.decompiled.part-0004.c"
"70834c80","q1fv_8","undefined q1fv_8(void)","OK","libfftw3-3.dll.decompiled.part-0004.c"
"70836970","fftw_codelet_q1fv_8_avx","undefined fftw_codelet_q1fv_8_avx(void)","OK","libfftw3-3.dll.decompiled.part-0004.c"
"70836990","q1bv_2","undefined q1bv_2(void)","OK","libfftw3-3.dll.decompiled.part-0004.c"
"70836b30","fftw_codelet_q1bv_2_avx","undefined fftw_codelet_q1bv_2_avx(void)","OK","libfftw3-3.dll.decompiled.part-0004.c"
"70836b50","q1bv_4","undefined q1bv_4(void)","OK","libfftw3-3.dll.decompiled.part-0004.c"
"708371d0","fftw_codelet_q1bv_4_avx","undefined fftw_codelet_q1bv_4_avx(void)","OK","libfftw3-3.dll.decompiled.part-0004.c"
"708371f0","q1bv_5","undefined q1bv_5(void)","OK","libfftw3-3.dll.decompiled.part-0004.c"
"70837dd0","fftw_codelet_q1bv_5_avx","undefined fftw_codelet_q1bv_5_avx(void)","OK","libfftw3-3.dll.decompiled.part-0004.c"
"70837df0","q1bv_8","undefined q1bv_8(void)","OK","libfftw3-3.dll.decompiled.part-0004.c"
"70839b30","fftw_codelet_q1bv_8_avx","undefined fftw_codelet_q1bv_8_avx(void)","OK","libfftw3-3.dll.decompiled.part-0004.c"
"70839b50","n1b_okp","undefined n1b_okp(void)","OK","libfftw3-3.dll.decompiled.part-0004.c"
"70839c00","n1f_okp","undefined n1f_okp(void)","OK","libfftw3-3.dll.decompiled.part-0004.c"
"70839cb0","n2b_okp","undefined n2b_okp(void)","OK","libfftw3-3.dll.decompiled.part-0004.c"
"70839d70","n2f_okp","undefined n2f_okp(void)","OK","libfftw3-3.dll.decompiled.part-0004.c"
"70839e30","n2s_okp","undefined n2s_okp(void)","OK","libfftw3-3.dll.decompiled.part-0004.c"
"70839ee0","q1b_okp","undefined q1b_okp(void)","OK","libfftw3-3.dll.decompiled.part-0004.c"
"70839f70","q1f_okp","undefined q1f_okp(void)","OK","libfftw3-3.dll.decompiled.part-0004.c"
"7083a000","ts_okp","undefined ts_okp(void)","OK","libfftw3-3.dll.decompiled.part-0004.c"
"7083a080","t_okp_t1f","undefined t_okp_t1f(void)","OK","libfftw3-3.dll.decompiled.part-0004.c"
"7083a110","t_okp_t1bu","undefined t_okp_t1bu(void)","OK","libfftw3-3.dll.decompiled.part-0004.c"
"7083a190","t_okp_t1fu","undefined t_okp_t1fu(void)","OK","libfftw3-3.dll.decompiled.part-0004.c"
"7083a210","t_okp_t2f","undefined t_okp_t2f(void)","OK","libfftw3-3.dll.decompiled.part-0004.c"
"7083a2b0","t_okp_t2b","undefined t_okp_t2b(void)","OK","libfftw3-3.dll.decompiled.part-0004.c"
"7083a350","t_okp_t1b","undefined t_okp_t1b(void)","OK","libfftw3-3.dll.decompiled.part-0004.c"
"7083a3e0",".text","undefined .text(void)","OK","libfftw3-3.dll.decompiled.part-0004.c"
"7083a4e0","fftw_codelet_hc2cfdftv_2_avx","undefined fftw_codelet_hc2cfdftv_2_avx(void)","OK","libfftw3-3.dll.decompiled.part-0004.c"
"7083a500","hc2cfdftv_4","undefined hc2cfdftv_4(void)","OK","libfftw3-3.dll.decompiled.part-0004.c"
"7083a720","fftw_codelet_hc2cfdftv_4_avx","undefined fftw_codelet_hc2cfdftv_4_avx(void)","OK","libfftw3-3.dll.decompiled.part-0004.c"
"7083a740","hc2cfdftv_6","undefined hc2cfdftv_6(void)","OK","libfftw3-3.dll.decompiled.part-0004.c"
"7083aad0","fftw_codelet_hc2cfdftv_6_avx","undefined fftw_codelet_hc2cfdftv_6_avx(void)","OK","libfftw3-3.dll.decompiled.part-0004.c"
"7083aaf0","hc2cfdftv_8","undefined hc2cfdftv_8(void)","OK","libfftw3-3.dll.decompiled.part-0004.c"
"7083af50","fftw_codelet_hc2cfdftv_8_avx","undefined fftw_codelet_hc2cfdftv_8_avx(void)","OK","libfftw3-3.dll.decompiled.part-0004.c"
"7083af70","hc2cfdftv_10","undefined hc2cfdftv_10(void)","OK","libfftw3-3.dll.decompiled.part-0004.c"
"7083b590","fftw_codelet_hc2cfdftv_10_avx","undefined fftw_codelet_hc2cfdftv_10_avx(void)","OK","libfftw3-3.dll.decompiled.part-0004.c"
"7083b5b0","hc2cfdftv_12","undefined hc2cfdftv_12(void)","OK","libfftw3-3.dll.decompiled.part-0004.c"
"7083bce0","fftw_codelet_hc2cfdftv_12_avx","undefined fftw_codelet_hc2cfdftv_12_avx(void)","OK","libfftw3-3.dll.decompiled.part-0004.c"
"7083bd00","hc2cfdftv_16","undefined hc2cfdftv_16(void)","OK","libfftw3-3.dll.decompiled.part-0004.c"
"7083c620","fftw_codelet_hc2cfdftv_16_avx","undefined fftw_codelet_hc2cfdftv_16_avx(void)","OK","libfftw3-3.dll.decompiled.part-0004.c"
"7083c640","hc2cfdftv_32","undefined hc2cfdftv_32(void)","OK","libfftw3-3.dll.decompiled.part-0004.c"
"7083daa0","fftw_codelet_hc2cfdftv_32_avx","undefined fftw_codelet_hc2cfdftv_32_avx(void)","OK","libfftw3-3.dll.decompiled.part-0004.c"
"7083dac0","hc2cfdftv_20","undefined hc2cfdftv_20(void)","OK","libfftw3-3.dll.decompiled.part-0004.c"
"7083e780","fftw_codelet_hc2cfdftv_20_avx","undefined fftw_codelet_hc2cfdftv_20_avx(void)","OK","libfftw3-3.dll.decompiled.part-0004.c"
"7083e7a0","hc2cbdftv_2","undefined hc2cbdftv_2(void)","OK","libfftw3-3.dll.decompiled.part-0004.c"
"7083e870","fftw_codelet_hc2cbdftv_2_avx","undefined fftw_codelet_hc2cbdftv_2_avx(void)","OK","libfftw3-3.dll.decompiled.part-0004.c"
"7083e890","hc2cbdftv_4","undefined hc2cbdftv_4(void)","OK","libfftw3-3.dll.decompiled.part-0004.c"
"7083ea90","fftw_codelet_hc2cbdftv_4_avx","undefined fftw_codelet_hc2cbdftv_4_avx(void)","OK","libfftw3-3.dll.decompiled.part-0004.c"
"7083eab0","hc2cbdftv_6","undefined hc2cbdftv_6(void)","OK","libfftw3-3.dll.decompiled.part-0004.c"
"7083ee00","fftw_codelet_hc2cbdftv_6_avx","undefined fftw_codelet_hc2cbdftv_6_avx(void)","OK","libfftw3-3.dll.decompiled.part-0004.c"
"7083ee20","hc2cbdftv_8","undefined hc2cbdftv_8(void)","OK","libfftw3-3.dll.decompiled.part-0004.c"
"7083f270","fftw_codelet_hc2cbdftv_8_avx","undefined fftw_codelet_hc2cbdftv_8_avx(void)","OK","libfftw3-3.dll.decompiled.part-0004.c"
"7083f290","hc2cbdftv_10","undefined hc2cbdftv_10(void)","OK","libfftw3-3.dll.decompiled.part-0004.c"
"7083f860","fftw_codelet_hc2cbdftv_10_avx","undefined fftw_codelet_hc2cbdftv_10_avx(void)","OK","libfftw3-3.dll.decompiled.part-0004.c"
"7083f880","hc2cbdftv_12","undefined hc2cbdftv_12(void)","OK","libfftw3-3.dll.decompiled.part-0004.c"
"7083ff40","fftw_codelet_hc2cbdftv_12_avx","undefined fftw_codelet_hc2cbdftv_12_avx(void)","OK","libfftw3-3.dll.decompiled.part-0004.c"
"7083ff60","hc2cbdftv_16","undefined hc2cbdftv_16(void)","OK","libfftw3-3.dll.decompiled.part-0004.c"
"708408b0","fftw_codelet_hc2cbdftv_16_avx","undefined fftw_codelet_hc2cbdftv_16_avx(void)","OK","libfftw3-3.dll.decompiled.part-0004.c"
"708408d0","hc2cbdftv_32","undefined hc2cbdftv_32(void)","OK","libfftw3-3.dll.decompiled.part-0004.c"
"70841db0","fftw_codelet_hc2cbdftv_32_avx","undefined fftw_codelet_hc2cbdftv_32_avx(void)","OK","libfftw3-3.dll.decompiled.part-0004.c"
"70841dd0","hc2cbdftv_20","undefined hc2cbdftv_20(void)","OK","libfftw3-3.dll.decompiled.part-0004.c"
"70842ac0","fftw_codelet_hc2cbdftv_20_avx","undefined fftw_codelet_hc2cbdftv_20_avx(void)","OK","libfftw3-3.dll.decompiled.part-0004.c"
"70842ae0","hc2cbv_okp","undefined hc2cbv_okp(void)","OK","libfftw3-3.dll.decompiled.part-0004.c"
"70842b50","hc2cfv_okp","undefined hc2cfv_okp(void)","OK","libfftw3-3.dll.decompiled.part-0004.c"
"70842bc0","fftw_init_threads","undefined fftw_init_threads(void)","OK","libfftw3-3.dll.decompiled.part-0004.c"
"70842c30","fftw_cleanup_threads","undefined fftw_cleanup_threads(void)","OK","libfftw3-3.dll.decompiled.part-0004.c"
"70842c80","fftw_plan_with_nthreads","undefined fftw_plan_with_nthreads(void)","OK","libfftw3-3.dll.decompiled.part-0004.c"
"70842d10","fftw_make_planner_thread_safe","undefined fftw_make_planner_thread_safe(void)","OK","libfftw3-3.dll.decompiled.part-0004.c"
"70842d20","fftw_threads_conf_standard","undefined fftw_threads_conf_standard(void)","OK","libfftw3-3.dll.decompiled.part-0004.c"
"70842d30","lock_planner_mutex","undefined lock_planner_mutex(void)","OK","libfftw3-3.dll.decompiled.part-0004.c"
"70842d50","unlock_planner_mutex","undefined unlock_planner_mutex(void)","OK","libfftw3-3.dll.decompiled.part-0004.c"
"70842d60","worker","undefined worker(void)","OK","libfftw3-3.dll.decompiled.part-0004.c"
"70842dd0","fftw_ithreads_init","undefined fftw_ithreads_init(void)","OK","libfftw3-3.dll.decompiled.part-0004.c"
"70842e60","fftw_spawn_loop","undefined fftw_spawn_loop(void)","OK","libfftw3-3.dll.decompiled.part-0004.c"
"70843090","fftw_threads_cleanup","undefined fftw_threads_cleanup(void)","OK","libfftw3-3.dll.decompiled.part-0004.c"
"70843160","fftw_threads_register_planner_hooks","undefined fftw_threads_register_planner_hooks(void)","OK","libfftw3-3.dll.decompiled.part-0004.c"
"708431e0","spawn_apply","undefined spawn_apply(void)","OK","libfftw3-3.dll.decompiled.part-0004.c"
"70843240","print","undefined print(void)","OK","libfftw3-3.dll.decompiled.part-0004.c"
"708432e0","destroy","undefined destroy(void)","OK","libfftw3-3.dll.decompiled.part-0004.c"
"70843320","apply","undefined apply(void)","OK","libfftw3-3.dll.decompiled.part-0004.c"
"70843380","awake","undefined awake(void)","OK","libfftw3-3.dll.decompiled.part-0004.c"
"708433c0","mkplan","undefined mkplan(void)","OK","libfftw3-3.dll.decompiled.part-0004.c"
"70843790","fftw_dft_thr_vrank_geq1_register","undefined fftw_dft_thr_vrank_geq1_register(void)","OK","libfftw3-3.dll.decompiled.part-0004.c"
"70843810","spawn_apply","undefined spawn_apply(void)","OK","libfftw3-3.dll.decompiled.part-0004.c"
"70843840","print","undefined print(void)","OK","libfftw3-3.dll.decompiled.part-0004.c"
"708438f0","destroy","undefined destroy(void)","OK","libfftw3-3.dll.decompiled.part-0004.c"
"70843940","apply_dif","undefined apply_dif(void)","OK","libfftw3-3.dll.decompiled.part-0004.c"
"708439b0","apply_dit","undefined apply_dit(void)","OK","libfftw3-3.dll.decompiled.part-0004.c"
"70843a10","awake","undefined awake(void)","OK","libfftw3-3.dll.decompiled.part-0004.c"
"70843a50","mkplan","undefined mkplan(void)","OK","libfftw3-3.dll.decompiled.part-0004.c"
"708440b0","fftw_mksolver_ct_threads","undefined fftw_mksolver_ct_threads(void)","OK","libfftw3-3.dll.decompiled.part-0004.c"
"708440f0","spawn_apply","undefined spawn_apply(void)","OK","libfftw3-3.dll.decompiled.part-0004.c"
"70844130","print","undefined print(void)","OK","libfftw3-3.dll.decompiled.part-0004.c"
"708441d0","destroy","undefined destroy(void)","OK","libfftw3-3.dll.decompiled.part-0004.c"
"70844210","apply","undefined apply(void)","OK","libfftw3-3.dll.decompiled.part-0004.c"
"70844260","awake","undefined awake(void)","OK","libfftw3-3.dll.decompiled.part-0004.c"
"708442a0","mkplan","undefined mkplan(void)","OK","libfftw3-3.dll.decompiled.part-0004.c"
"70844660","fftw_rdft_thr_vrank_geq1_register","undefined fftw_rdft_thr_vrank_geq1_register(void)","OK","libfftw3-3.dll.decompiled.part-0004.c"
"708446e0","spawn_apply","undefined spawn_apply(void)","OK","libfftw3-3.dll.decompiled.part-0004.c"
"70844710","print","undefined print(void)","OK","libfftw3-3.dll.decompiled.part-0004.c"
"708447c0","destroy","undefined destroy(void)","OK","libfftw3-3.dll.decompiled.part-0004.c"
"70844810","apply_dif","undefined apply_dif(void)","OK","libfftw3-3.dll.decompiled.part-0004.c"
"70844860","apply_dit","undefined apply_dit(void)","OK","libfftw3-3.dll.decompiled.part-0004.c"
"708448b0","awake","undefined awake(void)","OK","libfftw3-3.dll.decompiled.part-0004.c"
"708448f0","mkplan","undefined mkplan(void)","OK","libfftw3-3.dll.decompiled.part-0004.c"
"70844e50","fftw_mksolver_hc2hc_threads","undefined fftw_mksolver_hc2hc_threads(void)","OK","libfftw3-3.dll.decompiled.part-0004.c"
"70844e80","spawn_apply","undefined spawn_apply(void)","OK","libfftw3-3.dll.decompiled.part-0004.c"
"70844ee0","print","undefined print(void)","OK","libfftw3-3.dll.decompiled.part-0004.c"
"70844f80","destroy","undefined destroy(void)","OK","libfftw3-3.dll.decompiled.part-0004.c"
"70844fc0","apply","undefined apply(void)","OK","libfftw3-3.dll.decompiled.part-0004.c"
"70845020","awake","undefined awake(void)","OK","libfftw3-3.dll.decompiled.part-0004.c"
"70845060","mkplan","undefined mkplan(void)","OK","libfftw3-3.dll.decompiled.part-0004.c"
"70845440","fftw_rdft2_thr_vrank_geq1_register","undefined fftw_rdft2_thr_vrank_geq1_register(void)","OK","libfftw3-3.dll.decompiled.part-0004.c"
"708454c0","dfftw_plan_with_nthreads__","undefined dfftw_plan_with_nthreads__(void)","OK","libfftw3-3.dll.decompiled.part-0004.c"
"708454d0","dfftw_init_threads__","undefined dfftw_init_threads__(void)","OK","libfftw3-3.dll.decompiled.part-0004.c"
"708454f0","dfftw_cleanup_threads__","undefined dfftw_cleanup_threads__(void)","OK","libfftw3-3.dll.decompiled.part-0004.c"
"70845500","dfftw_plan_with_nthreads_","undefined dfftw_plan_with_nthreads_(void)","OK","libfftw3-3.dll.decompiled.part-0004.c"
"70845510","dfftw_init_threads_","undefined dfftw_init_threads_(void)","OK","libfftw3-3.dll.decompiled.part-0004.c"
"70845530","dfftw_cleanup_threads_","undefined dfftw_cleanup_threads_(void)","OK","libfftw3-3.dll.decompiled.part-0004.c"
"70845540","DFFTW_PLAN_WITH_NTHREADS","undefined DFFTW_PLAN_WITH_NTHREADS(void)","OK","libfftw3-3.dll.decompiled.part-0004.c"
"70845550","DFFTW_INIT_THREADS","undefined DFFTW_INIT_THREADS(void)","OK","libfftw3-3.dll.decompiled.part-0004.c"
"70845570","DFFTW_CLEANUP_THREADS","undefined DFFTW_CLEANUP_THREADS(void)","OK","libfftw3-3.dll.decompiled.part-0004.c"
"70845580","__do_global_dtors","undefined __do_global_dtors(void)","OK","libfftw3-3.dll.decompiled.part-0004.c"
"708455c0","__do_global_ctors","undefined __do_global_ctors(void)","OK","libfftw3-3.dll.decompiled.part-0004.c"
"70845630","__main","undefined __main(void)","OK","libfftw3-3.dll.decompiled.part-0004.c"
"70845650",".text","void __cdecl .text(void)","OK","libfftw3-3.dll.decompiled.part-0004.c"
"70845730","__report_gsfailure","noreturn void __cdecl __report_gsfailure(uintptr_t _StackCookie)","OK","libfftw3-3.dll.decompiled.part-0004.c"
"70845830","tls_callback_1","undefined tls_callback_1(void)","OK","libfftw3-3.dll.decompiled.part-0004.c"
"70845860","tls_callback_0","undefined tls_callback_0(void)","OK","libfftw3-3.dll.decompiled.part-0004.c"
"708458e0","__tlregdtor","undefined __tlregdtor(void)","OK","libfftw3-3.dll.decompiled.part-0004.c"
"708458f0",".text","undefined .text(void)","OK","libfftw3-3.dll.decompiled.part-0004.c"
"70845900","_encode_pointer","undefined _encode_pointer(void)","OK","libfftw3-3.dll.decompiled.part-0004.c"
"70845910","__write_memory.part.0","undefined __write_memory.part.0(void)","OK","libfftw3-3.dll.decompiled.part-0004.c"
"70845ae0","_pei386_runtime_relocator","undefined _pei386_runtime_relocator(void)","OK","libfftw3-3.dll.decompiled.part-0004.c"
"70845da0","__mingw_SEH_error_handler","undefined __mingw_SEH_error_handler(void)","OK","libfftw3-3.dll.decompiled.part-0004.c"
"70845f40","__mingw_init_ehandler","undefined __mingw_init_ehandler(void)","OK","libfftw3-3.dll.decompiled.part-0004.c"
"70846030","_gnu_exception_handler","undefined _gnu_exception_handler(void)","OK","libfftw3-3.dll.decompiled.part-0004.c"
"70846220","__mingwthr_run_key_dtors.part.0","undefined __mingwthr_run_key_dtors.part.0(void)","OK","libfftw3-3.dll.decompiled.part-0004.c"
"70846290","___w64_mingwthr_add_key_dtor","undefined ___w64_mingwthr_add_key_dtor(void)","OK","libfftw3-3.dll.decompiled.part-0004.c"
"70846310","___w64_mingwthr_remove_key_dtor","undefined ___w64_mingwthr_remove_key_dtor(void)","OK","libfftw3-3.dll.decompiled.part-0004.c"
"708463b0","__mingw_TLScallback","undefined __mingw_TLScallback(void)","OK","libfftw3-3.dll.decompiled.part-0004.c"
"70846490",".text","undefined .text(void)","OK","libfftw3-3.dll.decompiled.part-0004.c"
"708464b0","_ValidateImageBase","BOOL __cdecl _ValidateImageBase(PBYTE pImageBase)","OK","libfftw3-3.dll.decompiled.part-0004.c"
"708464d0","_FindPESection","PIMAGE_SECTION_HEADER __cdecl _FindPESection(PBYTE pImageBase, DWORD_PTR rva)","OK","libfftw3-3.dll.decompiled.part-0004.c"
"70846520","_FindPESectionByName","undefined _FindPESectionByName(void)","OK","libfftw3-3.dll.decompiled.part-0004.c"
"708465b0","__mingw_GetSectionForAddress","undefined __mingw_GetSectionForAddress(void)","OK","libfftw3-3.dll.decompiled.part-0004.c"
"70846630","__mingw_GetSectionCount","undefined __mingw_GetSectionCount(void)","OK","libfftw3-3.dll.decompiled.part-0004.c"
"70846670","_FindPESectionExec","undefined _FindPESectionExec(void)","OK","libfftw3-3.dll.decompiled.part-0004.c"
"708466e0","_GetPEImageBase","undefined _GetPEImageBase(void)","OK","libfftw3-3.dll.decompiled.part-0004.c"
"70846720","_IsNonwritableInCurrentImage","BOOL __cdecl _IsNonwritableInCurrentImage(PBYTE pTarget)","OK","libfftw3-3.dll.decompiled.part-0004.c"
"708467c0","__mingw_enum_import_library_names","undefined __mingw_enum_import_library_names(void)","OK","libfftw3-3.dll.decompiled.part-0004.c"
"70846870","_fpreset","void __cdecl _fpreset(void)","OK","libfftw3-3.dll.decompiled.part-0004.c"
"70846880","___chkstk_ms","undefined ___chkstk_ms(void)","OK","libfftw3-3.dll.decompiled.part-0004.c"
"708468c0",".text","undefined .text(void)","OK","libfftw3-3.dll.decompiled.part-0004.c"
"708468d0","DllMain","undefined DllMain(void)","OK","libfftw3-3.dll.decompiled.part-0004.c"
"708468e0","getntptimeofday","undefined getntptimeofday(void)","OK","libfftw3-3.dll.decompiled.part-0004.c"
"70846980","gettimeofday","undefined gettimeofday(void)","OK","libfftw3-3.dll.decompiled.part-0004.c"
"708469d0","mingw_gettimeofday","undefined mingw_gettimeofday(void)","OK","libfftw3-3.dll.decompiled.part-0004.c"
"70846a20","cos","double __cdecl cos(double _X)","OK","libfftw3-3.dll.decompiled.part-0004.c"
"70846b20","__cosl_internal","undefined __cosl_internal(void)","OK","libfftw3-3.dll.decompiled.part-0004.c"
"70846b50","log","double __cdecl log(double _X)","OK","libfftw3-3.dll.decompiled.part-0004.c"
"70846c70","sin","double __cdecl sin(double _X)","OK","libfftw3-3.dll.decompiled.part-0004.c"
"70846d70","__sinl_internal","undefined __sinl_internal(void)","OK","libfftw3-3.dll.decompiled.part-0004.c"
"70846dc0","__logl_internal","undefined __logl_internal(void)","OK","libfftw3-3.dll.decompiled.part-0004.c"
"70846e10","vfprintf","int __cdecl vfprintf(FILE * _File, char * _Format, va_list _ArgList)","OK","libfftw3-3.dll.decompiled.part-0004.c"
"70846e18","strncmp","int __cdecl strncmp(char * _Str1, char * _Str2, size_t _MaxCount)","OK","libfftw3-3.dll.decompiled.part-0004.c"
"70846e20","strlen","size_t __cdecl strlen(char * _Str)","OK","libfftw3-3.dll.decompiled.part-0004.c"
"70846e28","strcmp","int __cdecl strcmp(char * _Str1, char * _Str2)","OK","libfftw3-3.dll.decompiled.part-0004.c"
"70846e30","signal","void signal(int param_1)","OK","libfftw3-3.dll.decompiled.part-0004.c"
"70846e38","qsort","void __cdecl qsort(void * _Base, size_t _NumOfElements, size_t _SizeOfElements, _PtFuncCompare * _PtFuncCompare)","OK","libfftw3-3.dll.decompiled.part-0004.c"
"70846e40","memset","void * __cdecl memset(void * _Dst, int _Val, size_t _Size)","OK","libfftw3-3.dll.decompiled.part-0004.c"
"70846e48","memmove","void * __cdecl memmove(void * _Dst, void * _Src, size_t _Size)","OK","libfftw3-3.dll.decompiled.part-0004.c"
"70846e50","memcpy","void * __cdecl memcpy(void * _Dst, void * _Src, size_t _Size)","OK","libfftw3-3.dll.decompiled.part-0004.c"
"70846e58","malloc","void * __cdecl malloc(size_t _Size)","OK","libfftw3-3.dll.decompiled.part-0004.c"
"70846e60","fwrite","size_t __cdecl fwrite(void * _Str, size_t _Size, size_t _Count, FILE * _File)","OK","libfftw3-3.dll.decompiled.part-0004.c"
"70846e68","free","void __cdecl free(void * _Memory)","OK","libfftw3-3.dll.decompiled.part-0004.c"
"70846e70","fread","size_t __cdecl fread(void * _DstBuf, size_t _ElementSize, size_t _Count, FILE * _File)","OK","libfftw3-3.dll.decompiled.part-0004.c"
"70846e78","fprintf","int __cdecl fprintf(FILE * _File, char * _Format, ...)","OK","libfftw3-3.dll.decompiled.part-0004.c"
"70846e80","fopen","FILE * __cdecl fopen(char * _Filename, char * _Mode)","OK","libfftw3-3.dll.decompiled.part-0004.c"
"70846e88","fflush","int __cdecl fflush(FILE * _File)","OK","libfftw3-3.dll.decompiled.part-0004.c"
"70846e90","ferror","int __cdecl ferror(FILE * _File)","OK","libfftw3-3.dll.decompiled.part-0004.c"
"70846e98","fclose","int __cdecl fclose(FILE * _File)","OK","libfftw3-3.dll.decompiled.part-0004.c"
"70846ea0","calloc","void * __cdecl calloc(size_t _Count, size_t _Size)","OK","libfftw3-3.dll.decompiled.part-0004.c"
"70846ea8","abort","noreturn void __cdecl abort(void)","OK","libfftw3-3.dll.decompiled.part-0004.c"
"70846eb0","_initterm","undefined _initterm(void)","OK","libfftw3-3.dll.decompiled.part-0004.c"
"70846eb8","_errno","int * __cdecl _errno(void)","OK","libfftw3-3.dll.decompiled.part-0004.c"
"70846ec0","_endthreadex","void __cdecl _endthreadex(uint _Retval)","OK","libfftw3-3.dll.decompiled.part-0004.c"
"70846ec8","_beginthreadex","uintptr_t __cdecl _beginthreadex(void * _Security, uint _StackSize, _StartAddress * _StartAddress, void * _ArgList, uint _InitFlag, uint * _ThrdAddr)","OK","libfftw3-3.dll.decompiled.part-0004.c"
"70846ed0","_amsg_exit","void __cdecl _amsg_exit(int param_1)","OK","libfftw3-3.dll.decompiled.part-0004.c"
"70846ee0","_initialize_onexit_table","undefined _initialize_onexit_table(void)","OK","libfftw3-3.dll.decompiled.part-0004.c"
"70846f10","_register_onexit_function","undefined _register_onexit_function(void)","OK","libfftw3-3.dll.decompiled.part-0004.c"
"70846fe0","_execute_onexit_table","undefined _execute_onexit_table(void)","OK","libfftw3-3.dll.decompiled.part-0004.c"
"70847050","__acrt_iob_func","undefined __acrt_iob_func(void)","OK","libfftw3-3.dll.decompiled.part-0004.c"
"70847070","realloc","void * __cdecl realloc(void * _Memory, size_t _NewSize)","OK","libfftw3-3.dll.decompiled.part-0004.c"
"70847078","_unlock","void __cdecl _unlock(int _File)","OK","libfftw3-3.dll.decompiled.part-0004.c"
"70847080","_lock","void __cdecl _lock(int _File)","OK","libfftw3-3.dll.decompiled.part-0004.c"
"70847088","__iob_func","FILE * __cdecl __iob_func(void)","OK","libfftw3-3.dll.decompiled.part-0004.c"
"70847090","WaitForSingleObject","DWORD __stdcall WaitForSingleObject(HANDLE hHandle, DWORD dwMilliseconds)","OK","libfftw3-3.dll.decompiled.part-0004.c"
"70847098","VirtualQuery","SIZE_T __stdcall VirtualQuery(LPCVOID lpAddress, PMEMORY_BASIC_INFORMATION lpBuffer, SIZE_T dwLength)","OK","libfftw3-3.dll.decompiled.part-0004.c"
"708470a0","VirtualProtect","BOOL __stdcall VirtualProtect(LPVOID lpAddress, SIZE_T dwSize, DWORD flNewProtect, PDWORD lpflOldProtect)","OK","libfftw3-3.dll.decompiled.part-0004.c"
"708470a8","UnhandledExceptionFilter","LONG __stdcall UnhandledExceptionFilter(_EXCEPTION_POINTERS * ExceptionInfo)","OK","libfftw3-3.dll.decompiled.part-0004.c"
"708470b0","TlsGetValue","LPVOID __stdcall TlsGetValue(DWORD dwTlsIndex)","OK","libfftw3-3.dll.decompiled.part-0004.c"
"708470b8","TerminateProcess","BOOL __stdcall TerminateProcess(HANDLE hProcess, UINT uExitCode)","OK","libfftw3-3.dll.decompiled.part-0004.c"
"708470c0","Sleep","void __stdcall Sleep(DWORD dwMilliseconds)","OK","libfftw3-3.dll.decompiled.part-0004.c"
"708470c8","SetUnhandledExceptionFilter","LPTOP_LEVEL_EXCEPTION_FILTER __stdcall SetUnhandledExceptionFilter(LPTOP_LEVEL_EXCEPTION_FILTER lpTopLevelExceptionFilter)","OK","libfftw3-3.dll.decompiled.part-0004.c"
"708470d0","RtlVirtualUnwind","PEXCEPTION_ROUTINE __stdcall RtlVirtualUnwind(DWORD HandlerType, DWORD64 ImageBase, DWORD64 ControlPc, PRUNTIME_FUNCTION FunctionEntry, PCONTEXT ContextRecord, PVOID * HandlerData, PDWORD64 EstablisherFrame, PKNONVOLATILE_CONTEXT_POINTERS ContextPointers)","OK","libfftw3-3.dll.decompiled.part-0004.c"
"708470d8","RtlLookupFunctionEntry","PRUNTIME_FUNCTION __stdcall RtlLookupFunctionEntry(DWORD64 ControlPc, PDWORD64 ImageBase, PUNWIND_HISTORY_TABLE HistoryTable)","OK","libfftw3-3.dll.decompiled.part-0004.c"
"708470e8","RtlAddFunctionTable","BOOLEAN __cdecl RtlAddFunctionTable(PRUNTIME_FUNCTION FunctionTable, DWORD EntryCount, DWORD64 BaseAddress)","OK","libfftw3-3.dll.decompiled.part-0004.c"
"708470f0","ReleaseSemaphore","BOOL __stdcall ReleaseSemaphore(HANDLE hSemaphore, LONG lReleaseCount, LPLONG lpPreviousCount)","OK","libfftw3-3.dll.decompiled.part-0004.c"
"708470f8","ReleaseMutex","BOOL __stdcall ReleaseMutex(HANDLE hMutex)","OK","libfftw3-3.dll.decompiled.part-0004.c"
"70847100","QueryPerformanceCounter","BOOL __stdcall QueryPerformanceCounter(LARGE_INTEGER * lpPerformanceCount)","OK","libfftw3-3.dll.decompiled.part-0004.c"
"70847108","LeaveCriticalSection","void __stdcall LeaveCriticalSection(LPCRITICAL_SECTION lpCriticalSection)","OK","libfftw3-3.dll.decompiled.part-0004.c"
"70847110","InitializeCriticalSection","void __stdcall InitializeCriticalSection(LPCRITICAL_SECTION lpCriticalSection)","OK","libfftw3-3.dll.decompiled.part-0004.c"
"70847118","GetTimeZoneInformation","DWORD __stdcall GetTimeZoneInformation(LPTIME_ZONE_INFORMATION lpTimeZoneInformation)","OK","libfftw3-3.dll.decompiled.part-0004.c"
"70847120","GetTickCount","DWORD __stdcall GetTickCount(void)","OK","libfftw3-3.dll.decompiled.part-0004.c"
"70847128","GetSystemTimeAsFileTime","void __stdcall GetSystemTimeAsFileTime(LPFILETIME lpSystemTimeAsFileTime)","OK","libfftw3-3.dll.decompiled.part-0004.c"
"70847130","GetLastError","DWORD __stdcall GetLastError(void)","OK","libfftw3-3.dll.decompiled.part-0004.c"
"70847138","GetCurrentThreadId","DWORD __stdcall GetCurrentThreadId(void)","OK","libfftw3-3.dll.decompiled.part-0004.c"
"70847140","GetCurrentProcessId","DWORD __stdcall GetCurrentProcessId(void)","OK","libfftw3-3.dll.decompiled.part-0004.c"
"70847148","GetCurrentProcess","HANDLE __stdcall GetCurrentProcess(void)","OK","libfftw3-3.dll.decompiled.part-0004.c"
"70847150","EnterCriticalSection","void __stdcall EnterCriticalSection(LPCRITICAL_SECTION lpCriticalSection)","OK","libfftw3-3.dll.decompiled.part-0004.c"
"70847158","DeleteCriticalSection","void __stdcall DeleteCriticalSection(LPCRITICAL_SECTION lpCriticalSection)","OK","libfftw3-3.dll.decompiled.part-0004.c"
"70847160","CreateSemaphoreA","HANDLE __stdcall CreateSemaphoreA(LPSECURITY_ATTRIBUTES lpSemaphoreAttributes, LONG lInitialCount, LONG lMaximumCount, LPCSTR lpName)","OK","libfftw3-3.dll.decompiled.part-0004.c"
"70847168","CreateMutexA","HANDLE __stdcall CreateMutexA(LPSECURITY_ATTRIBUTES lpMutexAttributes, BOOL bInitialOwner, LPCSTR lpName)","OK","libfftw3-3.dll.decompiled.part-0004.c"
"70847170","CloseHandle","BOOL __stdcall CloseHandle(HANDLE hObject)","OK","libfftw3-3.dll.decompiled.part-0004.c"
"70847180",".text","undefined .text(void)","OK","libfftw3-3.dll.decompiled.part-0004.c"
"708471d0","__mingw_setusermatherr","undefined __mingw_setusermatherr(void)","OK","libfftw3-3.dll.decompiled.part-0004.c"
"708471e0","_matherr","int __cdecl _matherr(_exception * _Except)","OK","libfftw3-3.dll.decompiled.part-0004.c"
"708472e0","__setusermatherr","undefined __setusermatherr(void)","OK","libfftw3-3.dll.decompiled.part-0004.c"
"708472f0","__report_error","noreturn undefined __report_error(void)","OK","libfftw3-3.dll.decompiled.part-0004.c"
"70847360","register_frame_ctor","undefined register_frame_ctor(void)","OK","libfftw3-3.dll.decompiled.part-0004.c"
